  0
SECTION
  2
HEADER
  9
$ACADVER
  1
AC1015
  9
$ACADMAINTVER
 70
    20
  9
$DWGCODEPAGE
  3
ANSI_936
  9
$INSBASE
 10
0.0
 20
0.0
 30
0.0
  9
$EXTMIN
 10
-5.727943106423782
 20
-244.7585653087508
 30
0.0
  9
$EXTMAX
 10
1734.991087253542
 20
1135.991211183612
 30
0.0
  9
$LIMMIN
 10
0.0
 20
0.0
  9
$LIMMAX
 10
12.0
 20
9.0
  9
$ORTHOMODE
 70
     0
  9
$REGENMODE
 70
     1
  9
$FILLMODE
 70
     1
  9
$QTEXTMODE
 70
     0
  9
$MIRRTEXT
 70
     0
  9
$LTSCALE
 40
1.0
  9
$ATTMODE
 70
     1
  9
$TEXTSIZE
 40
0.2
  9
$TRACEWID
 40
0.05
  9
$TEXTSTYLE
  7
STANDARD
  9
$CLAYER
  8
0
  9
$CELTYPE
  6
ByLayer
  9
$CECOLOR
 62
   256
  9
$CELTSCALE
 40
1.0
  9
$DISPSILH
 70
     0
  9
$DIMSCALE
 40
1.0
  9
$DIMASZ
 40
0.18
  9
$DIMEXO
 40
0.0625
  9
$DIMDLI
 40
0.38
  9
$DIMRND
 40
0.0
  9
$DIMDLE
 40
0.0
  9
$DIMEXE
 40
0.18
  9
$DIMTP
 40
0.0
  9
$DIMTM
 40
0.0
  9
$DIMTXT
 40
0.18
  9
$DIMCEN
 40
0.09
  9
$DIMTSZ
 40
0.0
  9
$DIMTOL
 70
     0
  9
$DIMLIM
 70
     0
  9
$DIMTIH
 70
     1
  9
$DIMTOH
 70
     1
  9
$DIMSE1
 70
     0
  9
$DIMSE2
 70
     0
  9
$DIMTAD
 70
     0
  9
$DIMZIN
 70
     0
  9
$DIMBLK
  1

  9
$DIMASO
 70
     1
  9
$DIMSHO
 70
     1
  9
$DIMPOST
  1

  9
$DIMAPOST
  1

  9
$DIMALT
 70
     0
  9
$DIMALTD
 70
     2
  9
$DIMALTF
 40
25.4
  9
$DIMLFAC
 40
1.0
  9
$DIMTOFL
 70
     0
  9
$DIMTVP
 40
0.0
  9
$DIMTIX
 70
     0
  9
$DIMSOXD
 70
     0
  9
$DIMSAH
 70
     0
  9
$DIMBLK1
  1

  9
$DIMBLK2
  1

  9
$DIMSTYLE
  2
STANDARD
  9
$DIMCLRD
 70
     0
  9
$DIMCLRE
 70
     0
  9
$DIMCLRT
 70
     0
  9
$DIMTFAC
 40
1.0
  9
$DIMGAP
 40
0.09
  9
$DIMJUST
 70
     0
  9
$DIMSD1
 70
     0
  9
$DIMSD2
 70
     0
  9
$DIMTOLJ
 70
     1
  9
$DIMTZIN
 70
     0
  9
$DIMALTZ
 70
     0
  9
$DIMALTTZ
 70
     0
  9
$DIMUPT
 70
     0
  9
$DIMDEC
 70
     4
  9
$DIMTDEC
 70
     4
  9
$DIMALTU
 70
     2
  9
$DIMALTTD
 70
     2
  9
$DIMTXSTY
  7
STANDARD
  9
$DIMAUNIT
 70
     0
  9
$DIMADEC
 70
     0
  9
$DIMALTRND
 40
0.0
  9
$DIMAZIN
 70
     0
  9
$DIMDSEP
 70
    46
  9
$DIMATFIT
 70
     3
  9
$DIMFRAC
 70
     0
  9
$DIMLDRBLK
  1

  9
$DIMLUNIT
 70
     2
  9
$DIMLWD
 70
    -2
  9
$DIMLWE
 70
    -2
  9
$DIMTMOVE
 70
     0
  9
$LUNITS
 70
     2
  9
$LUPREC
 70
     4
  9
$SKETCHINC
 40
0.1
  9
$FILLETRAD
 40
10.0
  9
$AUNITS
 70
     0
  9
$AUPREC
 70
     0
  9
$MENU
  1
.
  9
$ELEVATION
 40
0.0
  9
$PELEVATION
 40
0.0
  9
$THICKNESS
 40
0.0
  9
$LIMCHECK
 70
     0
  9
$CHAMFERA
 40
0.0
  9
$CHAMFERB
 40
0.0
  9
$CHAMFERC
 40
0.0
  9
$CHAMFERD
 40
0.0
  9
$SKPOLY
 70
     0
  9
$TDCREATE
 40
2460961.768958334
  9
$TDUCREATE
 40
2460961.435625000
  9
$TDUPDATE
 40
2460972.703923611
  9
$TDUUPDATE
 40
2460972.370590278
  9
$TDINDWG
 40
0.8139004630
  9
$TDUSRTIMER
 40
0.8139004630
  9
$USRTIMER
 70
     1
  9
$ANGBASE
 50
0.0
  9
$ANGDIR
 70
     0
  9
$PDMODE
 70
     0
  9
$PDSIZE
 40
0.0
  9
$PLINEWID
 40
0.0
  9
$SPLFRAME
 70
     0
  9
$SPLINETYPE
 70
     6
  9
$SPLINESEGS
 70
     8
  9
$HANDSEED
  5
3C43
  9
$SURFTAB1
 70
     6
  9
$SURFTAB2
 70
     6
  9
$SURFTYPE
 70
     6
  9
$SURFU
 70
     6
  9
$SURFV
 70
     6
  9
$UCSBASE
  2

  9
$UCSNAME
  2

  9
$UCSORG
 10
0.0
 20
0.0
 30
0.0
  9
$UCSXDIR
 10
1.0
 20
0.0
 30
0.0
  9
$UCSYDIR
 10
0.0
 20
1.0
 30
0.0
  9
$UCSORTHOREF
  2

  9
$UCSORTHOVIEW
 70
     0
  9
$UCSORGTOP
 10
0.0
 20
0.0
 30
0.0
  9
$UCSORGBOTTOM
 10
0.0
 20
0.0
 30
0.0
  9
$UCSORGLEFT
 10
0.0
 20
0.0
 30
0.0
  9
$UCSORGRIGHT
 10
0.0
 20
0.0
 30
0.0
  9
$UCSORGFRONT
 10
0.0
 20
0.0
 30
0.0
  9
$UCSORGBACK
 10
0.0
 20
0.0
 30
0.0
  9
$PUCSBASE
  2

  9
$PUCSNAME
  2

  9
$PUCSORG
 10
0.0
 20
0.0
 30
0.0
  9
$PUCSXDIR
 10
1.0
 20
0.0
 30
0.0
  9
$PUCSYDIR
 10
0.0
 20
1.0
 30
0.0
  9
$PUCSORTHOREF
  2

  9
$PUCSORTHOVIEW
 70
     0
  9
$PUCSORGTOP
 10
0.0
 20
0.0
 30
0.0
  9
$PUCSORGBOTTOM
 10
0.0
 20
0.0
 30
0.0
  9
$PUCSORGLEFT
 10
0.0
 20
0.0
 30
0.0
  9
$PUCSORGRIGHT
 10
0.0
 20
0.0
 30
0.0
  9
$PUCSORGFRONT
 10
0.0
 20
0.0
 30
0.0
  9
$PUCSORGBACK
 10
0.0
 20
0.0
 30
0.0
  9
$USERI1
 70
     0
  9
$USERI2
 70
     0
  9
$USERI3
 70
     0
  9
$USERI4
 70
     0
  9
$USERI5
 70
     0
  9
$USERR1
 40
0.0
  9
$USERR2
 40
0.0
  9
$USERR3
 40
0.0
  9
$USERR4
 40
0.0
  9
$USERR5
 40
0.0
  9
$WORLDVIEW
 70
     1
  9
$SHADEDGE
 70
     3
  9
$SHADEDIF
 70
    70
  9
$TILEMODE
 70
     1
  9
$MAXACTVP
 70
    64
  9
$PINSBASE
 10
0.0
 20
0.0
 30
0.0
  9
$PLIMCHECK
 70
     0
  9
$PEXTMIN
 10
0.0
 20
0.0
 30
0.0
  9
$PEXTMAX
 10
0.0
 20
0.0
 30
0.0
  9
$PLIMMIN
 10
0.0
 20
0.0
  9
$PLIMMAX
 10
12.0
 20
9.0
  9
$UNITMODE
 70
     0
  9
$VISRETAIN
 70
     1
  9
$PLINEGEN
 70
     0
  9
$PSLTSCALE
 70
     1
  9
$TREEDEPTH
 70
  3020
  9
$CMLSTYLE
  2
Standard
  9
$CMLJUST
 70
     0
  9
$CMLSCALE
 40
1.0
  9
$PROXYGRAPHICS
 70
     1
  9
$MEASUREMENT
 70
     0
  9
$CELWEIGHT
370
    -1
  9
$ENDCAPS
280
     0
  9
$JOINSTYLE
280
     0
  9
$LWDISPLAY
290
     0
  9
$INSUNITS
 70
     0
  9
$HYPERLINKBASE
  1

  9
$STYLESHEET
  1

  9
$XEDIT
290
     1
  9
$CEPSNTYPE
380
     0
  9
$PSTYLEMODE
290
     1
  9
$FINGERPRINTGUID
  2
{309D1E51-9AD4-D948-A8A0-E637098F51D3}
  9
$VERSIONGUID
  2
{6F43D08B-D219-5945-88F7-C993305BF088}
  9
$EXTNAMES
290
     1
  9
$PSVPSCALE
 40
0.0
  9
$OLESTARTUP
290
     0
  0
ENDSEC
  0
SECTION
  2
CLASSES
  0
CLASS
  1
ACDBDICTIONARYWDFLT
  2
AcDbDictionaryWithDefault
  3
ObjectDBX Classes
 90
        0
280
     0
281
     0
  0
CLASS
  1
MATERIAL
  2
AcDbMaterial
  3
ObjectDBX Classes
 90
     1153
280
     0
281
     0
  0
CLASS
  1
VISUALSTYLE
  2
AcDbVisualStyle
  3
ObjectDBX Classes
 90
     4095
280
     0
281
     0
  0
CLASS
  1
SCALE
  2
AcDbScale
  3
ObjectDBX Classes
 90
     1153
280
     0
281
     0
  0
CLASS
  1
TABLESTYLE
  2
AcDbTableStyle
  3
ObjectDBX Classes
 90
     4095
280
     0
281
     0
  0
CLASS
  1
MLEADERSTYLE
  2
AcDbMLeaderStyle
  3
ACDB_MLEADERSTYLE_CLASS
 90
     4095
280
     0
281
     0
  0
CLASS
  1
ACDBSECTIONVIEWSTYLE
  2
AcDbSectionViewStyle
  3
ObjectDBX Classes
 90
     1025
280
     0
281
     0
  0
CLASS
  1
ACDBDETAILVIEWSTYLE
  2
AcDbDetailViewStyle
  3
ObjectDBX Classes
 90
     1025
280
     0
281
     0
  0
CLASS
  1
SORTENTSTABLE
  2
AcDbSortentsTable
  3
ObjectDBX Classes
 90
        0
280
     0
281
     0
  0
CLASS
  1
DICTIONARYVAR
  2
AcDbDictionaryVar
  3
ObjectDBX Classes
 90
        0
280
     0
281
     0
  0
CLASS
  1
CELLSTYLEMAP
  2
AcDbCellStyleMap
  3
ObjectDBX Classes
 90
     1152
280
     0
281
     0
  0
CLASS
  1
ACDBPLACEHOLDER
  2
AcDbPlaceHolder
  3
ObjectDBX Classes
 90
        0
280
     0
281
     0
  0
CLASS
  1
LAYOUT
  2
AcDbLayout
  3
ObjectDBX Classes
 90
        0
280
     0
281
     0
  0
ENDSEC
  0
SECTION
  2
TABLES
  0
TABLE
  2
VPORT
  5
3AA
330
0
100
AcDbSymbolTable
 70
     1
  0
VPORT
  5
415
330
3AA
100
AcDbSymbolTableRecord
100
AcDbViewportTableRecord
  2
*ACTIVE
 70
     0
 10
0.0
 20
0.0
 11
1.0
 21
1.0
 12
346.2886070223705
 22
109.0574023939007
 13
0.0
 23
0.0
 14
0.5
 24
0.5
 15
0.5
 25
0.5
 16
0.0
 26
0.0
 36
1.0
 17
0.0
 27
0.0
 37
0.0
 40
868.1549093883223
 41
2.176303854875283
 42
50.0
 43
0.0
 44
0.0
 50
0.0
 51
0.0
 71
     0
 72
  1000
 73
     1
 74
     3
 75
     0
 76
     0
 77
     0
 78
     0
281
     0
 65
     1
110
0.0
120
0.0
130
0.0
111
1.0
121
0.0
131
0.0
112
0.0
122
1.0
132
0.0
 79
     0
146
0.0
1001
ACAD_NAV_VCDISPLAY
1070
     3
  0
ENDTAB
  0
TABLE
  2
LTYPE
  5
3A7
330
0
100
AcDbSymbolTable
 70
     2
  0
LTYPE
  5
3FC
330
3A7
100
AcDbSymbolTableRecord
100
AcDbLinetypeTableRecord
  2
ByBlock
 70
     0
  3

 72
    65
 73
     0
 40
0.0
  0
LTYPE
  5
3FD
330
3A7
100
AcDbSymbolTableRecord
100
AcDbLinetypeTableRecord
  2
ByLayer
 70
     0
  3

 72
    65
 73
     0
 40
0.0
  0
LTYPE
  5
3FE
330
3A7
100
AcDbSymbolTableRecord
100
AcDbLinetypeTableRecord
  2
CONTINUOUS
 70
     0
  3
Solid line
 72
    65
 73
     0
 40
0.0
  0
ENDTAB
  0
TABLE
  2
LAYER
  5
3A4
330
0
100
AcDbSymbolTable
 70
     2
  0
LAYER
  5
3F6
102
{ACAD_XDICTIONARY
360
435
102
}
330
3A4
100
AcDbSymbolTableRecord
100
AcDbLayerTableRecord
  2
0
 70
     0
 62
     7
  6
CONTINUOUS
370
    -3
390
3B1
  0
LAYER
  5
784
330
3A4
100
AcDbSymbolTableRecord
100
AcDbLayerTableRecord
  2
Defpoints
 70
     0
 62
     7
  6
CONTINUOUS
290
     0
370
    -3
390
3B1
  0
ENDTAB
  0
TABLE
  2
STYLE
  5
3A5
330
0
100
AcDbSymbolTable
 70
     2
  0
STYLE
  5
3F7
330
3A5
100
AcDbSymbolTableRecord
100
AcDbTextStyleTableRecord
  2
STANDARD
 70
     0
 40
10.0
 41
1.0
 50
0.0
 71
     0
 42
0.2
  3
txt.shx
  4

  0
STYLE
  5
3FB
330
3A5
100
AcDbSymbolTableRecord
100
AcDbTextStyleTableRecord
  2
ANNOTATIVE
 70
     0
 40
0.0
 41
1.0
 50
0.0
 71
     0
 42
0.2
  3
txt
  4

1001
ACADANNOTATIVE
1000
AnnotativeData
1002
{
1070
     1
1070
     1
1002
}
  0
ENDTAB
  0
TABLE
  2
VIEW
  5
3A8
330
0
100
AcDbSymbolTable
 70
     0
  0
ENDTAB
  0
TABLE
  2
UCS
  5
3A9
330
0
100
AcDbSymbolTable
 70
     0
  0
ENDTAB
  0
TABLE
  2
APPID
  5
3AB
330
0
100
AcDbSymbolTable
 70
    10
  0
APPID
  5
3F8
330
3AB
100
AcDbSymbolTableRecord
100
AcDbRegAppTableRecord
  2
ACAD
 70
     0
  0
APPID
  5
3FF
330
3AB
100
AcDbSymbolTableRecord
100
AcDbRegAppTableRecord
  2
ACADANNOTATIVE
 70
     0
  0
APPID
  5
416
330
3AB
100
AcDbSymbolTableRecord
100
AcDbRegAppTableRecord
  2
ACADANNOPO
 70
     0
  0
APPID
  5
417
330
3AB
100
AcDbSymbolTableRecord
100
AcDbRegAppTableRecord
  2
ACAD_DSTYLE_DIMJAG
 70
     0
  0
APPID
  5
418
330
3AB
100
AcDbSymbolTableRecord
100
AcDbRegAppTableRecord
  2
ACAD_DSTYLE_DIMTALN
 70
     0
  0
APPID
  5
419
330
3AB
100
AcDbSymbolTableRecord
100
AcDbRegAppTableRecord
  2
ACAD_MLEADERVER
 70
     0
  0
APPID
  5
41A
330
3AB
100
AcDbSymbolTableRecord
100
AcDbRegAppTableRecord
  2
ACAD_NAV_VCDISPLAY
 70
     0
  0
APPID
  5
41B
330
3AB
100
AcDbSymbolTableRecord
100
AcDbRegAppTableRecord
  2
ACAD_EXEMPT_FROM_CAD_STANDARDS
 70
     0
  0
APPID
  5
423
330
3AB
100
AcDbSymbolTableRecord
100
AcDbRegAppTableRecord
  2
Acad_TC
 70
     0
  0
APPID
  5
159D
330
3AB
100
AcDbSymbolTableRecord
100
AcDbRegAppTableRecord
  2
ACAD_DSTYLE_DIMRADIAL_EXTENSION
 70
     0
  0
ENDTAB
  0
TABLE
  2
DIMSTYLE
  5
3AC
330
0
100
AcDbSymbolTable
 70
     3
100
AcDbDimStyleTable
 71
     1
340
3F9
  0
DIMSTYLE
105
3F9
330
3AC
100
AcDbSymbolTableRecord
100
AcDbDimStyleTableRecord
  2
STANDARD
 70
     0
279
     2
340
3F7
  0
DIMSTYLE
105
3FA
330
3AC
100
AcDbSymbolTableRecord
100
AcDbDimStyleTableRecord
  2
ANNOTATIVE
 70
     0
 40
0.0
279
     2
340
3F7
1001
ACADANNOTATIVE
1000
AnnotativeData
1002
{
1070
     1
1070
     1
1002
}
  0
ENDTAB
  0
TABLE
  2
BLOCK_RECORD
  5
3A3
330
0
100
AcDbSymbolTable
 70
     6
  0
BLOCK_RECORD
  5
411
102
{ACAD_XDICTIONARY
360
42B
102
}
330
3A3
100
AcDbSymbolTableRecord
100
AcDbBlockTableRecord
  2
*Model_Space
340
414
  0
BLOCK_RECORD
  5
40D
330
3A3
100
AcDbSymbolTableRecord
100
AcDbBlockTableRecord
  2
*Paper_Space
340
410
  0
BLOCK_RECORD
  5
41D
330
3A3
100
AcDbSymbolTableRecord
100
AcDbBlockTableRecord
  2
$MODEL_SPACE
340
0
  0
BLOCK_RECORD
  5
41F
330
3A3
100
AcDbSymbolTableRecord
100
AcDbBlockTableRecord
  2
$PAPER_SPACE
340
0
  0
BLOCK_RECORD
  5
785
330
3A3
100
AcDbSymbolTableRecord
100
AcDbBlockTableRecord
  2
*D3
340
0
  0
BLOCK_RECORD
  5
2DBE
330
3A3
100
AcDbSymbolTableRecord
100
AcDbBlockTableRecord
  2
*D4
340
0
  0
BLOCK_RECORD
  5
3498
102
{ACAD_XDICTIONARY
360
3603
102
}
330
3A3
100
AcDbSymbolTableRecord
100
AcDbBlockTableRecord
  2
A$C46fb6b1a
340
0
  0
ENDTAB
  0
ENDSEC
  0
SECTION
  2
BLOCKS
  0
BLOCK
  5
412
330
411
100
AcDbEntity
  8
0
100
AcDbBlockBegin
  2
*Model_Space
 70
     0
 10
0.0
 20
0.0
 30
0.0
  3
*Model_Space
  1

  0
ENDBLK
  5
413
330
411
100
AcDbEntity
  8
0
100
AcDbBlockEnd
  0
BLOCK
  5
40E
330
40D
100
AcDbEntity
 67
     1
  8
0
100
AcDbBlockBegin
  2
*Paper_Space
 70
     0
 10
0.0
 20
0.0
 30
0.0
  3
*Paper_Space
  1

  0
ENDBLK
  5
40F
330
40D
100
AcDbEntity
 67
     1
  8
0
100
AcDbBlockEnd
  0
BLOCK
  5
41E
330
41D
100
AcDbEntity
  8
0
100
AcDbBlockBegin
  2
$MODEL_SPACE
 70
     0
 10
0.0
 20
0.0
 30
0.0
  3
$MODEL_SPACE
  1

  0
ENDBLK
  5
21
330
41D
100
AcDbEntity
  8
0
100
AcDbBlockEnd
  0
BLOCK
  5
420
330
41F
100
AcDbEntity
  8
0
100
AcDbBlockBegin
  2
$PAPER_SPACE
 70
     0
 10
0.0
 20
0.0
 30
0.0
  3
$PAPER_SPACE
  1

  0
ENDBLK
  5
5B
330
41F
100
AcDbEntity
  8
0
100
AcDbBlockEnd
  0
BLOCK
  5
786
330
785
100
AcDbEntity
  8
0
100
AcDbBlockBegin
  2
*D3
 70
     1
 10
0.0
 20
0.0
 30
0.0
  3
*D3
  1

  0
LINE
  5
788
330
785
100
AcDbEntity
  8
0
 62
     0
370
    -2
100
AcDbLine
 10
87.62857833444289
 20
105.0
 30
0.0
 11
87.51107833444287
 21
105.0
 31
0.0
  0
LINE
  5
789
330
785
100
AcDbEntity
  8
0
 62
     0
370
    -2
100
AcDbLine
 10
87.62857833444289
 20
-5.000000000000001
 30
0.0
 11
87.51107833444287
 21
-5.000000000000001
 31
0.0
  0
LINE
  5
78A
330
785
100
AcDbEntity
  8
0
 62
     0
370
    -2
100
AcDbLine
 10
87.69107833444287
 20
104.82
 30
0.0
 11
87.69107833444289
 21
50.18000000000003
 31
0.0
  0
LINE
  5
78B
330
785
100
AcDbEntity
  8
0
 62
     0
370
    -2
100
AcDbLine
 10
87.69107833444291
 20
-4.820000000000002
 30
0.0
 11
87.69107833444289
 21
49.82000000000002
 31
0.0
  0
SOLID
  5
78C
330
785
100
AcDbEntity
  8
0
 62
     0
100
AcDbTrace
 10
87.66107833444287
 20
104.82
 30
0.0
 11
87.72107833444287
 21
104.82
 31
0.0
 12
87.69107833444287
 22
105.0
 32
0.0
 13
87.69107833444287
 23
105.0
 33
0.0
  0
SOLID
  5
78D
330
785
100
AcDbEntity
  8
0
 62
     0
100
AcDbTrace
 10
87.66107833444291
 20
-4.820000000000002
 30
0.0
 11
87.72107833444291
 21
-4.820000000000002
 31
0.0
 12
87.69107833444291
 22
-5.000000000000001
 32
0.0
 13
87.69107833444291
 23
-5.000000000000001
 33
0.0
  0
MTEXT
  5
78E
330
785
100
AcDbEntity
  8
0
 62
     0
100
AcDbMText
 10
87.69107833444289
 20
49.99999999999999
 30
0.0
 40
0.18
 41
0.0
 71
     5
 72
     1
  1
\A1;110.0000
 73
     1
 44
1.0
1001
ACAD
1000
MTEXTBEGIN
1070
    73
1070
     1
1070
    44
1040
1.0
1070
    74
1070
     0
1000
MTEXTEND
  0
POINT
  5
78F
330
785
100
AcDbEntity
  8
Defpoints
 62
     0
100
AcDbPoint
 10
87.69107833444289
 20
105.0
 30
0.0
  0
POINT
  5
790
330
785
100
AcDbEntity
  8
Defpoints
 62
     0
100
AcDbPoint
 10
87.69107833444289
 20
-5.000000000000001
 30
0.0
  0
POINT
  5
791
330
785
100
AcDbEntity
  8
Defpoints
 62
     0
100
AcDbPoint
 10
87.69107833444291
 20
-5.000000000000001
 30
0.0
  0
ENDBLK
  5
787
330
785
100
AcDbEntity
  8
0
100
AcDbBlockEnd
  0
BLOCK
  5
2DBF
330
2DBE
100
AcDbEntity
  8
0
100
AcDbBlockBegin
  2
*D4
 70
     1
 10
0.0
 20
0.0
 30
0.0
  3
*D4
  1

  0
LINE
  5
2DC1
330
2DBE
100
AcDbEntity
  8
0
 62
     0
370
    -2
100
AcDbLine
 10
-5.000000000000001
 20
90.06250000000001
 30
0.0
 11
-4.999999999999999
 21
137.2586486151282
 31
0.0
  0
LINE
  5
2DC2
330
2DBE
100
AcDbEntity
  8
0
 62
     0
370
    -2
100
AcDbLine
 10
385.0000000000001
 20
90.06249999999994
 30
0.0
 11
385.0000000000001
 21
137.2586486151282
 31
0.0
  0
LINE
  5
2DC3
330
2DBE
100
AcDbEntity
  8
0
 62
     0
370
    -2
100
AcDbLine
 10
-4.819999999999999
 20
137.0786486151282
 30
0.0
 11
159.0766666666667
 21
137.0786486151282
 31
0.0
  0
LINE
  5
2DC4
330
2DBE
100
AcDbEntity
  8
0
 62
     0
370
    -2
100
AcDbLine
 10
384.8200000000001
 20
137.0786486151282
 30
0.0
 11
220.9233333333334
 21
137.0786486151282
 31
0.0
  0
SOLID
  5
2DC5
330
2DBE
100
AcDbEntity
  8
0
 62
     0
100
AcDbTrace
 10
-4.819999999999999
 20
137.1086486151282
 30
0.0
 11
-4.819999999999999
 21
137.0486486151282
 31
0.0
 12
-4.999999999999999
 22
137.0786486151282
 32
0.0
 13
-4.999999999999999
 23
137.0786486151282
 33
0.0
  0
SOLID
  5
2DC6
330
2DBE
100
AcDbEntity
  8
0
 62
     0
100
AcDbTrace
 10
384.8200000000001
 20
137.1086486151282
 30
0.0
 11
384.8200000000001
 21
137.0486486151282
 31
0.0
 12
385.0000000000001
 22
137.0786486151282
 32
0.0
 13
385.0000000000001
 23
137.0786486151282
 33
0.0
  0
MTEXT
  5
2DC7
330
2DBE
100
AcDbEntity
  8
0
 62
     0
100
AcDbMText
 10
190.0
 20
137.0786486151282
 30
0.0
 40
10.0
 41
0.0
 71
     5
 72
     1
  1
\A1;390.0000
 73
     1
 44
1.0
1001
ACAD
1000
MTEXTBEGIN
1070
    73
1070
     1
1070
    44
1040
1.0
1070
    74
1070
     0
1000
MTEXTEND
  0
POINT
  5
2DC8
330
2DBE
100
AcDbEntity
  8
Defpoints
 62
     0
100
AcDbPoint
 10
-5.000000000000001
 20
90.00000000000001
 30
0.0
  0
POINT
  5
2DC9
330
2DBE
100
AcDbEntity
  8
Defpoints
 62
     0
100
AcDbPoint
 10
385.0000000000001
 20
89.99999999999994
 30
0.0
  0
POINT
  5
2DCA
330
2DBE
100
AcDbEntity
  8
Defpoints
 62
     0
100
AcDbPoint
 10
385.0000000000001
 20
137.0786486151282
 30
0.0
  0
ENDBLK
  5
2DC0
330
2DBE
100
AcDbEntity
  8
0
100
AcDbBlockEnd
  0
BLOCK
  5
3605
330
3498
100
AcDbEntity
  8
0
100
AcDbBlockBegin
  2
A$C46fb6b1a
 70
     0
 10
0.0
 20
0.0
 30
0.0
  3
A$C46fb6b1a
  1

  0
LINE
  5
3499
330
3498
100
AcDbEntity
  8
0
100
AcDbLine
 10
15.72794310642376
 20
204.9986752426971
 30
0.0
 11
95.72794310642377
 21
204.9986752426971
 31
0.0
  0
LINE
  5
349A
330
3498
100
AcDbEntity
  8
0
100
AcDbLine
 10
15.72794310642376
 20
199.9986752426971
 30
0.0
 11
45.72794310642375
 21
199.9986752426971
 31
0.0
  0
ARC
  5
349B
330
3498
100
AcDbEntity
  8
0
100
AcDbCircle
 10
45.72794310642375
 20
189.9986752426971
 30
0.0
 40
10.0
100
AcDbArc
 50
0.0
 51
90.0
  0
ARC
  5
349C
330
3498
100
AcDbEntity
  8
0
100
AcDbCircle
 10
45.72794310642375
 20
189.9986752426971
 30
0.0
 40
15.0
100
AcDbArc
 50
0.0
 51
90.0
  0
LINE
  5
349D
330
3498
100
AcDbEntity
  8
0
100
AcDbLine
 10
105.7279431064237
 20
262.4986752426972
 30
0.0
 11
105.7279431064237
 21
294.9986752426971
 31
0.0
  0
LINE
  5
349E
330
3498
100
AcDbEntity
  8
0
100
AcDbLine
 10
110.7279431064237
 20
267.4986752426971
 30
0.0
 11
110.7279431064237
 21
294.9986752426971
 31
0.0
  0
LINE
  5
349F
330
3498
100
AcDbEntity
  8
0
100
AcDbLine
 10
95.72794310642377
 20
304.9986752426971
 30
0.0
 11
15.72794310642378
 21
304.9986752426971
 31
0.0
  0
LINE
  5
34A0
330
3498
100
AcDbEntity
  8
0
100
AcDbLine
 10
95.72794310642377
 20
309.9986752426971
 30
0.0
 11
15.72794310642378
 21
309.9986752426971
 31
0.0
  0
LINE
  5
34A1
330
3498
100
AcDbEntity
  8
0
100
AcDbLine
 10
5.72794310642378
 20
294.9986752426972
 30
0.0
 11
5.727943106423765
 21
214.9986752426972
 31
0.0
  0
LINE
  5
34A2
330
3498
100
AcDbEntity
  8
0
100
AcDbLine
 10
0.7279431064237807
 20
294.9986752426972
 30
0.0
 11
0.7279431064237656
 21
214.9986752426972
 31
0.0
  0
ARC
  5
34A3
330
3498
100
AcDbEntity
  8
0
100
AcDbCircle
 10
15.72794310642378
 20
294.9986752426972
 30
0.0
 40
10.0
100
AcDbArc
 50
90.0
 51
180.0
  0
ARC
  5
34A4
330
3498
100
AcDbEntity
  8
0
100
AcDbCircle
 10
15.72794310642378
 20
294.9986752426972
 30
0.0
 40
15.0
100
AcDbArc
 50
90.0
 51
180.0
  0
ARC
  5
34A5
330
3498
100
AcDbEntity
  8
0
100
AcDbCircle
 10
95.72794310642377
 20
294.9986752426971
 30
0.0
 40
10.0
100
AcDbArc
 50
0.0
 51
90.0
  0
ARC
  5
34A6
330
3498
100
AcDbEntity
  8
0
100
AcDbCircle
 10
95.72794310642377
 20
294.9986752426971
 30
0.0
 40
15.0
100
AcDbArc
 50
0.0
 51
90.0
  0
ARC
  5
34A7
330
3498
100
AcDbEntity
  8
0
100
AcDbCircle
 10
95.72794310642377
 20
214.9986752426972
 30
0.0
 40
10.0
100
AcDbArc
 50
270.0
 51
0.0
  0
ARC
  5
34A8
330
3498
100
AcDbEntity
  8
0
100
AcDbCircle
 10
95.72794310642377
 20
214.9986752426972
 30
0.0
 40
15.0
100
AcDbArc
 50
270.0
 51
0.0
  0
ARC
  5
34A9
330
3498
100
AcDbEntity
  8
0
100
AcDbCircle
 10
15.72794310642376
 20
214.9986752426972
 30
0.0
 40
10.0
100
AcDbArc
 50
180.0
 51
270.0
  0
ARC
  5
34AA
330
3498
100
AcDbEntity
  8
0
100
AcDbCircle
 10
15.72794310642376
 20
214.9986752426972
 30
0.0
 40
15.0
100
AcDbArc
 50
180.0
 51
270.0
  0
LINE
  5
34AB
330
3498
100
AcDbEntity
  8
0
100
AcDbLine
 10
95.72794310642377
 20
309.9986752426971
 30
0.0
 11
195.7279431064238
 21
309.9986752426971
 31
0.0
  0
LINE
  5
34AC
330
3498
100
AcDbEntity
  8
0
100
AcDbLine
 10
95.72794310642377
 20
304.9986752426971
 30
0.0
 11
195.7279431064238
 21
304.9986752426971
 31
0.0
  0
LINE
  5
34AD
330
3498
100
AcDbEntity
  8
0
100
AcDbLine
 10
95.72794310642377
 20
204.9986752426971
 30
0.0
 11
195.7279431064238
 21
204.9986752426971
 31
0.0
  0
LINE
  5
34AE
330
3498
100
AcDbEntity
  8
0
100
AcDbLine
 10
95.72794310642377
 20
199.9986752426971
 30
0.0
 11
195.7279431064238
 21
199.9986752426971
 31
0.0
  0
CIRCLE
  5
34AF
330
3498
100
AcDbEntity
  8
0
100
AcDbCircle
 10
195.7279431064238
 20
254.9986752426971
 30
0.0
 40
50.0
  0
ARC
  5
34B0
330
3498
100
AcDbEntity
  8
0
100
AcDbCircle
 10
136.1985386074705
 20
262.4986752426972
 30
0.0
 40
10.0
100
AcDbArc
 50
270.0
 51
352.8192442185417
  0
CIRCLE
  5
34B1
330
3498
100
AcDbEntity
  8
0
100
AcDbCircle
 10
195.7279431064238
 20
254.9986752426971
 30
0.0
 40
55.0
  0
ARC
  5
34B2
330
3498
100
AcDbEntity
  8
0
100
AcDbCircle
 10
131.9411889955584
 20
267.4986752426971
 30
0.0
 40
10.0
100
AcDbArc
 50
270.0
 51
348.9125107890301
  0
LINE
  5
34B3
330
3498
100
AcDbEntity
  8
0
100
AcDbLine
 10
136.1985386074705
 20
252.4986752426972
 30
0.0
 11
120.7279431064238
 21
252.4986752426972
 31
0.0
  0
LINE
  5
34B4
330
3498
100
AcDbEntity
  8
0
100
AcDbLine
 10
131.9411889955584
 20
257.4986752426971
 30
0.0
 11
120.7279431064238
 21
257.4986752426971
 31
0.0
  0
ARC
  5
34B5
330
3498
100
AcDbEntity
  8
0
100
AcDbCircle
 10
120.7279431064238
 20
267.4986752426971
 30
0.0
 40
10.0
100
AcDbArc
 50
180.0
 51
270.0
  0
ARC
  5
34B6
330
3498
100
AcDbEntity
  8
0
100
AcDbCircle
 10
120.7279431064238
 20
267.4986752426971
 30
0.0
 40
15.0
100
AcDbArc
 50
180.0
 51
270.0
  0
LINE
  5
34B7
330
3498
100
AcDbEntity
  8
0
100
AcDbLine
 10
110.7279431064237
 20
267.4986752426971
 30
0.0
 11
110.7279431064238
 21
214.9986752426972
 31
0.0
  0
LINE
  5
34B8
330
3498
100
AcDbEntity
  8
0
100
AcDbLine
 10
105.7279431064237
 20
262.4986752426972
 30
0.0
 11
105.7279431064237
 21
214.9986752426972
 31
0.0
  0
ARC
  5
34B9
330
3498
100
AcDbEntity
  8
0
100
AcDbCircle
 10
136.1985386074705
 20
247.4986752426971
 30
0.0
 40
10.0
100
AcDbArc
 50
7.180755781458279
 51
90.0
  0
ARC
  5
34BA
330
3498
100
AcDbEntity
  8
0
100
AcDbCircle
 10
131.9411889955584
 20
242.4986752426972
 30
0.0
 40
10.0
100
AcDbArc
 50
11.08748921096988
 51
90.0
  0
LINE
  5
34BB
330
3498
100
AcDbEntity
  8
0
100
AcDbLine
 10
136.1985386074705
 20
257.4986752426972
 30
0.0
 11
120.7279431064238
 21
257.4986752426972
 31
0.0
  0
LINE
  5
34BC
330
3498
100
AcDbEntity
  8
0
100
AcDbLine
 10
131.9411889955584
 20
252.4986752426972
 30
0.0
 11
120.7279431064237
 21
252.4986752426972
 31
0.0
  0
ARC
  5
34BD
330
3498
100
AcDbEntity
  8
0
100
AcDbCircle
 10
120.7279431064237
 20
242.4986752426972
 30
0.0
 40
10.0
100
AcDbArc
 50
90.0
 51
180.0
  0
ARC
  5
34BE
330
3498
100
AcDbEntity
  8
0
100
AcDbCircle
 10
120.7279431064237
 20
242.4986752426972
 30
0.0
 40
15.0
100
AcDbArc
 50
90.0
 51
180.0
  0
LINE
  5
34BF
330
3498
100
AcDbEntity
  8
0
100
AcDbLine
 10
375.7279431064238
 20
204.9986752426971
 30
0.0
 11
295.7279431064238
 21
204.9986752426971
 31
0.0
  0
LINE
  5
34C0
330
3498
100
AcDbEntity
  8
0
100
AcDbLine
 10
375.7279431064238
 20
199.9986752426971
 30
0.0
 11
295.7279431064238
 21
199.9986752426971
 31
0.0
  0
LINE
  5
34C1
330
3498
100
AcDbEntity
  8
0
100
AcDbLine
 10
285.7279431064238
 20
262.4986752426971
 30
0.0
 11
285.7279431064238
 21
294.9986752426971
 31
0.0
  0
LINE
  5
34C2
330
3498
100
AcDbEntity
  8
0
100
AcDbLine
 10
280.7279431064237
 20
267.4986752426971
 30
0.0
 11
280.7279431064237
 21
294.9986752426971
 31
0.0
  0
LINE
  5
34C3
330
3498
100
AcDbEntity
  8
0
100
AcDbLine
 10
295.7279431064238
 20
304.9986752426971
 30
0.0
 11
375.7279431064238
 21
304.9986752426971
 31
0.0
  0
LINE
  5
34C4
330
3498
100
AcDbEntity
  8
0
100
AcDbLine
 10
295.7279431064238
 20
309.9986752426971
 30
0.0
 11
375.7279431064238
 21
309.9986752426971
 31
0.0
  0
LINE
  5
34C5
330
3498
100
AcDbEntity
  8
0
100
AcDbLine
 10
385.7279431064238
 20
294.9986752426971
 30
0.0
 11
385.7279431064238
 21
214.9986752426971
 31
0.0
  0
LINE
  5
34C6
330
3498
100
AcDbEntity
  8
0
100
AcDbLine
 10
390.7279431064239
 20
294.9986752426971
 30
0.0
 11
390.7279431064237
 21
214.9986752426971
 31
0.0
  0
ARC
  5
34C7
330
3498
100
AcDbEntity
  8
0
100
AcDbCircle
 10
375.7279431064238
 20
294.9986752426971
 30
0.0
 40
10.0
100
AcDbArc
 50
0.0
 51
90.0
  0
ARC
  5
34C8
330
3498
100
AcDbEntity
  8
0
100
AcDbCircle
 10
375.7279431064238
 20
294.9986752426971
 30
0.0
 40
15.0
100
AcDbArc
 50
0.0
 51
90.0
  0
ARC
  5
34C9
330
3498
100
AcDbEntity
  8
0
100
AcDbCircle
 10
295.7279431064238
 20
294.9986752426971
 30
0.0
 40
10.0
100
AcDbArc
 50
90.0
 51
180.0
  0
ARC
  5
34CA
330
3498
100
AcDbEntity
  8
0
100
AcDbCircle
 10
295.7279431064238
 20
294.9986752426971
 30
0.0
 40
15.0
100
AcDbArc
 50
90.0
 51
180.0
  0
ARC
  5
34CB
330
3498
100
AcDbEntity
  8
0
100
AcDbCircle
 10
295.7279431064238
 20
214.9986752426971
 30
0.0
 40
10.0
100
AcDbArc
 50
180.0
 51
270.0
  0
ARC
  5
34CC
330
3498
100
AcDbEntity
  8
0
100
AcDbCircle
 10
295.7279431064238
 20
214.9986752426971
 30
0.0
 40
15.0
100
AcDbArc
 50
180.0
 51
270.0
  0
ARC
  5
34CD
330
3498
100
AcDbEntity
  8
0
100
AcDbCircle
 10
375.7279431064238
 20
214.9986752426971
 30
0.0
 40
10.0
100
AcDbArc
 50
270.0
 51
0.0
  0
ARC
  5
34CE
330
3498
100
AcDbEntity
  8
0
100
AcDbCircle
 10
375.7279431064238
 20
214.9986752426971
 30
0.0
 40
15.0
100
AcDbArc
 50
270.0
 51
0.0
  0
LINE
  5
34CF
330
3498
100
AcDbEntity
  8
0
100
AcDbLine
 10
295.7279431064238
 20
309.9986752426971
 30
0.0
 11
195.7279431064238
 21
309.9986752426971
 31
0.0
  0
LINE
  5
34D0
330
3498
100
AcDbEntity
  8
0
100
AcDbLine
 10
295.7279431064238
 20
304.9986752426971
 30
0.0
 11
195.7279431064238
 21
304.9986752426971
 31
0.0
  0
LINE
  5
34D1
330
3498
100
AcDbEntity
  8
0
100
AcDbLine
 10
295.7279431064238
 20
204.9986752426971
 30
0.0
 11
265.6712511261098
 21
204.9986752426971
 31
0.0
  0
ARC
  5
34D2
330
3498
100
AcDbEntity
  8
0
100
AcDbCircle
 10
265.6712511261098
 20
194.9986752426971
 30
0.0
 40
10.0
100
AcDbArc
 50
90.0
 51
109.0042286711322
  0
ARC
  5
34D3
330
3498
100
AcDbEntity
  8
0
100
AcDbCircle
 10
250.3167747759462
 20
194.9986752426971
 30
0.0
 40
10.0
100
AcDbArc
 50
90.0
 51
109.0042286711322
  0
LINE
  5
34D4
330
3498
100
AcDbEntity
  8
0
100
AcDbLine
 10
295.7279431064238
 20
199.9986752426971
 30
0.0
 11
195.7279431064238
 21
199.9986752426971
 31
0.0
  0
LINE
  5
34D5
330
3498
100
AcDbEntity
  8
0
100
AcDbLine
 10
280.7279431064237
 20
267.4986752426971
 30
0.0
 11
280.7279431064237
 21
214.9986752426971
 31
0.0
  0
LINE
  5
34D6
330
3498
100
AcDbEntity
  8
0
100
AcDbLine
 10
285.7279431064238
 20
262.4986752426971
 30
0.0
 11
285.7279431064238
 21
214.9986752426971
 31
0.0
  0
LINE
  5
34D7
330
3498
100
AcDbEntity
  8
0
100
AcDbLine
 10
15.0
 20
5.000000000000056
 30
0.0
 11
95.00000000000001
 21
5.000000000000056
 31
0.0
  0
LINE
  5
34D8
330
3498
100
AcDbEntity
  8
0
100
AcDbLine
 10
15.0
 20
0.0000000000000568
 30
0.0
 11
95.00000000000001
 21
0.0000000000000568
 31
0.0
  0
LINE
  5
34D9
330
3498
100
AcDbEntity
  8
0
100
AcDbLine
 10
105.0
 20
62.50000000000006
 30
0.0
 11
105.0
 21
95.00000000000005
 31
0.0
  0
LINE
  5
34DA
330
3498
100
AcDbEntity
  8
0
100
AcDbLine
 10
110.0
 20
67.50000000000006
 30
0.0
 11
110.0
 21
95.00000000000005
 31
0.0
  0
LINE
  5
34DB
330
3498
100
AcDbEntity
  8
0
100
AcDbLine
 10
95.00000000000001
 20
105.0
 30
0.0
 11
15.00000000000001
 21
105.0
 31
0.0
  0
LINE
  5
34DC
330
3498
100
AcDbEntity
  8
0
100
AcDbLine
 10
95.00000000000001
 20
110.0
 30
0.0
 11
15.00000000000001
 21
110.0
 31
0.0
  0
LINE
  5
34DD
330
3498
100
AcDbEntity
  8
0
100
AcDbLine
 10
5.000000000000015
 20
95.00000000000007
 30
0.0
 11
5.0
 21
15.00000000000006
 31
0.0
  0
LINE
  5
34DE
330
3498
100
AcDbEntity
  8
0
100
AcDbLine
 10
0.0000000000000151
 20
95.00000000000007
 30
0.0
 11
0.0
 21
15.00000000000006
 31
0.0
  0
ARC
  5
34DF
330
3498
100
AcDbEntity
  8
0
100
AcDbCircle
 10
15.00000000000001
 20
95.00000000000007
 30
0.0
 40
10.0
100
AcDbArc
 50
90.0
 51
180.0
  0
ARC
  5
34E0
330
3498
100
AcDbEntity
  8
0
100
AcDbCircle
 10
15.00000000000001
 20
95.00000000000007
 30
0.0
 40
15.0
100
AcDbArc
 50
90.0
 51
180.0
  0
ARC
  5
34E1
330
3498
100
AcDbEntity
  8
0
100
AcDbCircle
 10
95.00000000000001
 20
95.00000000000005
 30
0.0
 40
10.0
100
AcDbArc
 50
0.0
 51
90.0
  0
ARC
  5
34E2
330
3498
100
AcDbEntity
  8
0
100
AcDbCircle
 10
95.00000000000001
 20
95.00000000000005
 30
0.0
 40
15.0
100
AcDbArc
 50
0.0
 51
90.0
  0
ARC
  5
34E3
330
3498
100
AcDbEntity
  8
0
100
AcDbCircle
 10
95.00000000000001
 20
15.00000000000006
 30
0.0
 40
10.0
100
AcDbArc
 50
270.0
 51
0.0
  0
ARC
  5
34E4
330
3498
100
AcDbEntity
  8
0
100
AcDbCircle
 10
95.00000000000001
 20
15.00000000000006
 30
0.0
 40
15.0
100
AcDbArc
 50
270.0
 51
0.0
  0
ARC
  5
34E5
330
3498
100
AcDbEntity
  8
0
100
AcDbCircle
 10
15.0
 20
15.00000000000006
 30
0.0
 40
10.0
100
AcDbArc
 50
180.0
 51
270.0
  0
ARC
  5
34E6
330
3498
100
AcDbEntity
  8
0
100
AcDbCircle
 10
15.0
 20
15.00000000000006
 30
0.0
 40
15.0
100
AcDbArc
 50
180.0
 51
270.0
  0
LINE
  5
34E7
330
3498
100
AcDbEntity
  8
0
100
AcDbLine
 10
95.00000000000001
 20
110.0
 30
0.0
 11
195.0
 21
110.0
 31
0.0
  0
LINE
  5
34E8
330
3498
100
AcDbEntity
  8
0
100
AcDbLine
 10
95.00000000000001
 20
105.0
 30
0.0
 11
195.0
 21
105.0
 31
0.0
  0
LINE
  5
34E9
330
3498
100
AcDbEntity
  8
0
100
AcDbLine
 10
95.0
 20
5.000000000000056
 30
0.0
 11
195.0
 21
5.000000000000056
 31
0.0
  0
LINE
  5
34EA
330
3498
100
AcDbEntity
  8
0
100
AcDbLine
 10
95.0
 20
0.0000000000000568
 30
0.0
 11
195.0
 21
0.0000000000000568
 31
0.0
  0
CIRCLE
  5
34EB
330
3498
100
AcDbEntity
  8
0
100
AcDbCircle
 10
195.0
 20
55.00000000000006
 30
0.0
 40
50.0
  0
CIRCLE
  5
34EC
330
3498
100
AcDbEntity
  8
0
100
AcDbCircle
 10
195.0
 20
55.00000000000006
 30
0.0
 40
55.0
  0
LINE
  5
34ED
330
3498
100
AcDbEntity
  8
0
100
AcDbLine
 10
110.0
 20
67.50000000000006
 30
0.0
 11
110.0
 21
15.00000000000006
 31
0.0
  0
LINE
  5
34EE
330
3498
100
AcDbEntity
  8
0
100
AcDbLine
 10
105.0
 20
62.50000000000006
 30
0.0
 11
105.0
 21
15.00000000000006
 31
0.0
  0
LINE
  5
34EF
330
3498
100
AcDbEntity
  8
0
100
AcDbLine
 10
375.0
 20
5.0
 30
0.0
 11
295.0
 21
5.000000000000028
 31
0.0
  0
LINE
  5
34F0
330
3498
100
AcDbEntity
  8
0
100
AcDbLine
 10
375.0
 20
0.0
 30
0.0
 11
295.0
 21
0.0000000000000284
 31
0.0
  0
LINE
  5
34F1
330
3498
100
AcDbEntity
  8
0
100
AcDbLine
 10
285.0
 20
62.50000000000003
 30
0.0
 11
285.0
 21
95.00000000000003
 31
0.0
  0
LINE
  5
34F2
330
3498
100
AcDbEntity
  8
0
100
AcDbLine
 10
280.0
 20
67.50000000000003
 30
0.0
 11
280.0
 21
95.00000000000003
 31
0.0
  0
LINE
  5
34F3
330
3498
100
AcDbEntity
  8
0
100
AcDbLine
 10
295.0
 20
105.0
 30
0.0
 11
375.0
 21
105.0
 31
0.0
  0
LINE
  5
34F4
330
3498
100
AcDbEntity
  8
0
100
AcDbLine
 10
295.0
 20
110.0
 30
0.0
 11
375.0
 21
110.0
 31
0.0
  0
LINE
  5
34F5
330
3498
100
AcDbEntity
  8
0
100
AcDbLine
 10
385.0000000000001
 20
95.0
 30
0.0
 11
385.0
 21
15.0
 31
0.0
  0
LINE
  5
34F6
330
3498
100
AcDbEntity
  8
0
100
AcDbLine
 10
390.0000000000001
 20
95.0
 30
0.0
 11
390.0
 21
15.0
 31
0.0
  0
ARC
  5
34F7
330
3498
100
AcDbEntity
  8
0
100
AcDbCircle
 10
375.0
 20
95.0
 30
0.0
 40
10.0
100
AcDbArc
 50
0.0
 51
90.0
  0
ARC
  5
34F8
330
3498
100
AcDbEntity
  8
0
100
AcDbCircle
 10
375.0
 20
95.0
 30
0.0
 40
15.0
100
AcDbArc
 50
0.0
 51
90.0
  0
ARC
  5
34F9
330
3498
100
AcDbEntity
  8
0
100
AcDbCircle
 10
295.0
 20
95.00000000000003
 30
0.0
 40
10.0
100
AcDbArc
 50
90.0
 51
180.0
  0
ARC
  5
34FA
330
3498
100
AcDbEntity
  8
0
100
AcDbCircle
 10
295.0
 20
95.00000000000003
 30
0.0
 40
15.0
100
AcDbArc
 50
90.0
 51
180.0
  0
ARC
  5
34FB
330
3498
100
AcDbEntity
  8
0
100
AcDbCircle
 10
295.0
 20
15.00000000000003
 30
0.0
 40
10.0
100
AcDbArc
 50
180.0
 51
270.0
  0
ARC
  5
34FC
330
3498
100
AcDbEntity
  8
0
100
AcDbCircle
 10
295.0
 20
15.00000000000003
 30
0.0
 40
15.0
100
AcDbArc
 50
180.0
 51
270.0
  0
ARC
  5
34FD
330
3498
100
AcDbEntity
  8
0
100
AcDbCircle
 10
375.0
 20
15.0
 30
0.0
 40
10.0
100
AcDbArc
 50
270.0
 51
0.0
  0
ARC
  5
34FE
330
3498
100
AcDbEntity
  8
0
100
AcDbCircle
 10
375.0
 20
15.0
 30
0.0
 40
15.0
100
AcDbArc
 50
270.0
 51
0.0
  0
LINE
  5
34FF
330
3498
100
AcDbEntity
  8
0
100
AcDbLine
 10
295.0
 20
110.0
 30
0.0
 11
195.0
 21
110.0
 31
0.0
  0
LINE
  5
3500
330
3498
100
AcDbEntity
  8
0
100
AcDbLine
 10
295.0
 20
105.0
 30
0.0
 11
195.0
 21
105.0
 31
0.0
  0
LINE
  5
3501
330
3498
100
AcDbEntity
  8
0
100
AcDbLine
 10
295.0
 20
5.000000000000028
 30
0.0
 11
195.0
 21
5.000000000000056
 31
0.0
  0
LINE
  5
3502
330
3498
100
AcDbEntity
  8
0
100
AcDbLine
 10
295.0
 20
0.0000000000000284
 30
0.0
 11
195.0
 21
0.0000000000000568
 31
0.0
  0
LINE
  5
3503
330
3498
100
AcDbEntity
  8
0
100
AcDbLine
 10
280.0
 20
67.50000000000003
 30
0.0
 11
280.0
 21
15.00000000000003
 31
0.0
  0
LINE
  5
3504
330
3498
100
AcDbEntity
  8
0
100
AcDbLine
 10
285.0
 20
62.50000000000003
 30
0.0
 11
285.0
 21
15.00000000000003
 31
0.0
  0
LINE
  5
3505
330
3498
100
AcDbEntity
  8
0
100
AcDbLine
 10
55.72794310642375
 20
189.9986752426972
 30
0.0
 11
55.72794310642375
 21
162.4993376213486
 31
0.0
  0
LINE
  5
3506
330
3498
100
AcDbEntity
  8
0
100
AcDbLine
 10
60.72794310642375
 20
189.9986752426972
 30
0.0
 11
60.72794310642375
 21
167.4993376213486
 31
0.0
  0
LINE
  5
3507
330
3498
100
AcDbEntity
  8
0
100
AcDbLine
 10
65.72794310642375
 20
152.4993376213486
 30
0.0
 11
195.7279431064238
 21
152.4993376213486
 31
0.0
  0
ARC
  5
3508
330
3498
100
AcDbEntity
  8
0
100
AcDbCircle
 10
65.72794310642375
 20
162.4993376213486
 30
0.0
 40
10.0
100
AcDbArc
 50
180.0
 51
270.0
  0
LINE
  5
3509
330
3498
100
AcDbEntity
  8
0
100
AcDbLine
 10
70.72794310642375
 20
157.4993376213486
 30
0.0
 11
195.7279431064238
 21
157.4993376213486
 31
0.0
  0
ARC
  5
350A
330
3498
100
AcDbEntity
  8
0
100
AcDbCircle
 10
70.72794310642375
 20
167.4993376213486
 30
0.0
 40
10.0
100
AcDbArc
 50
180.0
 51
270.0
  0
LINE
  5
350B
330
3498
100
AcDbEntity
  8
0
100
AcDbLine
 10
45.72794310642375
 20
199.9986752426971
 30
0.0
 11
95.72794310642377
 21
199.9986752426971
 31
0.0
  0
ARC
  5
350C
330
3498
100
AcDbEntity
  8
0
100
AcDbCircle
 10
345.7279431064238
 20
189.9986752426971
 30
0.0
 40
10.0
100
AcDbArc
 50
90.0
 51
180.0
  0
ARC
  5
350D
330
3498
100
AcDbEntity
  8
0
100
AcDbCircle
 10
345.7279431064238
 20
189.9986752426971
 30
0.0
 40
15.0
100
AcDbArc
 50
90.0
 51
180.0
  0
LINE
  5
350E
330
3498
100
AcDbEntity
  8
0
100
AcDbLine
 10
335.7279431064238
 20
189.9986752426971
 30
0.0
 11
335.7279431064238
 21
162.4993376213485
 31
0.0
  0
LINE
  5
350F
330
3498
100
AcDbEntity
  8
0
100
AcDbLine
 10
330.7279431064238
 20
189.9986752426971
 30
0.0
 11
330.7279431064238
 21
167.4993376213485
 31
0.0
  0
LINE
  5
3510
330
3498
100
AcDbEntity
  8
0
100
AcDbLine
 10
325.7279431064238
 20
152.4993376213485
 30
0.0
 11
195.7279431064237
 21
152.4993376213486
 31
0.0
  0
ARC
  5
3511
330
3498
100
AcDbEntity
  8
0
100
AcDbCircle
 10
325.7279431064238
 20
162.4993376213485
 30
0.0
 40
10.0
100
AcDbArc
 50
270.0
 51
0.0
  0
LINE
  5
3512
330
3498
100
AcDbEntity
  8
0
100
AcDbLine
 10
320.7279431064238
 20
157.4993376213485
 30
0.0
 11
195.7279431064237
 21
157.4993376213486
 31
0.0
  0
ARC
  5
3513
330
3498
100
AcDbEntity
  8
0
100
AcDbCircle
 10
320.7279431064238
 20
167.4993376213485
 30
0.0
 40
10.0
100
AcDbArc
 50
270.0
 51
0.0
  0
ARC
  5
3514
330
3498
100
AcDbEntity
  8
0
100
AcDbCircle
 10
45.72794310642375
 20
120.0
 30
0.0
 40
10.0
100
AcDbArc
 50
270.0
 51
0.0
  0
ARC
  5
3515
330
3498
100
AcDbEntity
  8
0
100
AcDbCircle
 10
45.72794310642375
 20
120.0
 30
0.0
 40
15.0
100
AcDbArc
 50
270.0
 51
0.0
  0
LINE
  5
3516
330
3498
100
AcDbEntity
  8
0
100
AcDbLine
 10
55.72794310642375
 20
120.0
 30
0.0
 11
55.72794310642375
 21
147.4993376213486
 31
0.0
  0
LINE
  5
3517
330
3498
100
AcDbEntity
  8
0
100
AcDbLine
 10
60.72794310642375
 20
120.0
 30
0.0
 11
60.72794310642375
 21
142.4993376213486
 31
0.0
  0
LINE
  5
3518
330
3498
100
AcDbEntity
  8
0
100
AcDbLine
 10
65.72794310642375
 20
157.4993376213486
 30
0.0
 11
109.0541376581931
 21
157.4993376213486
 31
0.0
  0
ARC
  5
3519
330
3498
100
AcDbEntity
  8
0
100
AcDbCircle
 10
65.72794310642375
 20
147.4993376213486
 30
0.0
 40
10.0
100
AcDbArc
 50
90.0
 51
180.0
  0
LINE
  5
351A
330
3498
100
AcDbEntity
  8
0
100
AcDbLine
 10
70.72794310642375
 20
152.4993376213486
 30
0.0
 11
109.8910403823084
 21
152.4993376213486
 31
0.0
  0
ARC
  5
351B
330
3498
100
AcDbEntity
  8
0
100
AcDbCircle
 10
70.72794310642375
 20
142.4993376213486
 30
0.0
 40
10.0
100
AcDbArc
 50
90.0
 51
180.0
  0
ARC
  5
351C
330
3498
100
AcDbEntity
  8
0
100
AcDbCircle
 10
345.7279431064238
 20
120.0000000000001
 30
0.0
 40
10.0
100
AcDbArc
 50
180.0
 51
270.0
  0
ARC
  5
351D
330
3498
100
AcDbEntity
  8
0
100
AcDbCircle
 10
345.7279431064238
 20
120.0000000000001
 30
0.0
 40
15.0
100
AcDbArc
 50
180.0
 51
270.0
  0
LINE
  5
351E
330
3498
100
AcDbEntity
  8
0
100
AcDbLine
 10
335.7279431064238
 20
120.0000000000001
 30
0.0
 11
335.7279431064238
 21
147.4993376213486
 31
0.0
  0
LINE
  5
351F
330
3498
100
AcDbEntity
  8
0
100
AcDbLine
 10
330.7279431064238
 20
120.0000000000001
 30
0.0
 11
330.7279431064238
 21
142.4993376213486
 31
0.0
  0
LINE
  5
3520
330
3498
100
AcDbEntity
  8
0
100
AcDbLine
 10
325.7279431064238
 20
157.4993376213486
 30
0.0
 11
195.7279431064237
 21
157.4993376213486
 31
0.0
  0
ARC
  5
3521
330
3498
100
AcDbEntity
  8
0
100
AcDbCircle
 10
325.7279431064238
 20
147.4993376213486
 30
0.0
 40
10.0
100
AcDbArc
 50
0.0
 51
90.0
  0
LINE
  5
3522
330
3498
100
AcDbEntity
  8
0
100
AcDbLine
 10
320.7279431064238
 20
152.4993376213486
 30
0.0
 11
195.7279431064237
 21
152.4993376213486
 31
0.0
  0
ARC
  5
3523
330
3498
100
AcDbEntity
  8
0
100
AcDbCircle
 10
320.7279431064238
 20
142.4993376213486
 30
0.0
 40
10.0
100
AcDbArc
 50
0.0
 51
90.0
  0
ARC
  5
3524
330
3498
100
AcDbEntity
  8
0
100
AcDbCircle
 10
255.2573476053771
 20
262.4986752426972
 30
0.0
 40
10.0
100
AcDbArc
 50
187.1807557814583
 51
270.0
  0
ARC
  5
3525
330
3498
100
AcDbEntity
  8
0
100
AcDbCircle
 10
259.5146972172892
 20
267.4986752426972
 30
0.0
 40
10.0
100
AcDbArc
 50
191.0874892109715
 51
270.0
  0
LINE
  5
3526
330
3498
100
AcDbEntity
  8
0
100
AcDbLine
 10
255.2573476053771
 20
252.4986752426972
 30
0.0
 11
270.7279431064238
 21
252.4986752426972
 31
0.0
  0
LINE
  5
3527
330
3498
100
AcDbEntity
  8
0
100
AcDbLine
 10
259.5146972172892
 20
257.4986752426972
 30
0.0
 11
270.7279431064238
 21
257.4986752426972
 31
0.0
  0
ARC
  5
3528
330
3498
100
AcDbEntity
  8
0
100
AcDbCircle
 10
270.7279431064238
 20
267.4986752426972
 30
0.0
 40
10.0
100
AcDbArc
 50
270.0
 51
0.0
  0
ARC
  5
3529
330
3498
100
AcDbEntity
  8
0
100
AcDbCircle
 10
270.7279431064238
 20
267.4986752426972
 30
0.0
 40
15.0
100
AcDbArc
 50
270.0
 51
0.0
  0
ARC
  5
352A
330
3498
100
AcDbEntity
  8
0
100
AcDbCircle
 10
255.2573476053771
 20
247.4986752426972
 30
0.0
 40
10.0
100
AcDbArc
 50
90.0
 51
172.8192442185417
  0
ARC
  5
352B
330
3498
100
AcDbEntity
  8
0
100
AcDbCircle
 10
259.5146972172892
 20
242.4986752426972
 30
0.0
 40
10.0
100
AcDbArc
 50
90.0
 51
168.9125107890285
  0
LINE
  5
352C
330
3498
100
AcDbEntity
  8
0
100
AcDbLine
 10
255.2573476053771
 20
257.4986752426972
 30
0.0
 11
270.7279431064238
 21
257.4986752426972
 31
0.0
  0
LINE
  5
352D
330
3498
100
AcDbEntity
  8
0
100
AcDbLine
 10
259.5146972172892
 20
252.4986752426972
 30
0.0
 11
270.7279431064238
 21
252.4986752426972
 31
0.0
  0
ARC
  5
352E
330
3498
100
AcDbEntity
  8
0
100
AcDbCircle
 10
270.7279431064238
 20
242.4986752426972
 30
0.0
 40
10.0
100
AcDbArc
 50
0.0
 51
90.0
  0
ARC
  5
352F
330
3498
100
AcDbEntity
  8
0
100
AcDbCircle
 10
270.7279431064238
 20
242.4986752426972
 30
0.0
 40
15.0
100
AcDbArc
 50
0.0
 51
90.0
  0
ARC
  5
3530
330
3498
100
AcDbEntity
  8
0
100
AcDbCircle
 10
135.4705955010467
 20
47.50000000000002
 30
0.0
 40
10.0
100
AcDbArc
 50
7.180755781458279
 51
90.0
  0
ARC
  5
3531
330
3498
100
AcDbEntity
  8
0
100
AcDbCircle
 10
131.2132458891346
 20
42.50000000000006
 30
0.0
 40
10.0
100
AcDbArc
 50
11.08748921096988
 51
90.0
  0
LINE
  5
3532
330
3498
100
AcDbEntity
  8
0
100
AcDbLine
 10
135.4705955010467
 20
57.50000000000006
 30
0.0
 11
119.9999999999999
 21
57.50000000000006
 31
0.0
  0
LINE
  5
3533
330
3498
100
AcDbEntity
  8
0
100
AcDbLine
 10
131.2132458891346
 20
52.50000000000006
 30
0.0
 11
119.9999999999999
 21
52.50000000000006
 31
0.0
  0
ARC
  5
3534
330
3498
100
AcDbEntity
  8
0
100
AcDbCircle
 10
119.9999999999999
 20
42.50000000000006
 30
0.0
 40
10.0
100
AcDbArc
 50
90.0
 51
180.0
  0
ARC
  5
3535
330
3498
100
AcDbEntity
  8
0
100
AcDbCircle
 10
119.9999999999999
 20
42.50000000000006
 30
0.0
 40
15.0
100
AcDbArc
 50
90.0
 51
180.0
  0
ARC
  5
3536
330
3498
100
AcDbEntity
  8
0
100
AcDbCircle
 10
135.4705955010466
 20
62.50000000000006
 30
0.0
 40
10.0
100
AcDbArc
 50
270.0
 51
352.8192442185417
  0
ARC
  5
3537
330
3498
100
AcDbEntity
  8
0
100
AcDbCircle
 10
131.2132458891346
 20
67.50000000000003
 30
0.0
 40
10.0
100
AcDbArc
 50
270.0
 51
348.9125107890301
  0
LINE
  5
3538
330
3498
100
AcDbEntity
  8
0
100
AcDbLine
 10
135.4705955010467
 20
52.50000000000003
 30
0.0
 11
119.9999999999999
 21
52.50000000000006
 31
0.0
  0
LINE
  5
3539
330
3498
100
AcDbEntity
  8
0
100
AcDbLine
 10
131.2132458891346
 20
57.50000000000003
 30
0.0
 11
119.9999999999999
 21
57.50000000000003
 31
0.0
  0
ARC
  5
353A
330
3498
100
AcDbEntity
  8
0
100
AcDbCircle
 10
119.9999999999999
 20
67.50000000000003
 30
0.0
 40
10.0
100
AcDbArc
 50
180.0
 51
270.0
  0
ARC
  5
353B
330
3498
100
AcDbEntity
  8
0
100
AcDbCircle
 10
119.9999999999999
 20
67.50000000000003
 30
0.0
 40
15.0
100
AcDbArc
 50
180.0
 51
270.0
  0
ARC
  5
353C
330
3498
100
AcDbEntity
  8
0
100
AcDbCircle
 10
254.5294044989533
 20
47.5
 30
0.0
 40
10.0
100
AcDbArc
 50
90.0
 51
172.8192442185417
  0
ARC
  5
353D
330
3498
100
AcDbEntity
  8
0
100
AcDbCircle
 10
258.7867541108654
 20
42.50000000000002
 30
0.0
 40
10.0
100
AcDbArc
 50
90.0
 51
168.9125107890285
  0
LINE
  5
353E
330
3498
100
AcDbEntity
  8
0
100
AcDbLine
 10
254.5294044989533
 20
57.50000000000003
 30
0.0
 11
269.9999999999999
 21
57.5
 31
0.0
  0
LINE
  5
353F
330
3498
100
AcDbEntity
  8
0
100
AcDbLine
 10
258.7867541108654
 20
52.50000000000003
 30
0.0
 11
269.9999999999999
 21
52.50000000000003
 31
0.0
  0
ARC
  5
3540
330
3498
100
AcDbEntity
  8
0
100
AcDbCircle
 10
269.9999999999999
 20
42.50000000000002
 30
0.0
 40
10.0
100
AcDbArc
 50
0.0
 51
90.0
  0
ARC
  5
3541
330
3498
100
AcDbEntity
  8
0
100
AcDbCircle
 10
269.9999999999999
 20
42.50000000000002
 30
0.0
 40
15.0
100
AcDbArc
 50
0.0
 51
90.0
  0
ARC
  5
3542
330
3498
100
AcDbEntity
  8
0
100
AcDbCircle
 10
254.5294044989533
 20
62.50000000000003
 30
0.0
 40
10.0
100
AcDbArc
 50
187.1807557814583
 51
270.0
  0
ARC
  5
3543
330
3498
100
AcDbEntity
  8
0
100
AcDbCircle
 10
258.7867541108654
 20
67.5
 30
0.0
 40
10.0
100
AcDbArc
 50
191.0874892109698
 51
270.0
  0
LINE
  5
3544
330
3498
100
AcDbEntity
  8
0
100
AcDbLine
 10
254.5294044989533
 20
52.5
 30
0.0
 11
269.9999999999999
 21
52.5
 31
0.0
  0
LINE
  5
3545
330
3498
100
AcDbEntity
  8
0
100
AcDbLine
 10
258.7867541108654
 20
57.5
 30
0.0
 11
270.0
 21
57.49999999999997
 31
0.0
  0
ARC
  5
3546
330
3498
100
AcDbEntity
  8
0
100
AcDbCircle
 10
270.0
 20
67.49999999999997
 30
0.0
 40
10.0
100
AcDbArc
 50
270.0
 51
0.0
  0
ARC
  5
3547
330
3498
100
AcDbEntity
  8
0
100
AcDbCircle
 10
270.0
 20
67.49999999999997
 30
0.0
 40
15.0
100
AcDbArc
 50
270.0
 51
0.0
  0
LINE
  5
3548
330
3498
100
AcDbEntity
  8
0
100
AcDbLine
 10
112.3105170266414
 20
158.04439217419
 30
0.0
 11
247.060395407498
 21
204.4536206898557
 31
0.0
  0
ARC
  5
3549
330
3498
100
AcDbEntity
  8
0
100
AcDbCircle
 10
109.0541376581931
 20
167.4993376213486
 30
0.0
 40
10.0
100
AcDbArc
 50
270.0
 51
289.0042286711317
  0
LINE
  5
354A
330
3498
100
AcDbEntity
  8
0
100
AcDbLine
 10
113.1474197507567
 20
153.04439217419
 30
0.0
 11
262.4148717576616
 21
204.4536206898557
 31
0.0
  0
ARC
  5
354B
330
3498
100
AcDbEntity
  8
0
100
AcDbCircle
 10
109.8910403823084
 20
162.4993376213486
 30
0.0
 40
10.0
100
AcDbArc
 50
270.0
 51
289.0042286711317
  0
LINE
  5
354C
330
3498
100
AcDbEntity
  8
0
100
AcDbLine
 10
250.3167747759462
 20
204.9986752426971
 30
0.0
 11
195.7279431064238
 21
204.9986752426971
 31
0.0
  0
LINE
  5
354D
330
3498
100
AcDbEntity
  8
0
100
AcDbLine
 10
250.3167747759462
 20
204.9986752426971
 30
0.0
 11
265.6712511261098
 21
204.9986752426971
 31
0.0
  0
LINE
  5
354E
330
3498
100
AcDbEntity
  8
0
100
AcDbLine
 10
16.45588621284755
 20
514.9973504853942
 30
0.0
 11
96.45588621284757
 21
514.9973504853942
 31
0.0
  0
LINE
  5
354F
330
3498
100
AcDbEntity
  8
0
100
AcDbLine
 10
16.45588621284755
 20
509.9973504853942
 30
0.0
 11
46.45588621284754
 21
509.9973504853942
 31
0.0
  0
ARC
  5
3550
330
3498
100
AcDbEntity
  8
0
100
AcDbCircle
 10
46.45588621284754
 20
499.9973504853942
 30
0.0
 40
10.0
100
AcDbArc
 50
0.0
 51
90.0
  0
ARC
  5
3551
330
3498
100
AcDbEntity
  8
0
100
AcDbCircle
 10
46.45588621284754
 20
499.9973504853942
 30
0.0
 40
15.0
100
AcDbArc
 50
0.0
 51
90.0
  0
LINE
  5
3552
330
3498
100
AcDbEntity
  8
0
100
AcDbLine
 10
106.4558862128475
 20
572.4973504853942
 30
0.0
 11
106.4558862128475
 21
604.9973504853942
 31
0.0
  0
LINE
  5
3553
330
3498
100
AcDbEntity
  8
0
100
AcDbLine
 10
111.4558862128475
 20
577.4973504853942
 30
0.0
 11
111.4558862128475
 21
604.9973504853942
 31
0.0
  0
LINE
  5
3554
330
3498
100
AcDbEntity
  8
0
100
AcDbLine
 10
96.45588621284757
 20
614.9973504853942
 30
0.0
 11
16.45588621284757
 21
614.9973504853942
 31
0.0
  0
LINE
  5
3555
330
3498
100
AcDbEntity
  8
0
100
AcDbLine
 10
96.45588621284757
 20
619.9973504853942
 30
0.0
 11
16.45588621284757
 21
619.9973504853942
 31
0.0
  0
LINE
  5
3556
330
3498
100
AcDbEntity
  8
0
100
AcDbLine
 10
6.455886212847564
 20
604.9973504853942
 30
0.0
 11
6.455886212847548
 21
524.9973504853942
 31
0.0
  0
LINE
  5
3557
330
3498
100
AcDbEntity
  8
0
100
AcDbLine
 10
1.455886212847564
 20
604.9973504853942
 30
0.0
 11
1.455886212847548
 21
524.9973504853942
 31
0.0
  0
ARC
  5
3558
330
3498
100
AcDbEntity
  8
0
100
AcDbCircle
 10
16.45588621284757
 20
604.9973504853942
 30
0.0
 40
10.0
100
AcDbArc
 50
90.0
 51
180.0
  0
ARC
  5
3559
330
3498
100
AcDbEntity
  8
0
100
AcDbCircle
 10
16.45588621284757
 20
604.9973504853942
 30
0.0
 40
15.0
100
AcDbArc
 50
90.0
 51
180.0
  0
ARC
  5
355A
330
3498
100
AcDbEntity
  8
0
100
AcDbCircle
 10
96.45588621284757
 20
604.9973504853942
 30
0.0
 40
10.0
100
AcDbArc
 50
0.0
 51
90.0
  0
ARC
  5
355B
330
3498
100
AcDbEntity
  8
0
100
AcDbCircle
 10
96.45588621284757
 20
604.9973504853942
 30
0.0
 40
15.0
100
AcDbArc
 50
0.0
 51
90.0
  0
ARC
  5
355C
330
3498
100
AcDbEntity
  8
0
100
AcDbCircle
 10
96.45588621284757
 20
524.9973504853942
 30
0.0
 40
10.0
100
AcDbArc
 50
270.0
 51
0.0
  0
ARC
  5
355D
330
3498
100
AcDbEntity
  8
0
100
AcDbCircle
 10
96.45588621284757
 20
524.9973504853942
 30
0.0
 40
15.0
100
AcDbArc
 50
270.0
 51
0.0
  0
ARC
  5
355E
330
3498
100
AcDbEntity
  8
0
100
AcDbCircle
 10
16.45588621284755
 20
524.9973504853942
 30
0.0
 40
10.0
100
AcDbArc
 50
180.0
 51
270.0
  0
ARC
  5
355F
330
3498
100
AcDbEntity
  8
0
100
AcDbCircle
 10
16.45588621284755
 20
524.9973504853942
 30
0.0
 40
15.0
100
AcDbArc
 50
180.0
 51
270.0
  0
LINE
  5
3560
330
3498
100
AcDbEntity
  8
0
100
AcDbLine
 10
96.45588621284757
 20
619.9973504853942
 30
0.0
 11
196.4558862128476
 21
619.9973504853942
 31
0.0
  0
LINE
  5
3561
330
3498
100
AcDbEntity
  8
0
100
AcDbLine
 10
96.45588621284757
 20
614.9973504853942
 30
0.0
 11
196.4558862128476
 21
614.9973504853942
 31
0.0
  0
LINE
  5
3562
330
3498
100
AcDbEntity
  8
0
100
AcDbLine
 10
96.45588621284755
 20
514.9973504853942
 30
0.0
 11
196.4558862128476
 21
514.9973504853942
 31
0.0
  0
LINE
  5
3563
330
3498
100
AcDbEntity
  8
0
100
AcDbLine
 10
96.45588621284755
 20
509.9973504853942
 30
0.0
 11
196.4558862128476
 21
509.9973504853942
 31
0.0
  0
CIRCLE
  5
3564
330
3498
100
AcDbEntity
  8
0
100
AcDbCircle
 10
196.4558862128476
 20
564.9973504853942
 30
0.0
 40
50.0
  0
ARC
  5
3565
330
3498
100
AcDbEntity
  8
0
100
AcDbCircle
 10
136.9264817138943
 20
572.4973504853942
 30
0.0
 40
10.0
100
AcDbArc
 50
270.0
 51
352.8192442185417
  0
CIRCLE
  5
3566
330
3498
100
AcDbEntity
  8
0
100
AcDbCircle
 10
196.4558862128476
 20
564.9973504853942
 30
0.0
 40
55.0
  0
ARC
  5
3567
330
3498
100
AcDbEntity
  8
0
100
AcDbCircle
 10
132.6691321019822
 20
577.4973504853942
 30
0.0
 40
10.0
100
AcDbArc
 50
270.0
 51
348.9125107890302
  0
LINE
  5
3568
330
3498
100
AcDbEntity
  8
0
100
AcDbLine
 10
136.9264817138943
 20
562.4973504853942
 30
0.0
 11
121.4558862128475
 21
562.4973504853942
 31
0.0
  0
LINE
  5
3569
330
3498
100
AcDbEntity
  8
0
100
AcDbLine
 10
132.6691321019822
 20
567.4973504853942
 30
0.0
 11
121.4558862128475
 21
567.4973504853942
 31
0.0
  0
ARC
  5
356A
330
3498
100
AcDbEntity
  8
0
100
AcDbCircle
 10
121.4558862128475
 20
577.4973504853942
 30
0.0
 40
10.0
100
AcDbArc
 50
180.0
 51
270.0
  0
ARC
  5
356B
330
3498
100
AcDbEntity
  8
0
100
AcDbCircle
 10
121.4558862128475
 20
577.4973504853942
 30
0.0
 40
15.0
100
AcDbArc
 50
180.0
 51
270.0
  0
LINE
  5
356C
330
3498
100
AcDbEntity
  8
0
100
AcDbLine
 10
111.4558862128475
 20
577.4973504853942
 30
0.0
 11
111.4558862128475
 21
524.9973504853942
 31
0.0
  0
LINE
  5
356D
330
3498
100
AcDbEntity
  8
0
100
AcDbLine
 10
106.4558862128475
 20
572.4973504853942
 30
0.0
 11
106.4558862128475
 21
524.9973504853942
 31
0.0
  0
ARC
  5
356E
330
3498
100
AcDbEntity
  8
0
100
AcDbCircle
 10
136.9264817138942
 20
557.4973504853942
 30
0.0
 40
10.0
100
AcDbArc
 50
7.180755781458279
 51
90.0
  0
ARC
  5
356F
330
3498
100
AcDbEntity
  8
0
100
AcDbCircle
 10
132.6691321019822
 20
552.4973504853942
 30
0.0
 40
10.0
100
AcDbArc
 50
11.08748921096985
 51
90.0
  0
LINE
  5
3570
330
3498
100
AcDbEntity
  8
0
100
AcDbLine
 10
136.9264817138943
 20
567.4973504853942
 30
0.0
 11
121.4558862128475
 21
567.4973504853942
 31
0.0
  0
LINE
  5
3571
330
3498
100
AcDbEntity
  8
0
100
AcDbLine
 10
132.6691321019822
 20
562.4973504853942
 30
0.0
 11
121.4558862128475
 21
562.4973504853943
 31
0.0
  0
ARC
  5
3572
330
3498
100
AcDbEntity
  8
0
100
AcDbCircle
 10
121.4558862128475
 20
552.4973504853943
 30
0.0
 40
10.0
100
AcDbArc
 50
90.0
 51
180.0
  0
ARC
  5
3573
330
3498
100
AcDbEntity
  8
0
100
AcDbCircle
 10
121.4558862128475
 20
552.4973504853943
 30
0.0
 40
15.0
100
AcDbArc
 50
90.0
 51
180.0
  0
LINE
  5
3574
330
3498
100
AcDbEntity
  8
0
100
AcDbLine
 10
376.4558862128475
 20
514.9973504853942
 30
0.0
 11
296.4558862128475
 21
514.9973504853942
 31
0.0
  0
LINE
  5
3575
330
3498
100
AcDbEntity
  8
0
100
AcDbLine
 10
376.4558862128475
 20
509.9973504853942
 30
0.0
 11
296.4558862128475
 21
509.9973504853942
 31
0.0
  0
LINE
  5
3576
330
3498
100
AcDbEntity
  8
0
100
AcDbLine
 10
286.4558862128475
 20
572.4973504853942
 30
0.0
 11
286.4558862128475
 21
604.9973504853942
 31
0.0
  0
LINE
  5
3577
330
3498
100
AcDbEntity
  8
0
100
AcDbLine
 10
281.4558862128475
 20
577.4973504853942
 30
0.0
 11
281.4558862128475
 21
604.9973504853942
 31
0.0
  0
LINE
  5
3578
330
3498
100
AcDbEntity
  8
0
100
AcDbLine
 10
296.4558862128475
 20
614.9973504853942
 30
0.0
 11
376.4558862128476
 21
614.9973504853942
 31
0.0
  0
LINE
  5
3579
330
3498
100
AcDbEntity
  8
0
100
AcDbLine
 10
296.4558862128475
 20
619.9973504853942
 30
0.0
 11
376.4558862128476
 21
619.9973504853942
 31
0.0
  0
LINE
  5
357A
330
3498
100
AcDbEntity
  8
0
100
AcDbLine
 10
386.4558862128476
 20
604.9973504853942
 30
0.0
 11
386.4558862128475
 21
524.9973504853942
 31
0.0
  0
LINE
  5
357B
330
3498
100
AcDbEntity
  8
0
100
AcDbLine
 10
391.4558862128476
 20
604.9973504853942
 30
0.0
 11
391.4558862128475
 21
524.9973504853942
 31
0.0
  0
ARC
  5
357C
330
3498
100
AcDbEntity
  8
0
100
AcDbCircle
 10
376.4558862128476
 20
604.9973504853942
 30
0.0
 40
10.0
100
AcDbArc
 50
0.0
 51
90.0
  0
ARC
  5
357D
330
3498
100
AcDbEntity
  8
0
100
AcDbCircle
 10
376.4558862128476
 20
604.9973504853942
 30
0.0
 40
15.0
100
AcDbArc
 50
0.0
 51
90.0
  0
ARC
  5
357E
330
3498
100
AcDbEntity
  8
0
100
AcDbCircle
 10
296.4558862128475
 20
604.9973504853942
 30
0.0
 40
10.0
100
AcDbArc
 50
90.0
 51
180.0
  0
ARC
  5
357F
330
3498
100
AcDbEntity
  8
0
100
AcDbCircle
 10
296.4558862128475
 20
604.9973504853942
 30
0.0
 40
15.0
100
AcDbArc
 50
90.0
 51
180.0
  0
ARC
  5
3580
330
3498
100
AcDbEntity
  8
0
100
AcDbCircle
 10
296.4558862128475
 20
524.9973504853942
 30
0.0
 40
10.0
100
AcDbArc
 50
180.0
 51
270.0
  0
ARC
  5
3581
330
3498
100
AcDbEntity
  8
0
100
AcDbCircle
 10
296.4558862128475
 20
524.9973504853942
 30
0.0
 40
15.0
100
AcDbArc
 50
180.0
 51
270.0
  0
ARC
  5
3582
330
3498
100
AcDbEntity
  8
0
100
AcDbCircle
 10
376.4558862128475
 20
524.9973504853942
 30
0.0
 40
10.0
100
AcDbArc
 50
270.0
 51
0.0
  0
ARC
  5
3583
330
3498
100
AcDbEntity
  8
0
100
AcDbCircle
 10
376.4558862128475
 20
524.9973504853942
 30
0.0
 40
15.0
100
AcDbArc
 50
270.0
 51
0.0
  0
LINE
  5
3584
330
3498
100
AcDbEntity
  8
0
100
AcDbLine
 10
296.4558862128475
 20
619.9973504853942
 30
0.0
 11
196.4558862128476
 21
619.9973504853942
 31
0.0
  0
LINE
  5
3585
330
3498
100
AcDbEntity
  8
0
100
AcDbLine
 10
296.4558862128475
 20
614.9973504853942
 30
0.0
 11
196.4558862128476
 21
614.9973504853942
 31
0.0
  0
LINE
  5
3586
330
3498
100
AcDbEntity
  8
0
100
AcDbLine
 10
296.4558862128475
 20
514.9973504853942
 30
0.0
 11
266.3991942325336
 21
514.9973504853942
 31
0.0
  0
ARC
  5
3587
330
3498
100
AcDbEntity
  8
0
100
AcDbCircle
 10
266.3991942325336
 20
504.9973504853942
 30
0.0
 40
10.0
100
AcDbArc
 50
90.0
 51
109.0042286711315
  0
ARC
  5
3588
330
3498
100
AcDbEntity
  8
0
100
AcDbCircle
 10
251.04471788237
 20
504.9973504853942
 30
0.0
 40
10.0
100
AcDbArc
 50
90.0
 51
109.0042286711314
  0
LINE
  5
3589
330
3498
100
AcDbEntity
  8
0
100
AcDbLine
 10
296.4558862128475
 20
509.9973504853942
 30
0.0
 11
196.4558862128476
 21
509.9973504853942
 31
0.0
  0
LINE
  5
358A
330
3498
100
AcDbEntity
  8
0
100
AcDbLine
 10
281.4558862128475
 20
577.4973504853942
 30
0.0
 11
281.4558862128475
 21
524.9973504853942
 31
0.0
  0
LINE
  5
358B
330
3498
100
AcDbEntity
  8
0
100
AcDbLine
 10
286.4558862128475
 20
572.4973504853942
 30
0.0
 11
286.4558862128475
 21
524.9973504853942
 31
0.0
  0
LINE
  5
358C
330
3498
100
AcDbEntity
  8
0
100
AcDbLine
 10
15.72794310642378
 20
314.9986752426972
 30
0.0
 11
95.72794310642379
 21
314.9986752426972
 31
0.0
  0
LINE
  5
358D
330
3498
100
AcDbEntity
  8
0
100
AcDbLine
 10
15.72794310642378
 20
309.9986752426972
 30
0.0
 11
95.72794310642379
 21
309.9986752426972
 31
0.0
  0
LINE
  5
358E
330
3498
100
AcDbEntity
  8
0
100
AcDbLine
 10
105.7279431064238
 20
372.4986752426972
 30
0.0
 11
105.7279431064238
 21
404.9986752426971
 31
0.0
  0
LINE
  5
358F
330
3498
100
AcDbEntity
  8
0
100
AcDbLine
 10
110.7279431064238
 20
377.4986752426972
 30
0.0
 11
110.7279431064238
 21
404.9986752426971
 31
0.0
  0
LINE
  5
3590
330
3498
100
AcDbEntity
  8
0
100
AcDbLine
 10
95.72794310642379
 20
414.9986752426971
 30
0.0
 11
15.7279431064238
 21
414.9986752426971
 31
0.0
  0
LINE
  5
3591
330
3498
100
AcDbEntity
  8
0
100
AcDbLine
 10
95.72794310642379
 20
419.9986752426971
 30
0.0
 11
15.7279431064238
 21
419.9986752426971
 31
0.0
  0
LINE
  5
3592
330
3498
100
AcDbEntity
  8
0
100
AcDbLine
 10
5.727943106423798
 20
404.9986752426972
 30
0.0
 11
5.727943106423783
 21
324.9986752426972
 31
0.0
  0
LINE
  5
3593
330
3498
100
AcDbEntity
  8
0
100
AcDbLine
 10
0.7279431064237985
 20
404.9986752426972
 30
0.0
 11
0.7279431064237834
 21
324.9986752426972
 31
0.0
  0
ARC
  5
3594
330
3498
100
AcDbEntity
  8
0
100
AcDbCircle
 10
15.7279431064238
 20
404.9986752426972
 30
0.0
 40
10.0
100
AcDbArc
 50
90.0
 51
180.0
  0
ARC
  5
3595
330
3498
100
AcDbEntity
  8
0
100
AcDbCircle
 10
15.7279431064238
 20
404.9986752426972
 30
0.0
 40
15.0
100
AcDbArc
 50
90.0
 51
180.0
  0
ARC
  5
3596
330
3498
100
AcDbEntity
  8
0
100
AcDbCircle
 10
95.72794310642379
 20
404.9986752426971
 30
0.0
 40
10.0
100
AcDbArc
 50
0.0
 51
90.0
  0
ARC
  5
3597
330
3498
100
AcDbEntity
  8
0
100
AcDbCircle
 10
95.72794310642379
 20
404.9986752426971
 30
0.0
 40
15.0
100
AcDbArc
 50
0.0
 51
90.0
  0
ARC
  5
3598
330
3498
100
AcDbEntity
  8
0
100
AcDbCircle
 10
95.72794310642379
 20
324.9986752426972
 30
0.0
 40
10.0
100
AcDbArc
 50
270.0
 51
0.0
  0
ARC
  5
3599
330
3498
100
AcDbEntity
  8
0
100
AcDbCircle
 10
95.72794310642379
 20
324.9986752426972
 30
0.0
 40
15.0
100
AcDbArc
 50
270.0
 51
0.0
  0
ARC
  5
359A
330
3498
100
AcDbEntity
  8
0
100
AcDbCircle
 10
15.72794310642378
 20
324.9986752426972
 30
0.0
 40
10.0
100
AcDbArc
 50
180.0
 51
270.0
  0
ARC
  5
359B
330
3498
100
AcDbEntity
  8
0
100
AcDbCircle
 10
15.72794310642378
 20
324.9986752426972
 30
0.0
 40
15.0
100
AcDbArc
 50
180.0
 51
270.0
  0
LINE
  5
359C
330
3498
100
AcDbEntity
  8
0
100
AcDbLine
 10
95.72794310642379
 20
419.9986752426971
 30
0.0
 11
195.7279431064238
 21
419.9986752426971
 31
0.0
  0
LINE
  5
359D
330
3498
100
AcDbEntity
  8
0
100
AcDbLine
 10
95.72794310642379
 20
414.9986752426971
 30
0.0
 11
195.7279431064238
 21
414.9986752426971
 31
0.0
  0
LINE
  5
359E
330
3498
100
AcDbEntity
  8
0
100
AcDbLine
 10
95.72794310642377
 20
314.9986752426972
 30
0.0
 11
195.7279431064238
 21
314.9986752426972
 31
0.0
  0
LINE
  5
359F
330
3498
100
AcDbEntity
  8
0
100
AcDbLine
 10
95.72794310642377
 20
309.9986752426972
 30
0.0
 11
195.7279431064238
 21
309.9986752426972
 31
0.0
  0
CIRCLE
  5
35A0
330
3498
100
AcDbEntity
  8
0
100
AcDbCircle
 10
195.7279431064238
 20
364.9986752426972
 30
0.0
 40
50.0
  0
CIRCLE
  5
35A1
330
3498
100
AcDbEntity
  8
0
100
AcDbCircle
 10
195.7279431064238
 20
364.9986752426972
 30
0.0
 40
55.0
  0
LINE
  5
35A2
330
3498
100
AcDbEntity
  8
0
100
AcDbLine
 10
110.7279431064238
 20
377.4986752426972
 30
0.0
 11
110.7279431064238
 21
324.9986752426972
 31
0.0
  0
LINE
  5
35A3
330
3498
100
AcDbEntity
  8
0
100
AcDbLine
 10
105.7279431064238
 20
372.4986752426972
 30
0.0
 11
105.7279431064238
 21
324.9986752426972
 31
0.0
  0
LINE
  5
35A4
330
3498
100
AcDbEntity
  8
0
100
AcDbLine
 10
375.7279431064238
 20
314.9986752426971
 30
0.0
 11
295.7279431064238
 21
314.9986752426971
 31
0.0
  0
LINE
  5
35A5
330
3498
100
AcDbEntity
  8
0
100
AcDbLine
 10
375.7279431064238
 20
309.9986752426971
 30
0.0
 11
295.7279431064238
 21
309.9986752426971
 31
0.0
  0
LINE
  5
35A6
330
3498
100
AcDbEntity
  8
0
100
AcDbLine
 10
285.7279431064238
 20
372.4986752426971
 30
0.0
 11
285.7279431064238
 21
404.9986752426971
 31
0.0
  0
LINE
  5
35A7
330
3498
100
AcDbEntity
  8
0
100
AcDbLine
 10
280.7279431064237
 20
377.4986752426971
 30
0.0
 11
280.7279431064237
 21
404.9986752426971
 31
0.0
  0
LINE
  5
35A8
330
3498
100
AcDbEntity
  8
0
100
AcDbLine
 10
295.7279431064238
 20
414.9986752426971
 30
0.0
 11
375.7279431064238
 21
414.9986752426971
 31
0.0
  0
LINE
  5
35A9
330
3498
100
AcDbEntity
  8
0
100
AcDbLine
 10
295.7279431064238
 20
419.9986752426971
 30
0.0
 11
375.7279431064238
 21
419.9986752426971
 31
0.0
  0
LINE
  5
35AA
330
3498
100
AcDbEntity
  8
0
100
AcDbLine
 10
385.7279431064238
 20
404.9986752426971
 30
0.0
 11
385.7279431064238
 21
324.9986752426971
 31
0.0
  0
LINE
  5
35AB
330
3498
100
AcDbEntity
  8
0
100
AcDbLine
 10
390.7279431064239
 20
404.9986752426971
 30
0.0
 11
390.7279431064237
 21
324.9986752426971
 31
0.0
  0
ARC
  5
35AC
330
3498
100
AcDbEntity
  8
0
100
AcDbCircle
 10
375.7279431064238
 20
404.9986752426971
 30
0.0
 40
10.0
100
AcDbArc
 50
0.0
 51
90.0
  0
ARC
  5
35AD
330
3498
100
AcDbEntity
  8
0
100
AcDbCircle
 10
375.7279431064238
 20
404.9986752426971
 30
0.0
 40
15.0
100
AcDbArc
 50
0.0
 51
90.0
  0
ARC
  5
35AE
330
3498
100
AcDbEntity
  8
0
100
AcDbCircle
 10
295.7279431064238
 20
404.9986752426971
 30
0.0
 40
10.0
100
AcDbArc
 50
90.0
 51
180.0
  0
ARC
  5
35AF
330
3498
100
AcDbEntity
  8
0
100
AcDbCircle
 10
295.7279431064238
 20
404.9986752426971
 30
0.0
 40
15.0
100
AcDbArc
 50
90.0
 51
180.0
  0
ARC
  5
35B0
330
3498
100
AcDbEntity
  8
0
100
AcDbCircle
 10
295.7279431064238
 20
324.9986752426971
 30
0.0
 40
10.0
100
AcDbArc
 50
180.0
 51
270.0
  0
ARC
  5
35B1
330
3498
100
AcDbEntity
  8
0
100
AcDbCircle
 10
295.7279431064238
 20
324.9986752426971
 30
0.0
 40
15.0
100
AcDbArc
 50
180.0
 51
270.0
  0
ARC
  5
35B2
330
3498
100
AcDbEntity
  8
0
100
AcDbCircle
 10
375.7279431064238
 20
324.9986752426971
 30
0.0
 40
10.0
100
AcDbArc
 50
270.0
 51
0.0
  0
ARC
  5
35B3
330
3498
100
AcDbEntity
  8
0
100
AcDbCircle
 10
375.7279431064238
 20
324.9986752426971
 30
0.0
 40
15.0
100
AcDbArc
 50
270.0
 51
0.0
  0
LINE
  5
35B4
330
3498
100
AcDbEntity
  8
0
100
AcDbLine
 10
295.7279431064238
 20
419.9986752426971
 30
0.0
 11
195.7279431064238
 21
419.9986752426971
 31
0.0
  0
LINE
  5
35B5
330
3498
100
AcDbEntity
  8
0
100
AcDbLine
 10
295.7279431064238
 20
414.9986752426971
 30
0.0
 11
195.7279431064238
 21
414.9986752426971
 31
0.0
  0
LINE
  5
35B6
330
3498
100
AcDbEntity
  8
0
100
AcDbLine
 10
295.7279431064238
 20
314.9986752426971
 30
0.0
 11
195.7279431064238
 21
314.9986752426972
 31
0.0
  0
LINE
  5
35B7
330
3498
100
AcDbEntity
  8
0
100
AcDbLine
 10
295.7279431064238
 20
309.9986752426971
 30
0.0
 11
195.7279431064238
 21
309.9986752426972
 31
0.0
  0
LINE
  5
35B8
330
3498
100
AcDbEntity
  8
0
100
AcDbLine
 10
280.7279431064237
 20
377.4986752426971
 30
0.0
 11
280.7279431064237
 21
324.9986752426971
 31
0.0
  0
LINE
  5
35B9
330
3498
100
AcDbEntity
  8
0
100
AcDbLine
 10
285.7279431064238
 20
372.4986752426971
 30
0.0
 11
285.7279431064238
 21
324.9986752426971
 31
0.0
  0
LINE
  5
35BA
330
3498
100
AcDbEntity
  8
0
100
AcDbLine
 10
56.45588621284755
 20
499.9973504853942
 30
0.0
 11
56.45588621284753
 21
472.4980128640456
 31
0.0
  0
LINE
  5
35BB
330
3498
100
AcDbEntity
  8
0
100
AcDbLine
 10
61.45588621284755
 20
499.9973504853942
 30
0.0
 11
61.45588621284753
 21
477.4980128640456
 31
0.0
  0
LINE
  5
35BC
330
3498
100
AcDbEntity
  8
0
100
AcDbLine
 10
66.45588621284753
 20
462.4980128640457
 30
0.0
 11
196.4558862128476
 21
462.4980128640457
 31
0.0
  0
ARC
  5
35BD
330
3498
100
AcDbEntity
  8
0
100
AcDbCircle
 10
66.45588621284753
 20
472.4980128640456
 30
0.0
 40
10.0
100
AcDbArc
 50
180.0
 51
270.0
  0
LINE
  5
35BE
330
3498
100
AcDbEntity
  8
0
100
AcDbLine
 10
71.45588621284753
 20
467.4980128640457
 30
0.0
 11
196.4558862128476
 21
467.4980128640457
 31
0.0
  0
ARC
  5
35BF
330
3498
100
AcDbEntity
  8
0
100
AcDbCircle
 10
71.45588621284753
 20
477.4980128640456
 30
0.0
 40
10.0
100
AcDbArc
 50
180.0
 51
270.0
  0
LINE
  5
35C0
330
3498
100
AcDbEntity
  8
0
100
AcDbLine
 10
46.45588621284754
 20
509.9973504853942
 30
0.0
 11
96.45588621284755
 21
509.9973504853942
 31
0.0
  0
ARC
  5
35C1
330
3498
100
AcDbEntity
  8
0
100
AcDbCircle
 10
346.4558862128475
 20
499.9973504853942
 30
0.0
 40
10.0
100
AcDbArc
 50
90.0
 51
180.0
  0
ARC
  5
35C2
330
3498
100
AcDbEntity
  8
0
100
AcDbCircle
 10
346.4558862128475
 20
499.9973504853942
 30
0.0
 40
15.0
100
AcDbArc
 50
90.0
 51
180.0
  0
LINE
  5
35C3
330
3498
100
AcDbEntity
  8
0
100
AcDbLine
 10
336.4558862128475
 20
499.9973504853942
 30
0.0
 11
336.4558862128475
 21
472.4980128640456
 31
0.0
  0
LINE
  5
35C4
330
3498
100
AcDbEntity
  8
0
100
AcDbLine
 10
331.4558862128475
 20
499.9973504853942
 30
0.0
 11
331.4558862128475
 21
477.4980128640456
 31
0.0
  0
LINE
  5
35C5
330
3498
100
AcDbEntity
  8
0
100
AcDbLine
 10
326.4558862128475
 20
462.4980128640457
 30
0.0
 11
196.4558862128475
 21
462.4980128640457
 31
0.0
  0
ARC
  5
35C6
330
3498
100
AcDbEntity
  8
0
100
AcDbCircle
 10
326.4558862128475
 20
472.4980128640456
 30
0.0
 40
10.0
100
AcDbArc
 50
270.0
 51
0.0
  0
LINE
  5
35C7
330
3498
100
AcDbEntity
  8
0
100
AcDbLine
 10
321.4558862128475
 20
467.4980128640457
 30
0.0
 11
196.4558862128475
 21
467.4980128640457
 31
0.0
  0
ARC
  5
35C8
330
3498
100
AcDbEntity
  8
0
100
AcDbCircle
 10
321.4558862128475
 20
477.4980128640456
 30
0.0
 40
10.0
100
AcDbArc
 50
270.0
 51
0.0
  0
ARC
  5
35C9
330
3498
100
AcDbEntity
  8
0
100
AcDbCircle
 10
46.45588621284754
 20
429.9986752426971
 30
0.0
 40
10.0
100
AcDbArc
 50
270.0
 51
0.0
  0
ARC
  5
35CA
330
3498
100
AcDbEntity
  8
0
100
AcDbCircle
 10
46.45588621284754
 20
429.9986752426971
 30
0.0
 40
15.0
100
AcDbArc
 50
270.0
 51
0.0
  0
LINE
  5
35CB
330
3498
100
AcDbEntity
  8
0
100
AcDbLine
 10
56.45588621284755
 20
429.9986752426971
 30
0.0
 11
56.45588621284753
 21
457.4980128640456
 31
0.0
  0
LINE
  5
35CC
330
3498
100
AcDbEntity
  8
0
100
AcDbLine
 10
61.45588621284755
 20
429.9986752426971
 30
0.0
 11
61.45588621284753
 21
452.4980128640456
 31
0.0
  0
LINE
  5
35CD
330
3498
100
AcDbEntity
  8
0
100
AcDbLine
 10
66.45588621284753
 20
467.4980128640457
 30
0.0
 11
109.7820807646169
 21
467.4980128640457
 31
0.0
  0
ARC
  5
35CE
330
3498
100
AcDbEntity
  8
0
100
AcDbCircle
 10
66.45588621284753
 20
457.4980128640456
 30
0.0
 40
10.0
100
AcDbArc
 50
90.0
 51
180.0
  0
LINE
  5
35CF
330
3498
100
AcDbEntity
  8
0
100
AcDbLine
 10
71.45588621284753
 20
462.4980128640457
 30
0.0
 11
110.6189834887322
 21
462.4980128640457
 31
0.0
  0
ARC
  5
35D0
330
3498
100
AcDbEntity
  8
0
100
AcDbCircle
 10
71.45588621284753
 20
452.4980128640456
 30
0.0
 40
10.0
100
AcDbArc
 50
90.0
 51
180.0
  0
ARC
  5
35D1
330
3498
100
AcDbEntity
  8
0
100
AcDbCircle
 10
346.4558862128475
 20
429.9986752426972
 30
0.0
 40
10.0
100
AcDbArc
 50
180.0
 51
270.0
  0
ARC
  5
35D2
330
3498
100
AcDbEntity
  8
0
100
AcDbCircle
 10
346.4558862128475
 20
429.9986752426972
 30
0.0
 40
15.0
100
AcDbArc
 50
180.0
 51
270.0
  0
LINE
  5
35D3
330
3498
100
AcDbEntity
  8
0
100
AcDbLine
 10
336.4558862128475
 20
429.9986752426972
 30
0.0
 11
336.4558862128475
 21
457.4980128640458
 31
0.0
  0
LINE
  5
35D4
330
3498
100
AcDbEntity
  8
0
100
AcDbLine
 10
331.4558862128475
 20
429.9986752426972
 30
0.0
 11
331.4558862128475
 21
452.4980128640457
 31
0.0
  0
LINE
  5
35D5
330
3498
100
AcDbEntity
  8
0
100
AcDbLine
 10
326.4558862128475
 20
467.4980128640457
 30
0.0
 11
196.4558862128475
 21
467.4980128640457
 31
0.0
  0
ARC
  5
35D6
330
3498
100
AcDbEntity
  8
0
100
AcDbCircle
 10
326.4558862128475
 20
457.4980128640458
 30
0.0
 40
10.0
100
AcDbArc
 50
0.0
 51
90.0
  0
LINE
  5
35D7
330
3498
100
AcDbEntity
  8
0
100
AcDbLine
 10
321.4558862128475
 20
462.4980128640458
 30
0.0
 11
196.4558862128475
 21
462.4980128640457
 31
0.0
  0
ARC
  5
35D8
330
3498
100
AcDbEntity
  8
0
100
AcDbCircle
 10
321.4558862128475
 20
452.4980128640457
 30
0.0
 40
10.0
100
AcDbArc
 50
0.0
 51
90.0
  0
ARC
  5
35D9
330
3498
100
AcDbEntity
  8
0
100
AcDbCircle
 10
255.9852907118009
 20
572.4973504853943
 30
0.0
 40
10.0
100
AcDbArc
 50
187.1807557814583
 51
270.0
  0
ARC
  5
35DA
330
3498
100
AcDbEntity
  8
0
100
AcDbCircle
 10
260.242640323713
 20
577.4973504853943
 30
0.0
 40
10.0
100
AcDbArc
 50
191.0874892109698
 51
270.0
  0
LINE
  5
35DB
330
3498
100
AcDbEntity
  8
0
100
AcDbLine
 10
255.9852907118009
 20
562.4973504853943
 30
0.0
 11
271.4558862128475
 21
562.4973504853943
 31
0.0
  0
LINE
  5
35DC
330
3498
100
AcDbEntity
  8
0
100
AcDbLine
 10
260.242640323713
 20
567.4973504853942
 30
0.0
 11
271.4558862128475
 21
567.4973504853944
 31
0.0
  0
ARC
  5
35DD
330
3498
100
AcDbEntity
  8
0
100
AcDbCircle
 10
271.4558862128475
 20
577.4973504853943
 30
0.0
 40
10.0
100
AcDbArc
 50
270.0
 51
0.0
  0
ARC
  5
35DE
330
3498
100
AcDbEntity
  8
0
100
AcDbCircle
 10
271.4558862128475
 20
577.4973504853943
 30
0.0
 40
15.0
100
AcDbArc
 50
270.0
 51
0.0
  0
ARC
  5
35DF
330
3498
100
AcDbEntity
  8
0
100
AcDbCircle
 10
255.9852907118009
 20
557.4973504853943
 30
0.0
 40
10.0
100
AcDbArc
 50
90.0
 51
172.8192442185417
  0
ARC
  5
35E0
330
3498
100
AcDbEntity
  8
0
100
AcDbCircle
 10
260.242640323713
 20
552.4973504853943
 30
0.0
 40
10.0
100
AcDbArc
 50
90.0
 51
168.9125107890301
  0
LINE
  5
35E1
330
3498
100
AcDbEntity
  8
0
100
AcDbLine
 10
255.9852907118009
 20
567.4973504853944
 30
0.0
 11
271.4558862128475
 21
567.4973504853944
 31
0.0
  0
LINE
  5
35E2
330
3498
100
AcDbEntity
  8
0
100
AcDbLine
 10
260.242640323713
 20
562.4973504853943
 30
0.0
 11
271.4558862128476
 21
562.4973504853943
 31
0.0
  0
ARC
  5
35E3
330
3498
100
AcDbEntity
  8
0
100
AcDbCircle
 10
271.4558862128476
 20
552.4973504853943
 30
0.0
 40
10.0
100
AcDbArc
 50
0.0
 51
90.0
  0
ARC
  5
35E4
330
3498
100
AcDbEntity
  8
0
100
AcDbCircle
 10
271.4558862128476
 20
552.4973504853943
 30
0.0
 40
15.0
100
AcDbArc
 50
0.0
 51
90.0
  0
ARC
  5
35E5
330
3498
100
AcDbEntity
  8
0
100
AcDbCircle
 10
136.1985386074705
 20
357.4986752426971
 30
0.0
 40
10.0
100
AcDbArc
 50
7.180755781458279
 51
90.0
  0
ARC
  5
35E6
330
3498
100
AcDbEntity
  8
0
100
AcDbCircle
 10
131.9411889955584
 20
352.4986752426972
 30
0.0
 40
10.0
100
AcDbArc
 50
11.08748921096985
 51
90.0
  0
LINE
  5
35E7
330
3498
100
AcDbEntity
  8
0
100
AcDbLine
 10
136.1985386074705
 20
367.4986752426972
 30
0.0
 11
120.7279431064237
 21
367.4986752426972
 31
0.0
  0
LINE
  5
35E8
330
3498
100
AcDbEntity
  8
0
100
AcDbLine
 10
131.9411889955584
 20
362.4986752426972
 30
0.0
 11
120.7279431064237
 21
362.4986752426972
 31
0.0
  0
ARC
  5
35E9
330
3498
100
AcDbEntity
  8
0
100
AcDbCircle
 10
120.7279431064237
 20
352.4986752426972
 30
0.0
 40
10.0
100
AcDbArc
 50
90.0
 51
180.0
  0
ARC
  5
35EA
330
3498
100
AcDbEntity
  8
0
100
AcDbCircle
 10
120.7279431064237
 20
352.4986752426972
 30
0.0
 40
15.0
100
AcDbArc
 50
90.0
 51
180.0
  0
ARC
  5
35EB
330
3498
100
AcDbEntity
  8
0
100
AcDbCircle
 10
136.1985386074704
 20
372.4986752426972
 30
0.0
 40
10.0
100
AcDbArc
 50
270.0
 51
352.8192442185417
  0
ARC
  5
35EC
330
3498
100
AcDbEntity
  8
0
100
AcDbCircle
 10
131.9411889955584
 20
377.4986752426971
 30
0.0
 40
10.0
100
AcDbArc
 50
270.0
 51
348.9125107890302
  0
LINE
  5
35ED
330
3498
100
AcDbEntity
  8
0
100
AcDbLine
 10
136.1985386074705
 20
362.4986752426971
 30
0.0
 11
120.7279431064237
 21
362.4986752426972
 31
0.0
  0
LINE
  5
35EE
330
3498
100
AcDbEntity
  8
0
100
AcDbLine
 10
131.9411889955584
 20
367.4986752426971
 30
0.0
 11
120.7279431064237
 21
367.4986752426971
 31
0.0
  0
ARC
  5
35EF
330
3498
100
AcDbEntity
  8
0
100
AcDbCircle
 10
120.7279431064237
 20
377.4986752426971
 30
0.0
 40
10.0
100
AcDbArc
 50
180.0
 51
270.0
  0
ARC
  5
35F0
330
3498
100
AcDbEntity
  8
0
100
AcDbCircle
 10
120.7279431064237
 20
377.4986752426971
 30
0.0
 40
15.0
100
AcDbArc
 50
180.0
 51
270.0
  0
ARC
  5
35F1
330
3498
100
AcDbEntity
  8
0
100
AcDbCircle
 10
255.2573476053771
 20
357.4986752426971
 30
0.0
 40
10.0
100
AcDbArc
 50
90.0
 51
172.8192442185417
  0
ARC
  5
35F2
330
3498
100
AcDbEntity
  8
0
100
AcDbCircle
 10
259.5146972172892
 20
352.4986752426971
 30
0.0
 40
10.0
100
AcDbArc
 50
90.0
 51
168.9125107890301
  0
LINE
  5
35F3
330
3498
100
AcDbEntity
  8
0
100
AcDbLine
 10
255.2573476053771
 20
367.4986752426971
 30
0.0
 11
270.7279431064237
 21
367.4986752426971
 31
0.0
  0
LINE
  5
35F4
330
3498
100
AcDbEntity
  8
0
100
AcDbLine
 10
259.5146972172892
 20
362.4986752426971
 30
0.0
 11
270.7279431064237
 21
362.4986752426971
 31
0.0
  0
ARC
  5
35F5
330
3498
100
AcDbEntity
  8
0
100
AcDbCircle
 10
270.7279431064237
 20
352.4986752426971
 30
0.0
 40
10.0
100
AcDbArc
 50
0.0
 51
90.0
  0
ARC
  5
35F6
330
3498
100
AcDbEntity
  8
0
100
AcDbCircle
 10
270.7279431064237
 20
352.4986752426971
 30
0.0
 40
15.0
100
AcDbArc
 50
0.0
 51
90.0
  0
ARC
  5
35F7
330
3498
100
AcDbEntity
  8
0
100
AcDbCircle
 10
255.2573476053771
 20
372.4986752426971
 30
0.0
 40
10.0
100
AcDbArc
 50
187.1807557814583
 51
270.0
  0
ARC
  5
35F8
330
3498
100
AcDbEntity
  8
0
100
AcDbCircle
 10
259.5146972172892
 20
377.4986752426971
 30
0.0
 40
10.0
100
AcDbArc
 50
191.0874892109698
 51
270.0
  0
LINE
  5
35F9
330
3498
100
AcDbEntity
  8
0
100
AcDbLine
 10
255.2573476053771
 20
362.4986752426971
 30
0.0
 11
270.7279431064237
 21
362.4986752426971
 31
0.0
  0
LINE
  5
35FA
330
3498
100
AcDbEntity
  8
0
100
AcDbLine
 10
259.5146972172892
 20
367.4986752426971
 30
0.0
 11
270.7279431064238
 21
367.4986752426971
 31
0.0
  0
ARC
  5
35FB
330
3498
100
AcDbEntity
  8
0
100
AcDbCircle
 10
270.7279431064238
 20
377.4986752426971
 30
0.0
 40
10.0
100
AcDbArc
 50
270.0
 51
0.0
  0
ARC
  5
35FC
330
3498
100
AcDbEntity
  8
0
100
AcDbCircle
 10
270.7279431064238
 20
377.4986752426971
 30
0.0
 40
15.0
100
AcDbArc
 50
270.0
 51
0.0
  0
LINE
  5
35FD
330
3498
100
AcDbEntity
  8
0
100
AcDbLine
 10
113.0384601330652
 20
468.0430674168872
 30
0.0
 11
247.7883385139218
 21
514.4522959325528
 31
0.0
  0
ARC
  5
35FE
330
3498
100
AcDbEntity
  8
0
100
AcDbCircle
 10
109.7820807646169
 20
477.4980128640456
 30
0.0
 40
10.0
100
AcDbArc
 50
270.0
 51
289.0042286711315
  0
LINE
  5
35FF
330
3498
100
AcDbEntity
  8
0
100
AcDbLine
 10
113.8753628571805
 20
463.0430674168872
 30
0.0
 11
263.1428148640853
 21
514.4522959325528
 31
0.0
  0
ARC
  5
3600
330
3498
100
AcDbEntity
  8
0
100
AcDbCircle
 10
110.6189834887322
 20
472.4980128640456
 30
0.0
 40
10.0
100
AcDbArc
 50
270.0
 51
289.0042286711315
  0
LINE
  5
3601
330
3498
100
AcDbEntity
  8
0
100
AcDbLine
 10
251.04471788237
 20
514.9973504853942
 30
0.0
 11
196.4558862128476
 21
514.9973504853942
 31
0.0
  0
LINE
  5
3602
330
3498
100
AcDbEntity
  8
0
100
AcDbLine
 10
251.04471788237
 20
514.9973504853942
 30
0.0
 11
266.3991942325336
 21
514.9973504853942
 31
0.0
  0
ENDBLK
  5
3606
330
3498
100
AcDbEntity
  8
0
100
AcDbBlockEnd
  0
ENDSEC
  0
SECTION
  2
ENTITIES
  0
LINE
  5
24E
330
411
100
AcDbEntity
  8
0
100
AcDbLine
 10
9.999999999999984
 20
0.0
 30
0.0
 11
90.0
 21
0.0
 31
0.0
  0
LINE
  5
24F
330
411
100
AcDbEntity
  8
0
100
AcDbLine
 10
100.0
 20
57.5
 30
0.0
 11
100.0
 21
90.0
 31
0.0
  0
LINE
  5
250
330
411
100
AcDbEntity
  8
0
100
AcDbLine
 10
90.0
 20
100.0
 30
0.0
 11
10.0
 21
100.0
 31
0.0
  0
LINE
  5
251
330
411
100
AcDbEntity
  8
0
100
AcDbLine
 10
-0.0000000000000018
 20
90.00000000000001
 30
0.0
 11
-0.0000000000000165
 21
10.0
 31
0.0
  0
ARC
  5
252
330
411
100
AcDbEntity
  8
0
100
AcDbCircle
 10
10.0
 20
90.00000000000001
 30
0.0
 40
10.0
100
AcDbArc
 50
90.0
 51
180.0
  0
ARC
  5
254
330
411
100
AcDbEntity
  8
0
100
AcDbCircle
 10
90.0
 20
90.0
 30
0.0
 40
10.0
100
AcDbArc
 50
0.0
 51
90.0
  0
ARC
  5
255
330
411
100
AcDbEntity
  8
0
100
AcDbCircle
 10
90.0
 20
10.0
 30
0.0
 40
10.0
100
AcDbArc
 50
270.0
 51
0.0
  0
ARC
  5
256
330
411
100
AcDbEntity
  8
0
100
AcDbCircle
 10
9.999999999999984
 20
10.0
 30
0.0
 40
10.0
100
AcDbArc
 50
180.0
 51
270.0
  0
LINE
  5
42A
330
411
100
AcDbEntity
  8
0
100
AcDbLine
 10
-5.000000000000001
 20
90.00000000000001
 30
0.0
 11
-5.000000000000016
 21
10.0
 31
0.0
  0
ARC
  5
42D
330
411
100
AcDbEntity
  8
0
100
AcDbCircle
 10
10.0
 20
90.00000000000001
 30
0.0
 40
15.0
100
AcDbArc
 50
90.0
 51
180.0
  0
LINE
  5
42E
330
411
100
AcDbEntity
  8
0
100
AcDbLine
 10
90.0
 20
105.0
 30
0.0
 11
10.0
 21
105.0
 31
0.0
  0
ARC
  5
42F
330
411
100
AcDbEntity
  8
0
100
AcDbCircle
 10
90.0
 20
90.0
 30
0.0
 40
15.0
100
AcDbArc
 50
0.0
 51
90.0
  0
LINE
  5
430
330
411
100
AcDbEntity
  8
0
100
AcDbLine
 10
105.0
 20
62.5
 30
0.0
 11
105.0
 21
90.0
 31
0.0
  0
ARC
  5
431
330
411
100
AcDbEntity
  8
0
100
AcDbCircle
 10
90.0
 20
10.0
 30
0.0
 40
15.0
100
AcDbArc
 50
270.0
 51
0.0
  0
LINE
  5
432
330
411
100
AcDbEntity
  8
0
100
AcDbLine
 10
9.999999999999984
 20
-5.0
 30
0.0
 11
39.99999999999998
 21
-5.0
 31
0.0
  0
ARC
  5
433
330
411
100
AcDbEntity
  8
0
100
AcDbCircle
 10
9.999999999999984
 20
10.0
 30
0.0
 40
15.0
100
AcDbArc
 50
180.0
 51
270.0
  0
LINE
  5
4C1
330
411
100
AcDbEntity
  8
0
100
AcDbLine
 10
90.0
 20
105.0
 30
0.0
 11
190.0
 21
105.0
 31
0.0
  0
LINE
  5
4C2
330
411
100
AcDbEntity
  8
0
100
AcDbLine
 10
90.0
 20
100.0
 30
0.0
 11
190.0
 21
100.0
 31
0.0
  0
LINE
  5
794
330
411
100
AcDbEntity
  8
0
100
AcDbLine
 10
89.99999999999998
 20
0.0
 30
0.0
 11
190.0
 21
0.0
 31
0.0
  0
LINE
  5
795
330
411
100
AcDbEntity
  8
0
100
AcDbLine
 10
89.99999999999998
 20
-5.0
 30
0.0
 11
190.0
 21
-5.0
 31
0.0
  0
CIRCLE
  5
7D6
330
411
100
AcDbEntity
  8
0
100
AcDbCircle
 10
190.0
 20
50.0
 30
0.0
 40
50.0
  0
CIRCLE
  5
7D7
330
411
100
AcDbEntity
  8
0
100
AcDbCircle
 10
190.0
 20
50.0
 30
0.0
 40
55.0
  0
LINE
  5
999
330
411
100
AcDbEntity
  8
0
100
AcDbLine
 10
126.2132458891346
 20
52.5
 30
0.0
 11
115.0
 21
52.5
 31
0.0
  0
LINE
  5
99A
330
411
100
AcDbEntity
  8
0
100
AcDbLine
 10
130.4705955010467
 20
47.5
 30
0.0
 11
115.0
 21
47.5
 31
0.0
  0
ARC
  5
99B
330
411
100
AcDbEntity
  8
0
100
AcDbCircle
 10
126.2132458891346
 20
62.5
 30
0.0
 40
10.0
100
AcDbArc
 50
270.0
 51
348.9125107890294
  0
ARC
  5
99C
330
411
100
AcDbEntity
  8
0
100
AcDbCircle
 10
130.4705955010467
 20
57.50000000000001
 30
0.0
 40
10.0
100
AcDbArc
 50
270.0
 51
352.8192442185416
  0
ARC
  5
99D
330
411
100
AcDbEntity
  8
0
100
AcDbCircle
 10
115.0
 20
62.5
 30
0.0
 40
10.0
100
AcDbArc
 50
180.0
 51
270.0
  0
LINE
  5
99F
330
411
100
AcDbEntity
  8
0
100
AcDbLine
 10
105.0
 20
62.5
 30
0.0
 11
105.0
 21
10.0
 31
0.0
  0
LINE
  5
9A0
330
411
100
AcDbEntity
  8
0
100
AcDbLine
 10
100.0
 20
57.5
 30
0.0
 11
100.0
 21
10.0
 31
0.0
  0
ARC
  5
BA2
330
411
100
AcDbEntity
  8
0
100
AcDbCircle
 10
130.4705955010467
 20
42.5
 30
0.0
 40
10.0
100
AcDbArc
 50
7.180755781458283
 51
90.0
  0
ARC
  5
BA3
330
411
100
AcDbEntity
  8
0
100
AcDbCircle
 10
126.2132458891346
 20
37.50000000000002
 30
0.0
 40
10.0
100
AcDbArc
 50
11.08748921097068
 51
90.0
  0
LINE
  5
BA4
330
411
100
AcDbEntity
  8
0
100
AcDbLine
 10
130.4705955010467
 20
52.50000000000001
 30
0.0
 11
115.0
 21
52.5
 31
0.0
  0
LINE
  5
BA6
330
411
100
AcDbEntity
  8
0
100
AcDbLine
 10
126.2132458891346
 20
47.50000000000002
 30
0.0
 11
115.0
 21
47.50000000000003
 31
0.0
  0
ARC
  5
BA7
330
411
100
AcDbEntity
  8
0
100
AcDbCircle
 10
115.0
 20
37.50000000000003
 30
0.0
 40
10.0
100
AcDbArc
 50
90.0
 51
180.0
  0
LINE
  5
F69
330
411
100
AcDbEntity
  8
0
100
AcDbLine
 10
370.0
 20
-0.0000000000000606
 30
0.0
 11
290.0
 21
-0.0000000000000336
 31
0.0
  0
LINE
  5
F6A
330
411
100
AcDbEntity
  8
0
100
AcDbLine
 10
370.0
 20
-5.00000000000006
 30
0.0
 11
290.0
 21
-5.000000000000033
 31
0.0
  0
LINE
  5
F6B
330
411
100
AcDbEntity
  8
0
100
AcDbLine
 10
280.0
 20
57.49999999999998
 30
0.0
 11
280.0
 21
89.99999999999998
 31
0.0
  0
LINE
  5
F6C
330
411
100
AcDbEntity
  8
0
100
AcDbLine
 10
275.0
 20
62.49999999999996
 30
0.0
 11
275.0
 21
89.99999999999998
 31
0.0
  0
LINE
  5
F6D
330
411
100
AcDbEntity
  8
0
100
AcDbLine
 10
290.0
 20
99.99999999999998
 30
0.0
 11
370.0000000000001
 21
99.99999999999994
 31
0.0
  0
LINE
  5
F6E
330
411
100
AcDbEntity
  8
0
100
AcDbLine
 10
290.0
 20
105.0
 30
0.0
 11
370.0000000000001
 21
104.9999999999999
 31
0.0
  0
LINE
  5
F6F
330
411
100
AcDbEntity
  8
0
100
AcDbLine
 10
380.0000000000001
 20
89.99999999999994
 30
0.0
 11
380.0
 21
9.999999999999936
 31
0.0
  0
LINE
  5
F70
330
411
100
AcDbEntity
  8
0
100
AcDbLine
 10
385.0000000000001
 20
89.99999999999994
 30
0.0
 11
385.0
 21
9.999999999999936
 31
0.0
  0
ARC
  5
F71
330
411
100
AcDbEntity
  8
0
100
AcDbCircle
 10
370.0000000000001
 20
89.99999999999994
 30
0.0
 40
10.0
100
AcDbArc
 50
0.0
 51
90.0
  0
ARC
  5
F72
330
411
100
AcDbEntity
  8
0
100
AcDbCircle
 10
370.0000000000001
 20
89.99999999999994
 30
0.0
 40
15.0
100
AcDbArc
 50
0.0
 51
90.0
  0
ARC
  5
F73
330
411
100
AcDbEntity
  8
0
100
AcDbCircle
 10
290.0
 20
89.99999999999998
 30
0.0
 40
10.0
100
AcDbArc
 50
90.0
 51
180.0
  0
ARC
  5
F74
330
411
100
AcDbEntity
  8
0
100
AcDbCircle
 10
290.0
 20
89.99999999999998
 30
0.0
 40
15.0
100
AcDbArc
 50
90.0
 51
180.0
  0
ARC
  5
F75
330
411
100
AcDbEntity
  8
0
100
AcDbCircle
 10
290.0
 20
9.999999999999966
 30
0.0
 40
10.0
100
AcDbArc
 50
180.0
 51
270.0
  0
ARC
  5
F76
330
411
100
AcDbEntity
  8
0
100
AcDbCircle
 10
290.0
 20
9.999999999999966
 30
0.0
 40
15.0
100
AcDbArc
 50
180.0
 51
270.0
  0
ARC
  5
F77
330
411
100
AcDbEntity
  8
0
100
AcDbCircle
 10
370.0
 20
9.999999999999939
 30
0.0
 40
10.0
100
AcDbArc
 50
270.0
 51
0.0
  0
ARC
  5
F78
330
411
100
AcDbEntity
  8
0
100
AcDbCircle
 10
370.0
 20
9.999999999999939
 30
0.0
 40
15.0
100
AcDbArc
 50
270.0
 51
0.0
  0
LINE
  5
F79
330
411
100
AcDbEntity
  8
0
100
AcDbLine
 10
290.0
 20
105.0
 30
0.0
 11
190.0
 21
105.0
 31
0.0
  0
LINE
  5
F7A
330
411
100
AcDbEntity
  8
0
100
AcDbLine
 10
290.0
 20
99.99999999999998
 30
0.0
 11
190.0
 21
100.0
 31
0.0
  0
LINE
  5
F7B
330
411
100
AcDbEntity
  8
0
100
AcDbLine
 10
290.0
 20
-0.0000000000000336
 30
0.0
 11
259.9433080196861
 21
-0.0000000000000235
 31
0.0
  0
LINE
  5
F7C
330
411
100
AcDbEntity
  8
0
100
AcDbLine
 10
290.0
 20
-5.000000000000033
 30
0.0
 11
190.0
 21
-5.0
 31
0.0
  0
LINE
  5
F83
330
411
100
AcDbEntity
  8
0
100
AcDbLine
 10
275.0
 20
62.49999999999996
 30
0.0
 11
275.0
 21
9.999999999999971
 31
0.0
  0
LINE
  5
F84
330
411
100
AcDbEntity
  8
0
100
AcDbLine
 10
280.0
 20
57.49999999999998
 30
0.0
 11
280.0
 21
9.999999999999969
 31
0.0
  0
LINE
  5
120B
330
411
100
AcDbEntity
  8
0
100
AcDbLine
 10
9.272056893576218
 20
-199.9986752426971
 30
0.0
 11
89.27205689357624
 21
-199.9986752426971
 31
0.0
  0
LINE
  5
120C
330
411
100
AcDbEntity
  8
0
100
AcDbLine
 10
9.272056893576218
 20
-204.9986752426971
 30
0.0
 11
89.27205689357624
 21
-204.9986752426971
 31
0.0
  0
LINE
  5
120D
330
411
100
AcDbEntity
  8
0
100
AcDbLine
 10
99.27205689357624
 20
-142.4986752426971
 30
0.0
 11
99.27205689357624
 21
-109.9986752426971
 31
0.0
  0
LINE
  5
120E
330
411
100
AcDbEntity
  8
0
100
AcDbLine
 10
104.2720568935762
 20
-137.4986752426971
 30
0.0
 11
104.2720568935762
 21
-109.9986752426971
 31
0.0
  0
LINE
  5
120F
330
411
100
AcDbEntity
  8
0
100
AcDbLine
 10
89.27205689357624
 20
-99.9986752426971
 30
0.0
 11
9.272056893576234
 21
-99.9986752426971
 31
0.0
  0
LINE
  5
1210
330
411
100
AcDbEntity
  8
0
100
AcDbLine
 10
89.27205689357624
 20
-94.99867524269708
 30
0.0
 11
9.272056893576234
 21
-94.99867524269708
 31
0.0
  0
LINE
  5
1211
330
411
100
AcDbEntity
  8
0
100
AcDbLine
 10
-0.7279431064237674
 20
-109.9986752426971
 30
0.0
 11
-0.7279431064237821
 21
-189.9986752426971
 31
0.0
  0
LINE
  5
1212
330
411
100
AcDbEntity
  8
0
100
AcDbLine
 10
-5.727943106423767
 20
-109.9986752426971
 30
0.0
 11
-5.727943106423782
 21
-189.9986752426971
 31
0.0
  0
ARC
  5
1213
330
411
100
AcDbEntity
  8
0
100
AcDbCircle
 10
9.272056893576234
 20
-109.9986752426971
 30
0.0
 40
10.0
100
AcDbArc
 50
90.0
 51
180.0
  0
ARC
  5
1214
330
411
100
AcDbEntity
  8
0
100
AcDbCircle
 10
9.272056893576234
 20
-109.9986752426971
 30
0.0
 40
15.0
100
AcDbArc
 50
90.0
 51
180.0
  0
ARC
  5
1215
330
411
100
AcDbEntity
  8
0
100
AcDbCircle
 10
89.27205689357624
 20
-109.9986752426971
 30
0.0
 40
10.0
100
AcDbArc
 50
0.0
 51
90.0
  0
ARC
  5
1216
330
411
100
AcDbEntity
  8
0
100
AcDbCircle
 10
89.27205689357624
 20
-109.9986752426971
 30
0.0
 40
15.0
100
AcDbArc
 50
0.0
 51
90.0
  0
ARC
  5
1217
330
411
100
AcDbEntity
  8
0
100
AcDbCircle
 10
89.27205689357624
 20
-189.9986752426971
 30
0.0
 40
10.0
100
AcDbArc
 50
270.0
 51
0.0
  0
ARC
  5
1218
330
411
100
AcDbEntity
  8
0
100
AcDbCircle
 10
89.27205689357624
 20
-189.9986752426971
 30
0.0
 40
15.0
100
AcDbArc
 50
270.0
 51
0.0
  0
ARC
  5
1219
330
411
100
AcDbEntity
  8
0
100
AcDbCircle
 10
9.272056893576218
 20
-189.9986752426971
 30
0.0
 40
10.0
100
AcDbArc
 50
180.0
 51
270.0
  0
ARC
  5
121A
330
411
100
AcDbEntity
  8
0
100
AcDbCircle
 10
9.272056893576218
 20
-189.9986752426971
 30
0.0
 40
15.0
100
AcDbArc
 50
180.0
 51
270.0
  0
LINE
  5
121B
330
411
100
AcDbEntity
  8
0
100
AcDbLine
 10
89.27205689357624
 20
-94.99867524269708
 30
0.0
 11
189.2720568935762
 21
-94.99867524269708
 31
0.0
  0
LINE
  5
121C
330
411
100
AcDbEntity
  8
0
100
AcDbLine
 10
89.27205689357624
 20
-99.9986752426971
 30
0.0
 11
189.2720568935762
 21
-99.9986752426971
 31
0.0
  0
LINE
  5
121D
330
411
100
AcDbEntity
  8
0
100
AcDbLine
 10
89.27205689357622
 20
-199.9986752426971
 30
0.0
 11
189.2720568935762
 21
-199.9986752426971
 31
0.0
  0
LINE
  5
121E
330
411
100
AcDbEntity
  8
0
100
AcDbLine
 10
89.27205689357622
 20
-204.9986752426971
 30
0.0
 11
189.2720568935762
 21
-204.9986752426971
 31
0.0
  0
CIRCLE
  5
121F
330
411
100
AcDbEntity
  8
0
100
AcDbCircle
 10
189.2720568935762
 20
-149.9986752426971
 30
0.0
 40
50.0
  0
CIRCLE
  5
1221
330
411
100
AcDbEntity
  8
0
100
AcDbCircle
 10
189.2720568935762
 20
-149.9986752426971
 30
0.0
 40
55.0
  0
LINE
  5
1227
330
411
100
AcDbEntity
  8
0
100
AcDbLine
 10
104.2720568935762
 20
-137.4986752426971
 30
0.0
 11
104.2720568935762
 21
-189.9986752426971
 31
0.0
  0
LINE
  5
1228
330
411
100
AcDbEntity
  8
0
100
AcDbLine
 10
99.27205689357624
 20
-142.4986752426971
 30
0.0
 11
99.27205689357624
 21
-189.9986752426971
 31
0.0
  0
LINE
  5
122F
330
411
100
AcDbEntity
  8
0
100
AcDbLine
 10
369.2720568935762
 20
-199.9986752426971
 30
0.0
 11
289.2720568935762
 21
-199.9986752426971
 31
0.0
  0
LINE
  5
1230
330
411
100
AcDbEntity
  8
0
100
AcDbLine
 10
369.2720568935762
 20
-204.9986752426971
 30
0.0
 11
289.2720568935762
 21
-204.9986752426971
 31
0.0
  0
LINE
  5
1231
330
411
100
AcDbEntity
  8
0
100
AcDbLine
 10
279.2720568935763
 20
-142.4986752426971
 30
0.0
 11
279.2720568935763
 21
-109.9986752426971
 31
0.0
  0
LINE
  5
1232
330
411
100
AcDbEntity
  8
0
100
AcDbLine
 10
274.2720568935762
 20
-137.4986752426971
 30
0.0
 11
274.2720568935762
 21
-109.9986752426971
 31
0.0
  0
LINE
  5
1233
330
411
100
AcDbEntity
  8
0
100
AcDbLine
 10
289.2720568935762
 20
-99.99867524269712
 30
0.0
 11
369.2720568935763
 21
-99.99867524269715
 31
0.0
  0
LINE
  5
1234
330
411
100
AcDbEntity
  8
0
100
AcDbLine
 10
289.2720568935762
 20
-94.99867524269712
 30
0.0
 11
369.2720568935763
 21
-94.99867524269715
 31
0.0
  0
LINE
  5
1235
330
411
100
AcDbEntity
  8
0
100
AcDbLine
 10
379.2720568935763
 20
-109.9986752426971
 30
0.0
 11
379.2720568935763
 21
-189.9986752426971
 31
0.0
  0
LINE
  5
1236
330
411
100
AcDbEntity
  8
0
100
AcDbLine
 10
384.2720568935763
 20
-109.9986752426971
 30
0.0
 11
384.2720568935762
 21
-189.9986752426971
 31
0.0
  0
ARC
  5
1237
330
411
100
AcDbEntity
  8
0
100
AcDbCircle
 10
369.2720568935763
 20
-109.9986752426971
 30
0.0
 40
10.0
100
AcDbArc
 50
0.0
 51
90.0
  0
ARC
  5
1238
330
411
100
AcDbEntity
  8
0
100
AcDbCircle
 10
369.2720568935763
 20
-109.9986752426971
 30
0.0
 40
15.0
100
AcDbArc
 50
0.0
 51
90.0
  0
ARC
  5
1239
330
411
100
AcDbEntity
  8
0
100
AcDbCircle
 10
289.2720568935762
 20
-109.9986752426971
 30
0.0
 40
10.0
100
AcDbArc
 50
90.0
 51
180.0
  0
ARC
  5
123A
330
411
100
AcDbEntity
  8
0
100
AcDbCircle
 10
289.2720568935762
 20
-109.9986752426971
 30
0.0
 40
15.0
100
AcDbArc
 50
90.0
 51
180.0
  0
ARC
  5
123B
330
411
100
AcDbEntity
  8
0
100
AcDbCircle
 10
289.2720568935762
 20
-189.9986752426971
 30
0.0
 40
10.0
100
AcDbArc
 50
180.0
 51
270.0
  0
ARC
  5
123C
330
411
100
AcDbEntity
  8
0
100
AcDbCircle
 10
289.2720568935762
 20
-189.9986752426971
 30
0.0
 40
15.0
100
AcDbArc
 50
180.0
 51
270.0
  0
ARC
  5
123D
330
411
100
AcDbEntity
  8
0
100
AcDbCircle
 10
369.2720568935762
 20
-189.9986752426971
 30
0.0
 40
10.0
100
AcDbArc
 50
270.0
 51
0.0
  0
ARC
  5
123E
330
411
100
AcDbEntity
  8
0
100
AcDbCircle
 10
369.2720568935762
 20
-189.9986752426971
 30
0.0
 40
15.0
100
AcDbArc
 50
270.0
 51
0.0
  0
LINE
  5
123F
330
411
100
AcDbEntity
  8
0
100
AcDbLine
 10
289.2720568935762
 20
-94.99867524269712
 30
0.0
 11
189.2720568935762
 21
-94.99867524269708
 31
0.0
  0
LINE
  5
1240
330
411
100
AcDbEntity
  8
0
100
AcDbLine
 10
289.2720568935762
 20
-99.99867524269712
 30
0.0
 11
189.2720568935762
 21
-99.9986752426971
 31
0.0
  0
LINE
  5
1241
330
411
100
AcDbEntity
  8
0
100
AcDbLine
 10
289.2720568935762
 20
-199.9986752426971
 30
0.0
 11
189.2720568935762
 21
-199.9986752426971
 31
0.0
  0
LINE
  5
1242
330
411
100
AcDbEntity
  8
0
100
AcDbLine
 10
289.2720568935762
 20
-204.9986752426971
 30
0.0
 11
189.2720568935762
 21
-204.9986752426971
 31
0.0
  0
LINE
  5
1249
330
411
100
AcDbEntity
  8
0
100
AcDbLine
 10
274.2720568935762
 20
-137.4986752426971
 30
0.0
 11
274.2720568935762
 21
-189.9986752426971
 31
0.0
  0
LINE
  5
124A
330
411
100
AcDbEntity
  8
0
100
AcDbLine
 10
279.2720568935763
 20
-142.4986752426971
 30
0.0
 11
279.2720568935763
 21
-189.9986752426971
 31
0.0
  0
LINE
  5
1591
330
411
100
AcDbEntity
  8
0
100
AcDbLine
 10
49.99999999999998
 20
-14.99999999999997
 30
0.0
 11
49.99999999999997
 21
-42.49933762134854
 31
0.0
  0
ARC
  5
1595
330
411
100
AcDbEntity
  8
0
100
AcDbCircle
 10
39.99999999999998
 20
-15.0
 30
0.0
 40
10.0
100
AcDbArc
 50
0.0
 51
90.0
  0
LINE
  5
1596
330
411
100
AcDbEntity
  8
0
100
AcDbLine
 10
39.99999999999998
 20
-5.0
 30
0.0
 11
89.99999999999998
 21
-5.0
 31
0.0
  0
ARC
  5
1597
330
411
100
AcDbEntity
  8
0
100
AcDbCircle
 10
39.99999999999998
 20
-15.0
 30
0.0
 40
15.0
100
AcDbArc
 50
0.0
 51
90.0
  0
LINE
  5
1598
330
411
100
AcDbEntity
  8
0
100
AcDbLine
 10
54.99999999999998
 20
-14.99999999999997
 30
0.0
 11
54.99999999999997
 21
-37.49933762134854
 31
0.0
  0
LINE
  5
1599
330
411
100
AcDbEntity
  8
0
100
AcDbLine
 10
64.99999999999997
 20
-47.49933762134854
 30
0.0
 11
190.0
 21
-47.49933762134854
 31
0.0
  0
LINE
  5
159A
330
411
100
AcDbEntity
  8
0
100
AcDbLine
 10
59.99999999999997
 20
-52.49933762134854
 30
0.0
 11
190.0
 21
-52.49933762134855
 31
0.0
  0
ARC
  5
159E
330
411
100
AcDbEntity
  8
0
100
AcDbCircle
 10
64.99999999999997
 20
-37.49933762134854
 30
0.0
 40
10.0
100
AcDbArc
 50
180.0
 51
270.0
  0
ARC
  5
159F
330
411
100
AcDbEntity
  8
0
100
AcDbCircle
 10
59.99999999999997
 20
-42.49933762134854
 30
0.0
 40
10.0
100
AcDbArc
 50
180.0
 51
270.0
  0
ARC
  5
1621
330
411
100
AcDbEntity
  8
0
100
AcDbCircle
 10
340.0
 20
-15.00000000000005
 30
0.0
 40
10.0
100
AcDbArc
 50
90.0
 51
180.0
  0
ARC
  5
1622
330
411
100
AcDbEntity
  8
0
100
AcDbCircle
 10
340.0
 20
-15.00000000000005
 30
0.0
 40
15.0
100
AcDbArc
 50
90.0
 51
180.0
  0
LINE
  5
1623
330
411
100
AcDbEntity
  8
0
100
AcDbLine
 10
330.0
 20
-15.00000000000002
 30
0.0
 11
330.0
 21
-42.49933762134858
 31
0.0
  0
LINE
  5
1624
330
411
100
AcDbEntity
  8
0
100
AcDbLine
 10
325.0
 20
-15.00000000000002
 30
0.0
 11
325.0
 21
-37.49933762134859
 31
0.0
  0
LINE
  5
1625
330
411
100
AcDbEntity
  8
0
100
AcDbLine
 10
320.0
 20
-52.49933762134858
 30
0.0
 11
189.9999999999999
 21
-52.49933762134854
 31
0.0
  0
ARC
  5
1626
330
411
100
AcDbEntity
  8
0
100
AcDbCircle
 10
320.0
 20
-42.49933762134858
 30
0.0
 40
10.0
100
AcDbArc
 50
270.0
 51
0.0
  0
LINE
  5
1627
330
411
100
AcDbEntity
  8
0
100
AcDbLine
 10
315.0
 20
-47.49933762134857
 30
0.0
 11
189.9999999999999
 21
-47.49933762134853
 31
0.0
  0
ARC
  5
1628
330
411
100
AcDbEntity
  8
0
100
AcDbCircle
 10
315.0
 20
-37.49933762134858
 30
0.0
 40
10.0
100
AcDbArc
 50
270.0
 51
0.0000000000000092
  0
ARC
  5
162B
330
411
100
AcDbEntity
  8
0
100
AcDbCircle
 10
39.99999999999998
 20
-84.99867524269708
 30
0.0
 40
10.0
100
AcDbArc
 50
270.0
 51
0.0
  0
ARC
  5
162C
330
411
100
AcDbEntity
  8
0
100
AcDbCircle
 10
39.99999999999998
 20
-84.99867524269708
 30
0.0
 40
15.0
100
AcDbArc
 50
270.0
 51
0.0
  0
LINE
  5
162D
330
411
100
AcDbEntity
  8
0
100
AcDbLine
 10
49.99999999999998
 20
-84.99867524269712
 30
0.0
 11
49.99999999999997
 21
-57.49933762134855
 31
0.0
  0
LINE
  5
162E
330
411
100
AcDbEntity
  8
0
100
AcDbLine
 10
54.99999999999998
 20
-84.99867524269712
 30
0.0
 11
54.99999999999997
 21
-62.49933762134855
 31
0.0
  0
LINE
  5
162F
330
411
100
AcDbEntity
  8
0
100
AcDbLine
 10
59.99999999999997
 20
-47.49933762134855
 30
0.0
 11
103.3261945517694
 21
-47.49933762134855
 31
0.0
  0
ARC
  5
1630
330
411
100
AcDbEntity
  8
0
100
AcDbCircle
 10
59.99999999999997
 20
-57.49933762134855
 30
0.0
 40
10.0
100
AcDbArc
 50
90.00000000000003
 51
180.0
  0
LINE
  5
1631
330
411
100
AcDbEntity
  8
0
100
AcDbLine
 10
64.99999999999997
 20
-52.49933762134855
 30
0.0
 11
104.1630972758846
 21
-52.49933762134855
 31
0.0
  0
ARC
  5
1632
330
411
100
AcDbEntity
  8
0
100
AcDbCircle
 10
64.99999999999997
 20
-62.49933762134855
 30
0.0
 40
10.0
100
AcDbArc
 50
90.00000000000003
 51
180.0
  0
ARC
  5
1633
330
411
100
AcDbEntity
  8
0
100
AcDbCircle
 10
340.0
 20
-84.99867524269703
 30
0.0
 40
10.0
100
AcDbArc
 50
180.0
 51
270.0
  0
ARC
  5
1634
330
411
100
AcDbEntity
  8
0
100
AcDbCircle
 10
340.0
 20
-84.99867524269703
 30
0.0
 40
15.0
100
AcDbArc
 50
180.0
 51
270.0
  0
LINE
  5
1635
330
411
100
AcDbEntity
  8
0
100
AcDbLine
 10
330.0
 20
-84.99867524269706
 30
0.0
 11
330.0
 21
-57.4993376213485
 31
0.0
  0
LINE
  5
1636
330
411
100
AcDbEntity
  8
0
100
AcDbLine
 10
325.0
 20
-84.99867524269706
 30
0.0
 11
325.0
 21
-62.4993376213485
 31
0.0
  0
LINE
  5
1637
330
411
100
AcDbEntity
  8
0
100
AcDbLine
 10
320.0
 20
-47.4993376213485
 30
0.0
 11
189.9999999999999
 21
-47.49933762134855
 31
0.0
  0
ARC
  5
1638
330
411
100
AcDbEntity
  8
0
100
AcDbCircle
 10
320.0
 20
-57.4993376213485
 30
0.0
 40
10.0
100
AcDbArc
 50
0.0
 51
90.00000000000003
  0
LINE
  5
1639
330
411
100
AcDbEntity
  8
0
100
AcDbLine
 10
315.0
 20
-52.49933762134851
 30
0.0
 11
189.9999999999999
 21
-52.49933762134856
 31
0.0
  0
ARC
  5
163A
330
411
100
AcDbEntity
  8
0
100
AcDbCircle
 10
315.0
 20
-62.49933762134851
 30
0.0
 40
10.0
100
AcDbArc
 50
0.0
 51
90.00000000000003
  0
ARC
  5
1B3F
330
411
100
AcDbEntity
  8
0
100
AcDbCircle
 10
115.0
 20
62.5
 30
0.0
 40
15.0
100
AcDbArc
 50
180.0
 51
270.0
  0
ARC
  5
1B40
330
411
100
AcDbEntity
  8
0
100
AcDbCircle
 10
115.0
 20
37.50000000000003
 30
0.0
 40
15.0
100
AcDbArc
 50
90.0
 51
180.0
  0
ARC
  5
1DC3
330
411
100
AcDbEntity
  8
0
100
AcDbCircle
 10
249.5294044989533
 20
57.50000000000005
 30
0.0
 40
10.0
100
AcDbArc
 50
187.1807557814582
 51
270.0
  0
ARC
  5
1DC4
330
411
100
AcDbEntity
  8
0
100
AcDbCircle
 10
253.7867541108654
 20
62.50000000000003
 30
0.0
 40
10.0
100
AcDbArc
 50
191.0874892109708
 51
270.0
  0
LINE
  5
1DC5
330
411
100
AcDbEntity
  8
0
100
AcDbLine
 10
249.5294044989533
 20
47.50000000000004
 30
0.0
 11
265.0
 21
47.50000000000005
 31
0.0
  0
LINE
  5
1DC6
330
411
100
AcDbEntity
  8
0
100
AcDbLine
 10
253.7867541108654
 20
52.50000000000003
 30
0.0
 11
265.0
 21
52.50000000000003
 31
0.0
  0
ARC
  5
1DC7
330
411
100
AcDbEntity
  8
0
100
AcDbCircle
 10
265.0
 20
62.50000000000003
 30
0.0
 40
10.0
100
AcDbArc
 50
270.0
 51
0.0000000000000396
  0
ARC
  5
1DC8
330
411
100
AcDbEntity
  8
0
100
AcDbCircle
 10
265.0
 20
62.50000000000003
 30
0.0
 40
15.0
100
AcDbArc
 50
270.0
 51
0.0000000000000396
  0
ARC
  5
1DC9
330
411
100
AcDbEntity
  8
0
100
AcDbCircle
 10
249.5294044989533
 20
42.50000000000004
 30
0.0
 40
10.0
100
AcDbArc
 50
90.0
 51
172.8192442185419
  0
ARC
  5
1DCA
330
411
100
AcDbEntity
  8
0
100
AcDbCircle
 10
253.7867541108654
 20
37.50000000000006
 30
0.0
 40
10.0
100
AcDbArc
 50
90.0
 51
168.9125107890292
  0
LINE
  5
1DCB
330
411
100
AcDbEntity
  8
0
100
AcDbLine
 10
249.5294044989533
 20
52.50000000000005
 30
0.0
 11
265.0
 21
52.50000000000005
 31
0.0
  0
LINE
  5
1DCC
330
411
100
AcDbEntity
  8
0
100
AcDbLine
 10
253.7867541108654
 20
47.50000000000006
 30
0.0
 11
265.0000000000001
 21
47.50000000000007
 31
0.0
  0
ARC
  5
1DCD
330
411
100
AcDbEntity
  8
0
100
AcDbCircle
 10
265.0000000000001
 20
37.50000000000008
 30
0.0
 40
10.0
100
AcDbArc
 50
0.0000000000000396
 51
90.0
  0
ARC
  5
1DCE
330
411
100
AcDbEntity
  8
0
100
AcDbCircle
 10
265.0000000000001
 20
37.50000000000008
 30
0.0
 40
15.0
100
AcDbArc
 50
0.0000000000000396
 51
90.0
  0
ARC
  5
1DD1
330
411
100
AcDbEntity
  8
0
100
AcDbCircle
 10
129.7426523946229
 20
-157.4986752426971
 30
0.0
 40
10.0
100
AcDbArc
 50
7.180755781458283
 51
90.00000000000003
  0
ARC
  5
1DD2
330
411
100
AcDbEntity
  8
0
100
AcDbCircle
 10
125.4853027827108
 20
-162.4986752426971
 30
0.0
 40
10.0
100
AcDbArc
 50
11.08748921097068
 51
90.00000000000003
  0
LINE
  5
1DD3
330
411
100
AcDbEntity
  8
0
100
AcDbLine
 10
129.7426523946229
 20
-147.4986752426971
 30
0.0
 11
114.2720568935762
 21
-147.4986752426971
 31
0.0
  0
LINE
  5
1DD4
330
411
100
AcDbEntity
  8
0
100
AcDbLine
 10
125.4853027827108
 20
-152.4986752426971
 30
0.0
 11
114.2720568935762
 21
-152.4986752426971
 31
0.0
  0
ARC
  5
1DD5
330
411
100
AcDbEntity
  8
0
100
AcDbCircle
 10
114.2720568935762
 20
-162.4986752426971
 30
0.0
 40
10.0
100
AcDbArc
 50
90.00000000000003
 51
180.0
  0
ARC
  5
1DD6
330
411
100
AcDbEntity
  8
0
100
AcDbCircle
 10
114.2720568935762
 20
-162.4986752426971
 30
0.0
 40
15.0
100
AcDbArc
 50
90.00000000000003
 51
180.0
  0
ARC
  5
1DD7
330
411
100
AcDbEntity
  8
0
100
AcDbCircle
 10
129.7426523946228
 20
-142.4986752426971
 30
0.0
 40
10.0
100
AcDbArc
 50
270.0
 51
352.8192442185417
  0
ARC
  5
1DD8
330
411
100
AcDbEntity
  8
0
100
AcDbCircle
 10
125.4853027827108
 20
-137.4986752426971
 30
0.0
 40
10.0
100
AcDbArc
 50
270.0
 51
348.9125107890294
  0
LINE
  5
1DD9
330
411
100
AcDbEntity
  8
0
100
AcDbLine
 10
129.7426523946229
 20
-152.4986752426971
 30
0.0
 11
114.2720568935762
 21
-152.4986752426971
 31
0.0
  0
LINE
  5
1DDA
330
411
100
AcDbEntity
  8
0
100
AcDbLine
 10
125.4853027827108
 20
-147.4986752426971
 30
0.0
 11
114.2720568935761
 21
-147.4986752426971
 31
0.0
  0
ARC
  5
1DDB
330
411
100
AcDbEntity
  8
0
100
AcDbCircle
 10
114.2720568935761
 20
-137.4986752426971
 30
0.0
 40
10.0
100
AcDbArc
 50
180.0
 51
270.0
  0
ARC
  5
1DDC
330
411
100
AcDbEntity
  8
0
100
AcDbCircle
 10
114.2720568935761
 20
-137.4986752426971
 30
0.0
 40
15.0
100
AcDbArc
 50
180.0
 51
270.0
  0
ARC
  5
1DDD
330
411
100
AcDbEntity
  8
0
100
AcDbCircle
 10
248.8014613925295
 20
-157.4986752426971
 30
0.0
 40
10.0
100
AcDbArc
 50
90.00000000000003
 51
172.8192442185417
  0
ARC
  5
1DDE
330
411
100
AcDbEntity
  8
0
100
AcDbCircle
 10
253.0588110044416
 20
-162.4986752426971
 30
0.0
 40
10.0
100
AcDbArc
 50
90.00000000000003
 51
168.9125107890293
  0
LINE
  5
1DDF
330
411
100
AcDbEntity
  8
0
100
AcDbLine
 10
248.8014613925295
 20
-147.4986752426971
 30
0.0
 11
264.2720568935762
 21
-147.4986752426971
 31
0.0
  0
LINE
  5
1DE0
330
411
100
AcDbEntity
  8
0
100
AcDbLine
 10
253.0588110044416
 20
-152.4986752426971
 30
0.0
 11
264.2720568935762
 21
-152.4986752426971
 31
0.0
  0
ARC
  5
1DE1
330
411
100
AcDbEntity
  8
0
100
AcDbCircle
 10
264.2720568935762
 20
-162.4986752426971
 30
0.0
 40
10.0
100
AcDbArc
 50
0.0
 51
90.00000000000003
  0
ARC
  5
1DE2
330
411
100
AcDbEntity
  8
0
100
AcDbCircle
 10
264.2720568935762
 20
-162.4986752426971
 30
0.0
 40
15.0
100
AcDbArc
 50
0.0
 51
90.00000000000003
  0
ARC
  5
1DE3
330
411
100
AcDbEntity
  8
0
100
AcDbCircle
 10
248.8014613925295
 20
-142.4986752426971
 30
0.0
 40
10.0
100
AcDbArc
 50
187.1807557814582
 51
270.0
  0
ARC
  5
1DE4
330
411
100
AcDbEntity
  8
0
100
AcDbCircle
 10
253.0588110044416
 20
-137.4986752426971
 30
0.0
 40
10.0
100
AcDbArc
 50
191.0874892109707
 51
270.0
  0
LINE
  5
1DE5
330
411
100
AcDbEntity
  8
0
100
AcDbLine
 10
248.8014613925295
 20
-152.4986752426971
 30
0.0
 11
264.2720568935762
 21
-152.4986752426971
 31
0.0
  0
LINE
  5
1DE6
330
411
100
AcDbEntity
  8
0
100
AcDbLine
 10
253.0588110044416
 20
-147.4986752426971
 30
0.0
 11
264.2720568935762
 21
-147.4986752426971
 31
0.0
  0
ARC
  5
1DE7
330
411
100
AcDbEntity
  8
0
100
AcDbCircle
 10
264.2720568935762
 20
-137.4986752426972
 30
0.0
 40
10.0
100
AcDbArc
 50
270.0
 51
0.0
  0
ARC
  5
1DE8
330
411
100
AcDbEntity
  8
0
100
AcDbCircle
 10
264.2720568935762
 20
-137.4986752426972
 30
0.0
 40
15.0
100
AcDbArc
 50
270.0
 51
0.0
  0
LINE
  5
21E9
330
411
100
AcDbEntity
  8
0
100
AcDbLine
 10
106.5825739202176
 20
-46.9542830685071
 30
0.0
 11
241.3324523010742
 21
-0.5450545528414495
 31
0.0
  0
LINE
  5
21EA
330
411
100
AcDbEntity
  8
0
100
AcDbLine
 10
107.4194766443329
 20
-51.95428306850711
 30
0.0
 11
256.6869286512378
 21
-0.5450545528414708
 31
0.0
  0
ARC
  5
21EB
330
411
100
AcDbEntity
  8
0
100
AcDbCircle
 10
244.5888316695224
 20
-10.00000000000001
 30
0.0
 40
10.0
100
AcDbArc
 50
90.0
 51
109.0042286711319
  0
LINE
  5
21EC
330
411
100
AcDbEntity
  8
0
100
AcDbLine
 10
244.5888316695224
 20
-0.0000000000000178
 30
0.0
 11
190.0
 21
0.0
 31
0.0
  0
ARC
  5
21ED
330
411
100
AcDbEntity
  8
0
100
AcDbCircle
 10
259.9433080196861
 20
-10.00000000000002
 30
0.0
 40
10.0
100
AcDbArc
 50
90.0
 51
109.004228671132
  0
LINE
  5
21EE
330
411
100
AcDbEntity
  8
0
100
AcDbLine
 10
244.5888316695224
 20
-0.0000000000000178
 30
0.0
 11
259.9433080196861
 21
-0.0000000000000235
 31
0.0
  0
ARC
  5
21EF
330
411
100
AcDbEntity
  8
0
100
AcDbCircle
 10
103.3261945517694
 20
-37.49933762134855
 30
0.0
 40
10.0
100
AcDbArc
 50
270.0
 51
289.004228671132
  0
ARC
  5
21F0
330
411
100
AcDbEntity
  8
0
100
AcDbCircle
 10
104.1630972758846
 20
-42.49933762134855
 30
0.0
 40
10.0
100
AcDbArc
 50
270.0
 51
289.004228671132
  0
LINE
  5
2F92
330
411
100
AcDbEntity
  8
0
100
AcDbLine
 10
10.72794310642376
 20
309.9986752426971
 30
0.0
 11
90.72794310642377
 21
309.9986752426971
 31
0.0
  0
LINE
  5
2F93
330
411
100
AcDbEntity
  8
0
100
AcDbLine
 10
10.72794310642376
 20
304.9986752426971
 30
0.0
 11
40.72794310642376
 21
304.9986752426971
 31
0.0
  0
ARC
  5
2F94
330
411
100
AcDbEntity
  8
0
100
AcDbCircle
 10
40.72794310642376
 20
294.9986752426971
 30
0.0
 40
10.0
100
AcDbArc
 50
0.0
 51
90.0
  0
ARC
  5
2F95
330
411
100
AcDbEntity
  8
0
100
AcDbCircle
 10
40.72794310642376
 20
294.9986752426971
 30
0.0
 40
15.0
100
AcDbArc
 50
0.0
 51
90.0
  0
LINE
  5
2F96
330
411
100
AcDbEntity
  8
0
100
AcDbLine
 10
100.7279431064238
 20
367.4986752426971
 30
0.0
 11
100.7279431064238
 21
399.9986752426971
 31
0.0
  0
LINE
  5
2F97
330
411
100
AcDbEntity
  8
0
100
AcDbLine
 10
105.7279431064237
 20
372.4986752426971
 30
0.0
 11
105.7279431064237
 21
399.9986752426971
 31
0.0
  0
LINE
  5
2F98
330
411
100
AcDbEntity
  8
0
100
AcDbLine
 10
90.72794310642377
 20
409.998675242697
 30
0.0
 11
10.72794310642378
 21
409.998675242697
 31
0.0
  0
LINE
  5
2F99
330
411
100
AcDbEntity
  8
0
100
AcDbLine
 10
90.72794310642377
 20
414.9986752426971
 30
0.0
 11
10.72794310642378
 21
414.9986752426971
 31
0.0
  0
LINE
  5
2F9A
330
411
100
AcDbEntity
  8
0
100
AcDbLine
 10
0.7279431064237816
 20
399.9986752426971
 30
0.0
 11
0.7279431064237669
 21
319.9986752426971
 31
0.0
  0
LINE
  5
2F9B
330
411
100
AcDbEntity
  8
0
100
AcDbLine
 10
-4.272056893576218
 20
399.9986752426971
 30
0.0
 11
-4.272056893576233
 21
319.9986752426971
 31
0.0
  0
ARC
  5
2F9C
330
411
100
AcDbEntity
  8
0
100
AcDbCircle
 10
10.72794310642378
 20
399.9986752426971
 30
0.0
 40
10.0
100
AcDbArc
 50
90.0
 51
180.0
  0
ARC
  5
2F9D
330
411
100
AcDbEntity
  8
0
100
AcDbCircle
 10
10.72794310642378
 20
399.9986752426971
 30
0.0
 40
15.0
100
AcDbArc
 50
90.0
 51
180.0
  0
ARC
  5
2F9E
330
411
100
AcDbEntity
  8
0
100
AcDbCircle
 10
90.72794310642377
 20
399.9986752426971
 30
0.0
 40
10.0
100
AcDbArc
 50
0.0
 51
90.0
  0
ARC
  5
2F9F
330
411
100
AcDbEntity
  8
0
100
AcDbCircle
 10
90.72794310642377
 20
399.9986752426971
 30
0.0
 40
15.0
100
AcDbArc
 50
0.0
 51
90.0
  0
ARC
  5
2FA0
330
411
100
AcDbEntity
  8
0
100
AcDbCircle
 10
90.72794310642377
 20
319.9986752426971
 30
0.0
 40
10.0
100
AcDbArc
 50
270.0
 51
0.0
  0
ARC
  5
2FA1
330
411
100
AcDbEntity
  8
0
100
AcDbCircle
 10
90.72794310642377
 20
319.9986752426971
 30
0.0
 40
15.0
100
AcDbArc
 50
270.0
 51
0.0
  0
ARC
  5
2FA2
330
411
100
AcDbEntity
  8
0
100
AcDbCircle
 10
10.72794310642376
 20
319.9986752426971
 30
0.0
 40
10.0
100
AcDbArc
 50
180.0
 51
270.0
  0
ARC
  5
2FA3
330
411
100
AcDbEntity
  8
0
100
AcDbCircle
 10
10.72794310642376
 20
319.9986752426971
 30
0.0
 40
15.0
100
AcDbArc
 50
180.0
 51
270.0
  0
LINE
  5
2FA4
330
411
100
AcDbEntity
  8
0
100
AcDbLine
 10
90.72794310642377
 20
414.9986752426971
 30
0.0
 11
190.7279431064238
 21
414.9986752426971
 31
0.0
  0
LINE
  5
2FA5
330
411
100
AcDbEntity
  8
0
100
AcDbLine
 10
90.72794310642377
 20
409.998675242697
 30
0.0
 11
190.7279431064238
 21
409.998675242697
 31
0.0
  0
LINE
  5
2FA6
330
411
100
AcDbEntity
  8
0
100
AcDbLine
 10
90.72794310642377
 20
309.9986752426971
 30
0.0
 11
190.7279431064238
 21
309.9986752426971
 31
0.0
  0
LINE
  5
2FA7
330
411
100
AcDbEntity
  8
0
100
AcDbLine
 10
90.72794310642377
 20
304.9986752426971
 30
0.0
 11
190.7279431064238
 21
304.9986752426971
 31
0.0
  0
CIRCLE
  5
2FA8
330
411
100
AcDbEntity
  8
0
100
AcDbCircle
 10
190.7279431064238
 20
359.9986752426971
 30
0.0
 40
50.0
  0
ARC
  5
2FA9
330
411
100
AcDbEntity
  8
0
100
AcDbCircle
 10
131.1985386074705
 20
367.4986752426971
 30
0.0
 40
10.0
100
AcDbArc
 50
270.0
 51
352.8192442185417
  0
CIRCLE
  5
2FAA
330
411
100
AcDbEntity
  8
0
100
AcDbCircle
 10
190.7279431064238
 20
359.9986752426971
 30
0.0
 40
55.0
  0
ARC
  5
2FAB
330
411
100
AcDbEntity
  8
0
100
AcDbCircle
 10
126.9411889955584
 20
372.4986752426971
 30
0.0
 40
10.0
100
AcDbArc
 50
270.0
 51
348.9125107890301
  0
LINE
  5
2FAC
330
411
100
AcDbEntity
  8
0
100
AcDbLine
 10
131.1985386074705
 20
357.4986752426971
 30
0.0
 11
115.7279431064238
 21
357.4986752426971
 31
0.0
  0
LINE
  5
2FAD
330
411
100
AcDbEntity
  8
0
100
AcDbLine
 10
126.9411889955584
 20
362.4986752426971
 30
0.0
 11
115.7279431064238
 21
362.4986752426971
 31
0.0
  0
ARC
  5
2FAE
330
411
100
AcDbEntity
  8
0
100
AcDbCircle
 10
115.7279431064238
 20
372.4986752426971
 30
0.0
 40
10.0
100
AcDbArc
 50
180.0
 51
270.0
  0
ARC
  5
2FAF
330
411
100
AcDbEntity
  8
0
100
AcDbCircle
 10
115.7279431064238
 20
372.4986752426971
 30
0.0
 40
15.0
100
AcDbArc
 50
180.0
 51
270.0
  0
LINE
  5
2FB0
330
411
100
AcDbEntity
  8
0
100
AcDbLine
 10
105.7279431064237
 20
372.4986752426971
 30
0.0
 11
105.7279431064238
 21
319.9986752426971
 31
0.0
  0
LINE
  5
2FB1
330
411
100
AcDbEntity
  8
0
100
AcDbLine
 10
100.7279431064238
 20
367.4986752426971
 30
0.0
 11
100.7279431064238
 21
319.9986752426971
 31
0.0
  0
ARC
  5
2FB2
330
411
100
AcDbEntity
  8
0
100
AcDbCircle
 10
131.1985386074705
 20
352.4986752426971
 30
0.0
 40
10.0
100
AcDbArc
 50
7.180755781458279
 51
90.0
  0
ARC
  5
2FB3
330
411
100
AcDbEntity
  8
0
100
AcDbCircle
 10
126.9411889955584
 20
347.4986752426971
 30
0.0
 40
10.0
100
AcDbArc
 50
11.08748921096988
 51
90.0
  0
LINE
  5
2FB4
330
411
100
AcDbEntity
  8
0
100
AcDbLine
 10
131.1985386074705
 20
362.4986752426971
 30
0.0
 11
115.7279431064238
 21
362.4986752426971
 31
0.0
  0
LINE
  5
2FB5
330
411
100
AcDbEntity
  8
0
100
AcDbLine
 10
126.9411889955584
 20
357.4986752426971
 30
0.0
 11
115.7279431064237
 21
357.4986752426972
 31
0.0
  0
ARC
  5
2FB6
330
411
100
AcDbEntity
  8
0
100
AcDbCircle
 10
115.7279431064237
 20
347.4986752426972
 30
0.0
 40
10.0
100
AcDbArc
 50
90.0
 51
180.0
  0
ARC
  5
2FB7
330
411
100
AcDbEntity
  8
0
100
AcDbCircle
 10
115.7279431064237
 20
347.4986752426972
 30
0.0
 40
15.0
100
AcDbArc
 50
90.0
 51
180.0
  0
LINE
  5
2FB8
330
411
100
AcDbEntity
  8
0
100
AcDbLine
 10
370.7279431064238
 20
309.9986752426971
 30
0.0
 11
290.7279431064237
 21
309.9986752426971
 31
0.0
  0
LINE
  5
2FB9
330
411
100
AcDbEntity
  8
0
100
AcDbLine
 10
370.7279431064238
 20
304.9986752426971
 30
0.0
 11
290.7279431064237
 21
304.9986752426971
 31
0.0
  0
LINE
  5
2FBA
330
411
100
AcDbEntity
  8
0
100
AcDbLine
 10
280.7279431064237
 20
367.4986752426971
 30
0.0
 11
280.7279431064237
 21
399.9986752426971
 31
0.0
  0
LINE
  5
2FBB
330
411
100
AcDbEntity
  8
0
100
AcDbLine
 10
275.7279431064238
 20
372.4986752426971
 30
0.0
 11
275.7279431064238
 21
399.9986752426971
 31
0.0
  0
LINE
  5
2FBC
330
411
100
AcDbEntity
  8
0
100
AcDbLine
 10
290.7279431064237
 20
409.998675242697
 30
0.0
 11
370.7279431064238
 21
409.998675242697
 31
0.0
  0
LINE
  5
2FBD
330
411
100
AcDbEntity
  8
0
100
AcDbLine
 10
290.7279431064237
 20
414.9986752426971
 30
0.0
 11
370.7279431064238
 21
414.998675242697
 31
0.0
  0
LINE
  5
2FBE
330
411
100
AcDbEntity
  8
0
100
AcDbLine
 10
380.7279431064238
 20
399.9986752426971
 30
0.0
 11
380.7279431064238
 21
319.998675242697
 31
0.0
  0
LINE
  5
2FBF
330
411
100
AcDbEntity
  8
0
100
AcDbLine
 10
385.7279431064238
 20
399.9986752426971
 30
0.0
 11
385.7279431064238
 21
319.998675242697
 31
0.0
  0
ARC
  5
2FC0
330
411
100
AcDbEntity
  8
0
100
AcDbCircle
 10
370.7279431064238
 20
399.9986752426971
 30
0.0
 40
10.0
100
AcDbArc
 50
0.0
 51
90.0
  0
ARC
  5
2FC1
330
411
100
AcDbEntity
  8
0
100
AcDbCircle
 10
370.7279431064238
 20
399.9986752426971
 30
0.0
 40
15.0
100
AcDbArc
 50
0.0
 51
90.0
  0
ARC
  5
2FC2
330
411
100
AcDbEntity
  8
0
100
AcDbCircle
 10
290.7279431064237
 20
399.9986752426971
 30
0.0
 40
10.0
100
AcDbArc
 50
90.0
 51
180.0
  0
ARC
  5
2FC3
330
411
100
AcDbEntity
  8
0
100
AcDbCircle
 10
290.7279431064237
 20
399.9986752426971
 30
0.0
 40
15.0
100
AcDbArc
 50
90.0
 51
180.0
  0
ARC
  5
2FC4
330
411
100
AcDbEntity
  8
0
100
AcDbCircle
 10
290.7279431064237
 20
319.998675242697
 30
0.0
 40
10.0
100
AcDbArc
 50
180.0
 51
270.0
  0
ARC
  5
2FC5
330
411
100
AcDbEntity
  8
0
100
AcDbCircle
 10
290.7279431064237
 20
319.998675242697
 30
0.0
 40
15.0
100
AcDbArc
 50
180.0
 51
270.0
  0
ARC
  5
2FC6
330
411
100
AcDbEntity
  8
0
100
AcDbCircle
 10
370.7279431064238
 20
319.998675242697
 30
0.0
 40
10.0
100
AcDbArc
 50
270.0
 51
0.0
  0
ARC
  5
2FC7
330
411
100
AcDbEntity
  8
0
100
AcDbCircle
 10
370.7279431064238
 20
319.998675242697
 30
0.0
 40
15.0
100
AcDbArc
 50
270.0
 51
0.0
  0
LINE
  5
2FC8
330
411
100
AcDbEntity
  8
0
100
AcDbLine
 10
290.7279431064237
 20
414.9986752426971
 30
0.0
 11
190.7279431064238
 21
414.9986752426971
 31
0.0
  0
LINE
  5
2FC9
330
411
100
AcDbEntity
  8
0
100
AcDbLine
 10
290.7279431064237
 20
409.998675242697
 30
0.0
 11
190.7279431064238
 21
409.998675242697
 31
0.0
  0
LINE
  5
2FCA
330
411
100
AcDbEntity
  8
0
100
AcDbLine
 10
290.7279431064237
 20
309.9986752426971
 30
0.0
 11
260.6712511261098
 21
309.9986752426971
 31
0.0
  0
ARC
  5
2FCB
330
411
100
AcDbEntity
  8
0
100
AcDbCircle
 10
260.6712511261098
 20
299.9986752426971
 30
0.0
 40
10.0
100
AcDbArc
 50
90.0
 51
109.0042286711317
  0
ARC
  5
2FCC
330
411
100
AcDbEntity
  8
0
100
AcDbCircle
 10
245.3167747759462
 20
299.9986752426971
 30
0.0
 40
10.0
100
AcDbArc
 50
90.0
 51
109.0042286711317
  0
LINE
  5
2FCD
330
411
100
AcDbEntity
  8
0
100
AcDbLine
 10
290.7279431064237
 20
304.9986752426971
 30
0.0
 11
190.7279431064238
 21
304.9986752426971
 31
0.0
  0
LINE
  5
2FCE
330
411
100
AcDbEntity
  8
0
100
AcDbLine
 10
275.7279431064238
 20
372.4986752426971
 30
0.0
 11
275.7279431064238
 21
319.9986752426971
 31
0.0
  0
LINE
  5
2FCF
330
411
100
AcDbEntity
  8
0
100
AcDbLine
 10
280.7279431064237
 20
367.4986752426971
 30
0.0
 11
280.7279431064237
 21
319.998675242697
 31
0.0
  0
LINE
  5
2FD0
330
411
100
AcDbEntity
  8
0
100
AcDbLine
 10
10.0
 20
110.0
 30
0.0
 11
90.00000000000001
 21
110.0
 31
0.0
  0
LINE
  5
2FD1
330
411
100
AcDbEntity
  8
0
100
AcDbLine
 10
10.0
 20
105.0
 30
0.0
 11
90.00000000000001
 21
105.0
 31
0.0
  0
LINE
  5
2FD2
330
411
100
AcDbEntity
  8
0
100
AcDbLine
 10
100.0
 20
167.5
 30
0.0
 11
100.0
 21
200.0
 31
0.0
  0
LINE
  5
2FD3
330
411
100
AcDbEntity
  8
0
100
AcDbLine
 10
105.0
 20
172.5
 30
0.0
 11
105.0
 21
200.0
 31
0.0
  0
LINE
  5
2FD4
330
411
100
AcDbEntity
  8
0
100
AcDbLine
 10
90.00000000000001
 20
210.0
 30
0.0
 11
10.00000000000001
 21
210.0
 31
0.0
  0
LINE
  5
2FD5
330
411
100
AcDbEntity
  8
0
100
AcDbLine
 10
90.00000000000001
 20
215.0
 30
0.0
 11
10.00000000000001
 21
215.0
 31
0.0
  0
LINE
  5
2FD6
330
411
100
AcDbEntity
  8
0
100
AcDbLine
 10
0.000000000000016
 20
200.0
 30
0.0
 11
0.0000000000000012
 21
120.0
 31
0.0
  0
LINE
  5
2FD7
330
411
100
AcDbEntity
  8
0
100
AcDbLine
 10
-4.999999999999984
 20
200.0
 30
0.0
 11
-4.999999999999999
 21
120.0
 31
0.0
  0
ARC
  5
2FD8
330
411
100
AcDbEntity
  8
0
100
AcDbCircle
 10
10.00000000000001
 20
200.0
 30
0.0
 40
10.0
100
AcDbArc
 50
90.0
 51
180.0
  0
ARC
  5
2FD9
330
411
100
AcDbEntity
  8
0
100
AcDbCircle
 10
10.00000000000001
 20
200.0
 30
0.0
 40
15.0
100
AcDbArc
 50
90.0
 51
180.0
  0
ARC
  5
2FDA
330
411
100
AcDbEntity
  8
0
100
AcDbCircle
 10
90.00000000000001
 20
200.0
 30
0.0
 40
10.0
100
AcDbArc
 50
0.0
 51
90.0
  0
ARC
  5
2FDB
330
411
100
AcDbEntity
  8
0
100
AcDbCircle
 10
90.00000000000001
 20
200.0
 30
0.0
 40
15.0
100
AcDbArc
 50
0.0
 51
90.0
  0
ARC
  5
2FDC
330
411
100
AcDbEntity
  8
0
100
AcDbCircle
 10
90.00000000000001
 20
120.0
 30
0.0
 40
10.0
100
AcDbArc
 50
270.0
 51
0.0
  0
ARC
  5
2FDD
330
411
100
AcDbEntity
  8
0
100
AcDbCircle
 10
90.00000000000001
 20
120.0
 30
0.0
 40
15.0
100
AcDbArc
 50
270.0
 51
0.0
  0
ARC
  5
2FDE
330
411
100
AcDbEntity
  8
0
100
AcDbCircle
 10
10.0
 20
120.0
 30
0.0
 40
10.0
100
AcDbArc
 50
180.0
 51
270.0
  0
ARC
  5
2FDF
330
411
100
AcDbEntity
  8
0
100
AcDbCircle
 10
10.0
 20
120.0
 30
0.0
 40
15.0
100
AcDbArc
 50
180.0
 51
270.0
  0
LINE
  5
2FE0
330
411
100
AcDbEntity
  8
0
100
AcDbLine
 10
90.00000000000001
 20
215.0
 30
0.0
 11
190.0
 21
215.0
 31
0.0
  0
LINE
  5
2FE1
330
411
100
AcDbEntity
  8
0
100
AcDbLine
 10
90.00000000000001
 20
210.0
 30
0.0
 11
190.0
 21
210.0
 31
0.0
  0
LINE
  5
2FE2
330
411
100
AcDbEntity
  8
0
100
AcDbLine
 10
90.0
 20
110.0
 30
0.0
 11
190.0
 21
110.0
 31
0.0
  0
LINE
  5
2FE3
330
411
100
AcDbEntity
  8
0
100
AcDbLine
 10
90.0
 20
105.0
 30
0.0
 11
190.0
 21
105.0
 31
0.0
  0
CIRCLE
  5
2FE4
330
411
100
AcDbEntity
  8
0
100
AcDbCircle
 10
190.0
 20
160.0
 30
0.0
 40
50.0
  0
CIRCLE
  5
2FE5
330
411
100
AcDbEntity
  8
0
100
AcDbCircle
 10
190.0
 20
160.0
 30
0.0
 40
55.0
  0
LINE
  5
2FE6
330
411
100
AcDbEntity
  8
0
100
AcDbLine
 10
105.0
 20
172.5
 30
0.0
 11
105.0
 21
120.0
 31
0.0
  0
LINE
  5
2FE7
330
411
100
AcDbEntity
  8
0
100
AcDbLine
 10
100.0
 20
167.5
 30
0.0
 11
100.0
 21
120.0
 31
0.0
  0
LINE
  5
2FE8
330
411
100
AcDbEntity
  8
0
100
AcDbLine
 10
370.0
 20
109.9999999999999
 30
0.0
 11
290.0
 21
110.0
 31
0.0
  0
LINE
  5
2FE9
330
411
100
AcDbEntity
  8
0
100
AcDbLine
 10
370.0
 20
105.0
 30
0.0
 11
290.0
 21
105.0
 31
0.0
  0
LINE
  5
2FEA
330
411
100
AcDbEntity
  8
0
100
AcDbLine
 10
280.0
 20
167.5
 30
0.0
 11
280.0
 21
200.0
 31
0.0
  0
LINE
  5
2FEB
330
411
100
AcDbEntity
  8
0
100
AcDbLine
 10
275.0
 20
172.5
 30
0.0
 11
275.0
 21
200.0
 31
0.0
  0
LINE
  5
2FEC
330
411
100
AcDbEntity
  8
0
100
AcDbLine
 10
290.0
 20
210.0
 30
0.0
 11
370.0000000000001
 21
210.0
 31
0.0
  0
LINE
  5
2FED
330
411
100
AcDbEntity
  8
0
100
AcDbLine
 10
290.0
 20
215.0
 30
0.0
 11
370.0000000000001
 21
215.0
 31
0.0
  0
LINE
  5
2FEE
330
411
100
AcDbEntity
  8
0
100
AcDbLine
 10
380.0000000000001
 20
200.0
 30
0.0
 11
380.0
 21
119.9999999999999
 31
0.0
  0
LINE
  5
2FEF
330
411
100
AcDbEntity
  8
0
100
AcDbLine
 10
385.0000000000001
 20
200.0
 30
0.0
 11
385.0
 21
119.9999999999999
 31
0.0
  0
ARC
  5
2FF0
330
411
100
AcDbEntity
  8
0
100
AcDbCircle
 10
370.0000000000001
 20
200.0
 30
0.0
 40
10.0
100
AcDbArc
 50
0.0
 51
90.0
  0
ARC
  5
2FF1
330
411
100
AcDbEntity
  8
0
100
AcDbCircle
 10
370.0000000000001
 20
200.0
 30
0.0
 40
15.0
100
AcDbArc
 50
0.0
 51
90.0
  0
ARC
  5
2FF2
330
411
100
AcDbEntity
  8
0
100
AcDbCircle
 10
290.0
 20
200.0
 30
0.0
 40
10.0
100
AcDbArc
 50
90.0
 51
180.0
  0
ARC
  5
2FF3
330
411
100
AcDbEntity
  8
0
100
AcDbCircle
 10
290.0
 20
200.0
 30
0.0
 40
15.0
100
AcDbArc
 50
90.0
 51
180.0
  0
ARC
  5
2FF4
330
411
100
AcDbEntity
  8
0
100
AcDbCircle
 10
290.0
 20
120.0
 30
0.0
 40
10.0
100
AcDbArc
 50
180.0
 51
270.0
  0
ARC
  5
2FF5
330
411
100
AcDbEntity
  8
0
100
AcDbCircle
 10
290.0
 20
120.0
 30
0.0
 40
15.0
100
AcDbArc
 50
180.0
 51
270.0
  0
ARC
  5
2FF6
330
411
100
AcDbEntity
  8
0
100
AcDbCircle
 10
370.0
 20
119.9999999999999
 30
0.0
 40
10.0
100
AcDbArc
 50
270.0
 51
0.0
  0
ARC
  5
2FF7
330
411
100
AcDbEntity
  8
0
100
AcDbCircle
 10
370.0
 20
119.9999999999999
 30
0.0
 40
15.0
100
AcDbArc
 50
270.0
 51
0.0
  0
LINE
  5
2FF8
330
411
100
AcDbEntity
  8
0
100
AcDbLine
 10
290.0
 20
215.0
 30
0.0
 11
190.0
 21
215.0
 31
0.0
  0
LINE
  5
2FF9
330
411
100
AcDbEntity
  8
0
100
AcDbLine
 10
290.0
 20
210.0
 30
0.0
 11
190.0
 21
210.0
 31
0.0
  0
LINE
  5
2FFA
330
411
100
AcDbEntity
  8
0
100
AcDbLine
 10
290.0
 20
110.0
 30
0.0
 11
190.0
 21
110.0
 31
0.0
  0
LINE
  5
2FFB
330
411
100
AcDbEntity
  8
0
100
AcDbLine
 10
290.0
 20
105.0
 30
0.0
 11
190.0
 21
105.0
 31
0.0
  0
LINE
  5
2FFC
330
411
100
AcDbEntity
  8
0
100
AcDbLine
 10
275.0
 20
172.5
 30
0.0
 11
275.0
 21
120.0
 31
0.0
  0
LINE
  5
2FFD
330
411
100
AcDbEntity
  8
0
100
AcDbLine
 10
280.0
 20
167.5
 30
0.0
 11
280.0
 21
120.0
 31
0.0
  0
LINE
  5
2FFE
330
411
100
AcDbEntity
  8
0
100
AcDbLine
 10
50.72794310642376
 20
294.9986752426971
 30
0.0
 11
50.72794310642375
 21
267.4993376213485
 31
0.0
  0
LINE
  5
2FFF
330
411
100
AcDbEntity
  8
0
100
AcDbLine
 10
55.72794310642376
 20
294.9986752426971
 30
0.0
 11
55.72794310642375
 21
272.4993376213486
 31
0.0
  0
LINE
  5
3000
330
411
100
AcDbEntity
  8
0
100
AcDbLine
 10
60.72794310642375
 20
257.4993376213486
 30
0.0
 11
190.7279431064238
 21
257.4993376213486
 31
0.0
  0
ARC
  5
3001
330
411
100
AcDbEntity
  8
0
100
AcDbCircle
 10
60.72794310642375
 20
267.4993376213485
 30
0.0
 40
10.0
100
AcDbArc
 50
180.0
 51
270.0
  0
LINE
  5
3002
330
411
100
AcDbEntity
  8
0
100
AcDbLine
 10
65.72794310642375
 20
262.4993376213486
 30
0.0
 11
190.7279431064238
 21
262.4993376213486
 31
0.0
  0
ARC
  5
3003
330
411
100
AcDbEntity
  8
0
100
AcDbCircle
 10
65.72794310642375
 20
272.4993376213486
 30
0.0
 40
10.0
100
AcDbArc
 50
180.0
 51
270.0
  0
LINE
  5
3004
330
411
100
AcDbEntity
  8
0
100
AcDbLine
 10
40.72794310642376
 20
304.9986752426971
 30
0.0
 11
90.72794310642377
 21
304.9986752426971
 31
0.0
  0
ARC
  5
3005
330
411
100
AcDbEntity
  8
0
100
AcDbCircle
 10
340.7279431064238
 20
294.9986752426971
 30
0.0
 40
10.0
100
AcDbArc
 50
90.0
 51
180.0
  0
ARC
  5
3006
330
411
100
AcDbEntity
  8
0
100
AcDbCircle
 10
340.7279431064238
 20
294.9986752426971
 30
0.0
 40
15.0
100
AcDbArc
 50
90.0
 51
180.0
  0
LINE
  5
3007
330
411
100
AcDbEntity
  8
0
100
AcDbLine
 10
330.7279431064238
 20
294.9986752426971
 30
0.0
 11
330.7279431064238
 21
267.4993376213485
 31
0.0
  0
LINE
  5
3008
330
411
100
AcDbEntity
  8
0
100
AcDbLine
 10
325.7279431064238
 20
294.9986752426971
 30
0.0
 11
325.7279431064238
 21
272.4993376213486
 31
0.0
  0
LINE
  5
3009
330
411
100
AcDbEntity
  8
0
100
AcDbLine
 10
320.7279431064238
 20
257.4993376213486
 30
0.0
 11
190.7279431064237
 21
257.4993376213486
 31
0.0
  0
ARC
  5
300A
330
411
100
AcDbEntity
  8
0
100
AcDbCircle
 10
320.7279431064238
 20
267.4993376213485
 30
0.0
 40
10.0
100
AcDbArc
 50
270.0
 51
0.0
  0
LINE
  5
300B
330
411
100
AcDbEntity
  8
0
100
AcDbLine
 10
315.7279431064238
 20
262.4993376213486
 30
0.0
 11
190.7279431064237
 21
262.4993376213486
 31
0.0
  0
ARC
  5
300C
330
411
100
AcDbEntity
  8
0
100
AcDbCircle
 10
315.7279431064238
 20
272.4993376213486
 30
0.0
 40
10.0
100
AcDbArc
 50
270.0
 51
0.0
  0
ARC
  5
300D
330
411
100
AcDbEntity
  8
0
100
AcDbCircle
 10
40.72794310642376
 20
225.0
 30
0.0
 40
10.0
100
AcDbArc
 50
270.0
 51
0.0
  0
ARC
  5
300E
330
411
100
AcDbEntity
  8
0
100
AcDbCircle
 10
40.72794310642376
 20
225.0
 30
0.0
 40
15.0
100
AcDbArc
 50
270.0
 51
0.0
  0
LINE
  5
300F
330
411
100
AcDbEntity
  8
0
100
AcDbLine
 10
50.72794310642376
 20
225.0
 30
0.0
 11
50.72794310642375
 21
252.4993376213485
 31
0.0
  0
LINE
  5
3010
330
411
100
AcDbEntity
  8
0
100
AcDbLine
 10
55.72794310642376
 20
225.0
 30
0.0
 11
55.72794310642375
 21
247.4993376213486
 31
0.0
  0
LINE
  5
3011
330
411
100
AcDbEntity
  8
0
100
AcDbLine
 10
60.72794310642375
 20
262.4993376213486
 30
0.0
 11
104.0541376581932
 21
262.4993376213486
 31
0.0
  0
ARC
  5
3012
330
411
100
AcDbEntity
  8
0
100
AcDbCircle
 10
60.72794310642375
 20
252.4993376213485
 30
0.0
 40
10.0
100
AcDbArc
 50
90.00000000000003
 51
180.0
  0
LINE
  5
3013
330
411
100
AcDbEntity
  8
0
100
AcDbLine
 10
65.72794310642375
 20
257.4993376213486
 30
0.0
 11
104.8910403823084
 21
257.4993376213486
 31
0.0
  0
ARC
  5
3014
330
411
100
AcDbEntity
  8
0
100
AcDbCircle
 10
65.72794310642375
 20
247.4993376213486
 30
0.0
 40
10.0
100
AcDbArc
 50
90.00000000000003
 51
180.0
  0
ARC
  5
3015
330
411
100
AcDbEntity
  8
0
100
AcDbCircle
 10
340.7279431064238
 20
225.0000000000001
 30
0.0
 40
10.0
100
AcDbArc
 50
180.0
 51
270.0
  0
ARC
  5
3016
330
411
100
AcDbEntity
  8
0
100
AcDbCircle
 10
340.7279431064238
 20
225.0000000000001
 30
0.0
 40
15.0
100
AcDbArc
 50
180.0
 51
270.0
  0
LINE
  5
3017
330
411
100
AcDbEntity
  8
0
100
AcDbLine
 10
330.7279431064238
 20
225.0
 30
0.0
 11
330.7279431064238
 21
252.4993376213486
 31
0.0
  0
LINE
  5
3018
330
411
100
AcDbEntity
  8
0
100
AcDbLine
 10
325.7279431064238
 20
225.0
 30
0.0
 11
325.7279431064238
 21
247.4993376213486
 31
0.0
  0
LINE
  5
3019
330
411
100
AcDbEntity
  8
0
100
AcDbLine
 10
320.7279431064238
 20
262.4993376213486
 30
0.0
 11
190.7279431064237
 21
262.4993376213486
 31
0.0
  0
ARC
  5
301A
330
411
100
AcDbEntity
  8
0
100
AcDbCircle
 10
320.7279431064238
 20
252.4993376213486
 30
0.0
 40
10.0
100
AcDbArc
 50
0.0
 51
90.00000000000003
  0
LINE
  5
301B
330
411
100
AcDbEntity
  8
0
100
AcDbLine
 10
315.7279431064238
 20
257.4993376213486
 30
0.0
 11
190.7279431064237
 21
257.4993376213486
 31
0.0
  0
ARC
  5
301C
330
411
100
AcDbEntity
  8
0
100
AcDbCircle
 10
315.7279431064238
 20
247.4993376213486
 30
0.0
 40
10.0
100
AcDbArc
 50
0.0
 51
90.00000000000003
  0
ARC
  5
301D
330
411
100
AcDbEntity
  8
0
100
AcDbCircle
 10
250.2573476053771
 20
367.4986752426972
 30
0.0
 40
10.0
100
AcDbArc
 50
187.1807557814583
 51
270.0
  0
ARC
  5
301E
330
411
100
AcDbEntity
  8
0
100
AcDbCircle
 10
254.5146972172892
 20
372.4986752426972
 30
0.0
 40
10.0
100
AcDbArc
 50
191.0874892109698
 51
270.0
  0
LINE
  5
301F
330
411
100
AcDbEntity
  8
0
100
AcDbLine
 10
250.2573476053771
 20
357.4986752426972
 30
0.0
 11
265.7279431064238
 21
357.4986752426972
 31
0.0
  0
LINE
  5
3020
330
411
100
AcDbEntity
  8
0
100
AcDbLine
 10
254.5146972172892
 20
362.4986752426971
 30
0.0
 11
265.7279431064238
 21
362.4986752426972
 31
0.0
  0
ARC
  5
3021
330
411
100
AcDbEntity
  8
0
100
AcDbCircle
 10
265.7279431064238
 20
372.4986752426972
 30
0.0
 40
10.0
100
AcDbArc
 50
270.0
 51
0.0
  0
ARC
  5
3022
330
411
100
AcDbEntity
  8
0
100
AcDbCircle
 10
265.7279431064238
 20
372.4986752426972
 30
0.0
 40
15.0
100
AcDbArc
 50
270.0
 51
0.0
  0
ARC
  5
3023
330
411
100
AcDbEntity
  8
0
100
AcDbCircle
 10
250.2573476053771
 20
352.4986752426972
 30
0.0
 40
10.0
100
AcDbArc
 50
90.0
 51
172.8192442185417
  0
ARC
  5
3024
330
411
100
AcDbEntity
  8
0
100
AcDbCircle
 10
254.5146972172892
 20
347.4986752426972
 30
0.0
 40
10.0
100
AcDbArc
 50
90.0
 51
168.9125107890301
  0
LINE
  5
3025
330
411
100
AcDbEntity
  8
0
100
AcDbLine
 10
250.2573476053771
 20
362.4986752426972
 30
0.0
 11
265.7279431064238
 21
362.4986752426972
 31
0.0
  0
LINE
  5
3026
330
411
100
AcDbEntity
  8
0
100
AcDbLine
 10
254.5146972172892
 20
357.4986752426972
 30
0.0
 11
265.7279431064238
 21
357.4986752426972
 31
0.0
  0
ARC
  5
3027
330
411
100
AcDbEntity
  8
0
100
AcDbCircle
 10
265.7279431064238
 20
347.4986752426972
 30
0.0
 40
10.0
100
AcDbArc
 50
0.0
 51
90.0
  0
ARC
  5
3028
330
411
100
AcDbEntity
  8
0
100
AcDbCircle
 10
265.7279431064238
 20
347.4986752426972
 30
0.0
 40
15.0
100
AcDbArc
 50
0.0
 51
90.0
  0
ARC
  5
3029
330
411
100
AcDbEntity
  8
0
100
AcDbCircle
 10
130.4705955010467
 20
152.5
 30
0.0
 40
10.0
100
AcDbArc
 50
7.180755781458279
 51
90.00000000000003
  0
ARC
  5
302A
330
411
100
AcDbEntity
  8
0
100
AcDbCircle
 10
126.2132458891346
 20
147.5
 30
0.0
 40
10.0
100
AcDbArc
 50
11.08748921096988
 51
90.00000000000003
  0
LINE
  5
302B
330
411
100
AcDbEntity
  8
0
100
AcDbLine
 10
130.4705955010467
 20
162.5
 30
0.0
 11
114.9999999999999
 21
162.5
 31
0.0
  0
LINE
  5
302C
330
411
100
AcDbEntity
  8
0
100
AcDbLine
 10
126.2132458891346
 20
157.5
 30
0.0
 11
114.9999999999999
 21
157.5
 31
0.0
  0
ARC
  5
302D
330
411
100
AcDbEntity
  8
0
100
AcDbCircle
 10
114.9999999999999
 20
147.5
 30
0.0
 40
10.0
100
AcDbArc
 50
90.00000000000003
 51
180.0
  0
ARC
  5
302E
330
411
100
AcDbEntity
  8
0
100
AcDbCircle
 10
114.9999999999999
 20
147.5
 30
0.0
 40
15.0
100
AcDbArc
 50
90.00000000000003
 51
180.0
  0
ARC
  5
302F
330
411
100
AcDbEntity
  8
0
100
AcDbCircle
 10
130.4705955010466
 20
167.5
 30
0.0
 40
10.0
100
AcDbArc
 50
270.0
 51
352.8192442185417
  0
ARC
  5
3030
330
411
100
AcDbEntity
  8
0
100
AcDbCircle
 10
126.2132458891346
 20
172.5
 30
0.0
 40
10.0
100
AcDbArc
 50
270.0
 51
348.9125107890301
  0
LINE
  5
3031
330
411
100
AcDbEntity
  8
0
100
AcDbLine
 10
130.4705955010467
 20
157.5
 30
0.0
 11
114.9999999999999
 21
157.5
 31
0.0
  0
LINE
  5
3032
330
411
100
AcDbEntity
  8
0
100
AcDbLine
 10
126.2132458891346
 20
162.5
 30
0.0
 11
114.9999999999999
 21
162.5
 31
0.0
  0
ARC
  5
3033
330
411
100
AcDbEntity
  8
0
100
AcDbCircle
 10
114.9999999999999
 20
172.5
 30
0.0
 40
10.0
100
AcDbArc
 50
180.0
 51
270.0
  0
ARC
  5
3034
330
411
100
AcDbEntity
  8
0
100
AcDbCircle
 10
114.9999999999999
 20
172.5
 30
0.0
 40
15.0
100
AcDbArc
 50
180.0
 51
270.0
  0
ARC
  5
3035
330
411
100
AcDbEntity
  8
0
100
AcDbCircle
 10
249.5294044989533
 20
152.4999999999999
 30
0.0
 40
10.0
100
AcDbArc
 50
90.00000000000003
 51
172.8192442185417
  0
ARC
  5
3036
330
411
100
AcDbEntity
  8
0
100
AcDbCircle
 10
253.7867541108654
 20
147.5
 30
0.0
 40
10.0
100
AcDbArc
 50
90.00000000000003
 51
168.9125107890301
  0
LINE
  5
3037
330
411
100
AcDbEntity
  8
0
100
AcDbLine
 10
249.5294044989533
 20
162.5
 30
0.0
 11
264.9999999999999
 21
162.5
 31
0.0
  0
LINE
  5
3038
330
411
100
AcDbEntity
  8
0
100
AcDbLine
 10
253.7867541108654
 20
157.5
 30
0.0
 11
264.9999999999999
 21
157.5
 31
0.0
  0
ARC
  5
3039
330
411
100
AcDbEntity
  8
0
100
AcDbCircle
 10
264.9999999999999
 20
147.5
 30
0.0
 40
10.0
100
AcDbArc
 50
0.0
 51
90.00000000000003
  0
ARC
  5
303A
330
411
100
AcDbEntity
  8
0
100
AcDbCircle
 10
264.9999999999999
 20
147.5
 30
0.0
 40
15.0
100
AcDbArc
 50
0.0
 51
90.00000000000003
  0
ARC
  5
303B
330
411
100
AcDbEntity
  8
0
100
AcDbCircle
 10
249.5294044989533
 20
167.5
 30
0.0
 40
10.0
100
AcDbArc
 50
187.1807557814583
 51
270.0
  0
ARC
  5
303C
330
411
100
AcDbEntity
  8
0
100
AcDbCircle
 10
253.7867541108654
 20
172.4999999999999
 30
0.0
 40
10.0
100
AcDbArc
 50
191.0874892109698
 51
270.0
  0
LINE
  5
303D
330
411
100
AcDbEntity
  8
0
100
AcDbLine
 10
249.5294044989533
 20
157.5
 30
0.0
 11
264.9999999999999
 21
157.5
 31
0.0
  0
LINE
  5
303E
330
411
100
AcDbEntity
  8
0
100
AcDbLine
 10
253.7867541108654
 20
162.5
 30
0.0
 11
265.0
 21
162.4999999999999
 31
0.0
  0
ARC
  5
303F
330
411
100
AcDbEntity
  8
0
100
AcDbCircle
 10
265.0
 20
172.4999999999999
 30
0.0
 40
10.0
100
AcDbArc
 50
270.0
 51
0.0
  0
ARC
  5
3040
330
411
100
AcDbEntity
  8
0
100
AcDbCircle
 10
265.0
 20
172.4999999999999
 30
0.0
 40
15.0
100
AcDbArc
 50
270.0
 51
0.0
  0
LINE
  5
3041
330
411
100
AcDbEntity
  8
0
100
AcDbLine
 10
107.3105170266414
 20
263.04439217419
 30
0.0
 11
242.060395407498
 21
309.4536206898557
 31
0.0
  0
ARC
  5
3042
330
411
100
AcDbEntity
  8
0
100
AcDbCircle
 10
104.0541376581932
 20
272.4993376213486
 30
0.0
 40
10.0
100
AcDbArc
 50
270.0
 51
289.0042286711317
  0
LINE
  5
3043
330
411
100
AcDbEntity
  8
0
100
AcDbLine
 10
108.1474197507567
 20
258.04439217419
 30
0.0
 11
257.4148717576616
 21
309.4536206898557
 31
0.0
  0
ARC
  5
3044
330
411
100
AcDbEntity
  8
0
100
AcDbCircle
 10
104.8910403823084
 20
267.4993376213485
 30
0.0
 40
10.0
100
AcDbArc
 50
270.0
 51
289.0042286711317
  0
LINE
  5
3045
330
411
100
AcDbEntity
  8
0
100
AcDbLine
 10
245.3167747759462
 20
309.9986752426971
 30
0.0
 11
190.7279431064238
 21
309.9986752426971
 31
0.0
  0
LINE
  5
3046
330
411
100
AcDbEntity
  8
0
100
AcDbLine
 10
245.3167747759462
 20
309.9986752426971
 30
0.0
 11
260.6712511261098
 21
309.9986752426971
 31
0.0
  0
LINE
  5
3607
330
411
100
AcDbEntity
  8
0
100
AcDbLine
 10
760.0
 20
-0.0000000000002249
 30
0.0
 11
680.0
 21
-0.0000000000001771
 31
0.0
  0
LINE
  5
3608
330
411
100
AcDbEntity
  8
0
100
AcDbLine
 10
760.0
 20
-5.000000000000224
 30
0.0
 11
730.0
 21
-5.000000000000206
 31
0.0
  0
ARC
  5
3609
330
411
100
AcDbEntity
  8
0
100
AcDbCircle
 10
730.0
 20
-15.00000000000021
 30
0.0
 40
10.0
100
AcDbArc
 50
90.0
 51
180.0
  0
ARC
  5
360A
330
411
100
AcDbEntity
  8
0
100
AcDbCircle
 10
730.0
 20
-15.00000000000021
 30
0.0
 40
15.0
100
AcDbArc
 50
90.0
 51
180.0
  0
LINE
  5
360B
330
411
100
AcDbEntity
  8
0
100
AcDbLine
 10
670.0
 20
57.49999999999983
 30
0.0
 11
670.0
 21
89.99999999999984
 31
0.0
  0
LINE
  5
360C
330
411
100
AcDbEntity
  8
0
100
AcDbLine
 10
665.0
 20
62.49999999999983
 30
0.0
 11
665.0
 21
89.99999999999984
 31
0.0
  0
LINE
  5
360D
330
411
100
AcDbEntity
  8
0
100
AcDbLine
 10
680.0
 20
99.99999999999984
 30
0.0
 11
760.0000000000001
 21
99.99999999999978
 31
0.0
  0
LINE
  5
360E
330
411
100
AcDbEntity
  8
0
100
AcDbLine
 10
680.0
 20
104.9999999999998
 30
0.0
 11
760.0000000000001
 21
104.9999999999998
 31
0.0
  0
LINE
  5
360F
330
411
100
AcDbEntity
  8
0
100
AcDbLine
 10
770.0
 20
89.99999999999978
 30
0.0
 11
770.0
 21
9.999999999999769
 31
0.0
  0
LINE
  5
3610
330
411
100
AcDbEntity
  8
0
100
AcDbLine
 10
775.0
 20
89.99999999999978
 30
0.0
 11
775.0
 21
9.999999999999767
 31
0.0
  0
ARC
  5
3611
330
411
100
AcDbEntity
  8
0
100
AcDbCircle
 10
760.0
 20
89.99999999999978
 30
0.0
 40
10.0
100
AcDbArc
 50
360.0
 51
90.0
  0
ARC
  5
3612
330
411
100
AcDbEntity
  8
0
100
AcDbCircle
 10
760.0
 20
89.99999999999978
 30
0.0
 40
15.0
100
AcDbArc
 50
360.0
 51
90.0
  0
ARC
  5
3613
330
411
100
AcDbEntity
  8
0
100
AcDbCircle
 10
680.0
 20
89.99999999999984
 30
0.0
 40
10.0
100
AcDbArc
 50
90.0
 51
180.0
  0
ARC
  5
3614
330
411
100
AcDbEntity
  8
0
100
AcDbCircle
 10
680.0
 20
89.99999999999984
 30
0.0
 40
15.0
100
AcDbArc
 50
90.0
 51
180.0
  0
ARC
  5
3615
330
411
100
AcDbEntity
  8
0
100
AcDbCircle
 10
680.0
 20
9.999999999999822
 30
0.0
 40
10.0
100
AcDbArc
 50
180.0
 51
270.0
  0
ARC
  5
3616
330
411
100
AcDbEntity
  8
0
100
AcDbCircle
 10
680.0
 20
9.999999999999822
 30
0.0
 40
15.0
100
AcDbArc
 50
180.0
 51
270.0
  0
ARC
  5
3617
330
411
100
AcDbEntity
  8
0
100
AcDbCircle
 10
760.0
 20
9.999999999999774
 30
0.0
 40
10.0
100
AcDbArc
 50
270.0
 51
360.0
  0
ARC
  5
3618
330
411
100
AcDbEntity
  8
0
100
AcDbCircle
 10
760.0
 20
9.999999999999774
 30
0.0
 40
15.0
100
AcDbArc
 50
270.0
 51
360.0
  0
LINE
  5
3619
330
411
100
AcDbEntity
  8
0
100
AcDbLine
 10
680.0
 20
104.9999999999998
 30
0.0
 11
580.0
 21
104.9999999999999
 31
0.0
  0
LINE
  5
361A
330
411
100
AcDbEntity
  8
0
100
AcDbLine
 10
680.0
 20
99.99999999999984
 30
0.0
 11
580.0
 21
99.99999999999989
 31
0.0
  0
LINE
  5
361B
330
411
100
AcDbEntity
  8
0
100
AcDbLine
 10
680.0
 20
-0.0000000000001771
 30
0.0
 11
580.0
 21
-0.0000000000001172
 31
0.0
  0
LINE
  5
361C
330
411
100
AcDbEntity
  8
0
100
AcDbLine
 10
680.0
 20
-5.000000000000176
 30
0.0
 11
580.0
 21
-5.000000000000117
 31
0.0
  0
CIRCLE
  5
361D
330
411
100
AcDbEntity
  8
0
100
AcDbCircle
 10
580.0
 20
49.99999999999989
 30
0.0
 40
50.0
  0
ARC
  5
361E
330
411
100
AcDbEntity
  8
0
100
AcDbCircle
 10
639.5294044989533
 20
57.49999999999985
 30
0.0
 40
10.0
100
AcDbArc
 50
187.1807557814586
 51
270.0
  0
CIRCLE
  5
361F
330
411
100
AcDbEntity
  8
0
100
AcDbCircle
 10
580.0
 20
49.99999999999989
 30
0.0
 40
55.0
  0
ARC
  5
3620
330
411
100
AcDbEntity
  8
0
100
AcDbCircle
 10
643.7867541108654
 20
62.49999999999984
 30
0.0
 40
10.0
100
AcDbArc
 50
191.0874892109701
 51
270.0
  0
LINE
  5
3621
330
411
100
AcDbEntity
  8
0
100
AcDbLine
 10
639.5294044989533
 20
47.49999999999985
 30
0.0
 11
655.0
 21
47.49999999999984
 31
0.0
  0
LINE
  5
3622
330
411
100
AcDbEntity
  8
0
100
AcDbLine
 10
643.7867541108653
 20
52.49999999999984
 30
0.0
 11
655.0
 21
52.49999999999983
 31
0.0
  0
ARC
  5
3623
330
411
100
AcDbEntity
  8
0
100
AcDbCircle
 10
655.0
 20
62.49999999999983
 30
0.0
 40
10.0
100
AcDbArc
 50
270.0
 51
360.0
  0
ARC
  5
3624
330
411
100
AcDbEntity
  8
0
100
AcDbCircle
 10
655.0
 20
62.49999999999983
 30
0.0
 40
15.0
100
AcDbArc
 50
270.0
 51
360.0
  0
LINE
  5
3625
330
411
100
AcDbEntity
  8
0
100
AcDbLine
 10
665.0
 20
62.49999999999983
 30
0.0
 11
665.0
 21
9.999999999999831
 31
0.0
  0
LINE
  5
3626
330
411
100
AcDbEntity
  8
0
100
AcDbLine
 10
670.0
 20
57.49999999999983
 30
0.0
 11
670.0
 21
9.999999999999829
 31
0.0
  0
ARC
  5
3627
330
411
100
AcDbEntity
  8
0
100
AcDbCircle
 10
639.5294044989533
 20
42.49999999999985
 30
0.0
 40
10.0
100
AcDbArc
 50
90.0
 51
172.8192442185414
  0
ARC
  5
3628
330
411
100
AcDbEntity
  8
0
100
AcDbCircle
 10
643.7867541108654
 20
37.49999999999988
 30
0.0
 40
10.0
100
AcDbArc
 50
90.0
 51
168.9125107890298
  0
LINE
  5
3629
330
411
100
AcDbEntity
  8
0
100
AcDbLine
 10
639.5294044989533
 20
52.49999999999985
 30
0.0
 11
655.0
 21
52.49999999999984
 31
0.0
  0
LINE
  5
362A
330
411
100
AcDbEntity
  8
0
100
AcDbLine
 10
643.7867541108654
 20
47.49999999999987
 30
0.0
 11
655.0
 21
47.49999999999987
 31
0.0
  0
ARC
  5
362B
330
411
100
AcDbEntity
  8
0
100
AcDbCircle
 10
655.0
 20
37.49999999999988
 30
0.0
 40
10.0
100
AcDbArc
 50
360.0
 51
90.0
  0
ARC
  5
362C
330
411
100
AcDbEntity
  8
0
100
AcDbCircle
 10
655.0
 20
37.49999999999988
 30
0.0
 40
15.0
100
AcDbArc
 50
360.0
 51
90.0
  0
LINE
  5
362D
330
411
100
AcDbEntity
  8
0
100
AcDbLine
 10
400.0
 20
-0.0000000000000701
 30
0.0
 11
480.0
 21
-0.000000000000091
 31
0.0
  0
LINE
  5
362E
330
411
100
AcDbEntity
  8
0
100
AcDbLine
 10
400.0
 20
-5.00000000000007
 30
0.0
 11
480.0
 21
-5.000000000000091
 31
0.0
  0
LINE
  5
362F
330
411
100
AcDbEntity
  8
0
100
AcDbLine
 10
490.0
 20
57.49999999999992
 30
0.0
 11
490.0
 21
89.99999999999991
 31
0.0
  0
LINE
  5
3630
330
411
100
AcDbEntity
  8
0
100
AcDbLine
 10
495.0000000000001
 20
62.4999999999999
 30
0.0
 11
495.0000000000001
 21
89.99999999999991
 31
0.0
  0
LINE
  5
3631
330
411
100
AcDbEntity
  8
0
100
AcDbLine
 10
480.0
 20
99.99999999999992
 30
0.0
 11
400.0
 21
99.99999999999994
 31
0.0
  0
LINE
  5
3632
330
411
100
AcDbEntity
  8
0
100
AcDbLine
 10
480.0
 20
104.9999999999999
 30
0.0
 11
400.0
 21
104.9999999999999
 31
0.0
  0
LINE
  5
3633
330
411
100
AcDbEntity
  8
0
100
AcDbLine
 10
390.0
 20
89.99999999999994
 30
0.0
 11
390.0
 21
9.999999999999932
 31
0.0
  0
LINE
  5
3634
330
411
100
AcDbEntity
  8
0
100
AcDbLine
 10
385.0
 20
89.99999999999994
 30
0.0
 11
385.0
 21
9.999999999999936
 31
0.0
  0
ARC
  5
3635
330
411
100
AcDbEntity
  8
0
100
AcDbCircle
 10
400.0
 20
89.99999999999994
 30
0.0
 40
10.0
100
AcDbArc
 50
90.0
 51
180.0
  0
ARC
  5
3636
330
411
100
AcDbEntity
  8
0
100
AcDbCircle
 10
400.0
 20
89.99999999999994
 30
0.0
 40
15.0
100
AcDbArc
 50
90.0
 51
180.0
  0
ARC
  5
3637
330
411
100
AcDbEntity
  8
0
100
AcDbCircle
 10
480.0
 20
89.99999999999991
 30
0.0
 40
10.0
100
AcDbArc
 50
360.0
 51
90.0
  0
ARC
  5
3638
330
411
100
AcDbEntity
  8
0
100
AcDbCircle
 10
480.0
 20
89.99999999999991
 30
0.0
 40
15.0
100
AcDbArc
 50
360.0
 51
90.0
  0
ARC
  5
3639
330
411
100
AcDbEntity
  8
0
100
AcDbCircle
 10
480.0
 20
9.999999999999909
 30
0.0
 40
10.0
100
AcDbArc
 50
270.0
 51
360.0
  0
ARC
  5
363A
330
411
100
AcDbEntity
  8
0
100
AcDbCircle
 10
480.0
 20
9.999999999999909
 30
0.0
 40
15.0
100
AcDbArc
 50
270.0
 51
360.0
  0
ARC
  5
363B
330
411
100
AcDbEntity
  8
0
100
AcDbCircle
 10
400.0
 20
9.99999999999993
 30
0.0
 40
10.0
100
AcDbArc
 50
180.0
 51
270.0
  0
ARC
  5
363C
330
411
100
AcDbEntity
  8
0
100
AcDbCircle
 10
400.0
 20
9.99999999999993
 30
0.0
 40
15.0
100
AcDbArc
 50
180.0
 51
270.0
  0
LINE
  5
363D
330
411
100
AcDbEntity
  8
0
100
AcDbLine
 10
480.0
 20
104.9999999999999
 30
0.0
 11
580.0
 21
104.9999999999999
 31
0.0
  0
LINE
  5
363E
330
411
100
AcDbEntity
  8
0
100
AcDbLine
 10
480.0
 20
99.99999999999992
 30
0.0
 11
580.0
 21
99.99999999999989
 31
0.0
  0
LINE
  5
363F
330
411
100
AcDbEntity
  8
0
100
AcDbLine
 10
480.0
 20
-0.000000000000091
 30
0.0
 11
510.0566919803139
 21
-0.0000000000000989
 31
0.0
  0
ARC
  5
3640
330
411
100
AcDbEntity
  8
0
100
AcDbCircle
 10
510.0566919803139
 20
-10.00000000000009
 30
0.0
 40
10.0
100
AcDbArc
 50
70.99577132886796
 51
90.0
  0
ARC
  5
3641
330
411
100
AcDbEntity
  8
0
100
AcDbCircle
 10
525.4111683304775
 20
-10.0000000000001
 30
0.0
 40
10.0
100
AcDbArc
 50
70.99577132886797
 51
90.0
  0
LINE
  5
3642
330
411
100
AcDbEntity
  8
0
100
AcDbLine
 10
480.0
 20
-5.000000000000091
 30
0.0
 11
580.0
 21
-5.000000000000117
 31
0.0
  0
LINE
  5
3643
330
411
100
AcDbEntity
  8
0
100
AcDbLine
 10
495.0000000000001
 20
62.4999999999999
 30
0.0
 11
495.0
 21
9.999999999999905
 31
0.0
  0
LINE
  5
3644
330
411
100
AcDbEntity
  8
0
100
AcDbLine
 10
490.0
 20
57.49999999999992
 30
0.0
 11
490.0
 21
9.999999999999905
 31
0.0
  0
LINE
  5
3645
330
411
100
AcDbEntity
  8
0
100
AcDbLine
 10
760.7279431064236
 20
-199.9986752426973
 30
0.0
 11
680.7279431064237
 21
-199.9986752426972
 31
0.0
  0
LINE
  5
3646
330
411
100
AcDbEntity
  8
0
100
AcDbLine
 10
760.7279431064236
 20
-204.9986752426973
 30
0.0
 11
680.7279431064236
 21
-204.9986752426973
 31
0.0
  0
LINE
  5
3647
330
411
100
AcDbEntity
  8
0
100
AcDbLine
 10
670.7279431064237
 20
-142.4986752426972
 30
0.0
 11
670.7279431064237
 21
-109.9986752426972
 31
0.0
  0
LINE
  5
3648
330
411
100
AcDbEntity
  8
0
100
AcDbLine
 10
665.7279431064237
 20
-137.4986752426972
 30
0.0
 11
665.7279431064237
 21
-109.9986752426972
 31
0.0
  0
LINE
  5
3649
330
411
100
AcDbEntity
  8
0
100
AcDbLine
 10
680.7279431064237
 20
-99.99867524269726
 30
0.0
 11
760.7279431064236
 21
-99.99867524269731
 31
0.0
  0
LINE
  5
364A
330
411
100
AcDbEntity
  8
0
100
AcDbLine
 10
680.7279431064237
 20
-94.99867524269726
 30
0.0
 11
760.7279431064236
 21
-94.99867524269731
 31
0.0
  0
LINE
  5
364B
330
411
100
AcDbEntity
  8
0
100
AcDbLine
 10
770.7279431064237
 20
-109.9986752426973
 30
0.0
 11
770.7279431064237
 21
-189.9986752426973
 31
0.0
  0
LINE
  5
364C
330
411
100
AcDbEntity
  8
0
100
AcDbLine
 10
775.7279431064237
 20
-109.9986752426973
 30
0.0
 11
775.7279431064237
 21
-189.9986752426973
 31
0.0
  0
ARC
  5
364D
330
411
100
AcDbEntity
  8
0
100
AcDbCircle
 10
760.7279431064236
 20
-109.9986752426973
 30
0.0
 40
10.0
100
AcDbArc
 50
360.0
 51
90.0
  0
ARC
  5
364E
330
411
100
AcDbEntity
  8
0
100
AcDbCircle
 10
760.7279431064236
 20
-109.9986752426973
 30
0.0
 40
15.0
100
AcDbArc
 50
360.0
 51
90.0
  0
ARC
  5
364F
330
411
100
AcDbEntity
  8
0
100
AcDbCircle
 10
680.7279431064237
 20
-109.9986752426972
 30
0.0
 40
10.0
100
AcDbArc
 50
90.0
 51
180.0
  0
ARC
  5
3650
330
411
100
AcDbEntity
  8
0
100
AcDbCircle
 10
680.7279431064237
 20
-109.9986752426972
 30
0.0
 40
15.0
100
AcDbArc
 50
90.0
 51
180.0
  0
ARC
  5
3651
330
411
100
AcDbEntity
  8
0
100
AcDbCircle
 10
680.7279431064237
 20
-189.9986752426972
 30
0.0
 40
10.0
100
AcDbArc
 50
180.0
 51
270.0
  0
ARC
  5
3652
330
411
100
AcDbEntity
  8
0
100
AcDbCircle
 10
680.7279431064237
 20
-189.9986752426972
 30
0.0
 40
15.0
100
AcDbArc
 50
180.0
 51
270.0
  0
ARC
  5
3653
330
411
100
AcDbEntity
  8
0
100
AcDbCircle
 10
760.7279431064236
 20
-189.9986752426973
 30
0.0
 40
10.0
100
AcDbArc
 50
270.0
 51
360.0
  0
ARC
  5
3654
330
411
100
AcDbEntity
  8
0
100
AcDbCircle
 10
760.7279431064236
 20
-189.9986752426973
 30
0.0
 40
15.0
100
AcDbArc
 50
270.0
 51
360.0
  0
LINE
  5
3655
330
411
100
AcDbEntity
  8
0
100
AcDbLine
 10
680.7279431064237
 20
-94.99867524269726
 30
0.0
 11
580.7279431064237
 21
-94.99867524269721
 31
0.0
  0
LINE
  5
3656
330
411
100
AcDbEntity
  8
0
100
AcDbLine
 10
680.7279431064237
 20
-99.99867524269726
 30
0.0
 11
580.7279431064237
 21
-99.99867524269721
 31
0.0
  0
LINE
  5
3657
330
411
100
AcDbEntity
  8
0
100
AcDbLine
 10
680.7279431064237
 20
-199.9986752426972
 30
0.0
 11
580.7279431064237
 21
-199.9986752426972
 31
0.0
  0
LINE
  5
3658
330
411
100
AcDbEntity
  8
0
100
AcDbLine
 10
680.7279431064237
 20
-204.9986752426973
 30
0.0
 11
580.7279431064237
 21
-204.9986752426972
 31
0.0
  0
CIRCLE
  5
3659
330
411
100
AcDbEntity
  8
0
100
AcDbCircle
 10
580.7279431064237
 20
-149.9986752426972
 30
0.0
 40
50.0
  0
CIRCLE
  5
365A
330
411
100
AcDbEntity
  8
0
100
AcDbCircle
 10
580.7279431064237
 20
-149.9986752426972
 30
0.0
 40
55.0
  0
LINE
  5
365B
330
411
100
AcDbEntity
  8
0
100
AcDbLine
 10
665.7279431064237
 20
-137.4986752426972
 30
0.0
 11
665.7279431064235
 21
-189.9986752426972
 31
0.0
  0
LINE
  5
365C
330
411
100
AcDbEntity
  8
0
100
AcDbLine
 10
670.7279431064237
 20
-142.4986752426972
 30
0.0
 11
670.7279431064237
 21
-189.9986752426972
 31
0.0
  0
LINE
  5
365D
330
411
100
AcDbEntity
  8
0
100
AcDbLine
 10
400.7279431064236
 20
-199.9986752426971
 30
0.0
 11
480.7279431064237
 21
-199.9986752426972
 31
0.0
  0
LINE
  5
365E
330
411
100
AcDbEntity
  8
0
100
AcDbLine
 10
400.7279431064236
 20
-204.9986752426971
 30
0.0
 11
480.7279431064237
 21
-204.9986752426972
 31
0.0
  0
LINE
  5
365F
330
411
100
AcDbEntity
  8
0
100
AcDbLine
 10
490.7279431064237
 20
-142.4986752426971
 30
0.0
 11
490.7279431064237
 21
-109.9986752426971
 31
0.0
  0
LINE
  5
3660
330
411
100
AcDbEntity
  8
0
100
AcDbLine
 10
495.7279431064237
 20
-137.4986752426972
 30
0.0
 11
495.7279431064237
 21
-109.9986752426971
 31
0.0
  0
LINE
  5
3661
330
411
100
AcDbEntity
  8
0
100
AcDbLine
 10
480.7279431064237
 20
-99.99867524269717
 30
0.0
 11
400.7279431064236
 21
-99.99867524269715
 31
0.0
  0
LINE
  5
3662
330
411
100
AcDbEntity
  8
0
100
AcDbLine
 10
480.7279431064237
 20
-94.99867524269717
 30
0.0
 11
400.7279431064236
 21
-94.99867524269715
 31
0.0
  0
LINE
  5
3663
330
411
100
AcDbEntity
  8
0
100
AcDbLine
 10
390.7279431064237
 20
-109.9986752426971
 30
0.0
 11
390.7279431064237
 21
-189.9986752426971
 31
0.0
  0
LINE
  5
3664
330
411
100
AcDbEntity
  8
0
100
AcDbLine
 10
385.7279431064236
 20
-109.9986752426971
 30
0.0
 11
385.7279431064236
 21
-189.9986752426971
 31
0.0
  0
ARC
  5
3665
330
411
100
AcDbEntity
  8
0
100
AcDbCircle
 10
400.7279431064236
 20
-109.9986752426971
 30
0.0
 40
10.0
100
AcDbArc
 50
90.0
 51
180.0
  0
ARC
  5
3666
330
411
100
AcDbEntity
  8
0
100
AcDbCircle
 10
400.7279431064236
 20
-109.9986752426971
 30
0.0
 40
15.0
100
AcDbArc
 50
90.0
 51
180.0
  0
ARC
  5
3667
330
411
100
AcDbEntity
  8
0
100
AcDbCircle
 10
480.7279431064237
 20
-109.9986752426971
 30
0.0
 40
10.0
100
AcDbArc
 50
360.0
 51
90.0
  0
ARC
  5
3668
330
411
100
AcDbEntity
  8
0
100
AcDbCircle
 10
480.7279431064237
 20
-109.9986752426971
 30
0.0
 40
15.0
100
AcDbArc
 50
360.0
 51
90.0
  0
ARC
  5
3669
330
411
100
AcDbEntity
  8
0
100
AcDbCircle
 10
480.7279431064237
 20
-189.9986752426972
 30
0.0
 40
10.0
100
AcDbArc
 50
270.0
 51
360.0
  0
ARC
  5
366A
330
411
100
AcDbEntity
  8
0
100
AcDbCircle
 10
480.7279431064237
 20
-189.9986752426972
 30
0.0
 40
15.0
100
AcDbArc
 50
270.0
 51
360.0
  0
ARC
  5
366B
330
411
100
AcDbEntity
  8
0
100
AcDbCircle
 10
400.7279431064236
 20
-189.9986752426971
 30
0.0
 40
10.0
100
AcDbArc
 50
180.0
 51
270.0
  0
ARC
  5
366C
330
411
100
AcDbEntity
  8
0
100
AcDbCircle
 10
400.7279431064236
 20
-189.9986752426971
 30
0.0
 40
15.0
100
AcDbArc
 50
180.0
 51
270.0
  0
LINE
  5
366D
330
411
100
AcDbEntity
  8
0
100
AcDbLine
 10
480.7279431064237
 20
-94.99867524269717
 30
0.0
 11
580.7279431064237
 21
-94.99867524269721
 31
0.0
  0
LINE
  5
366E
330
411
100
AcDbEntity
  8
0
100
AcDbLine
 10
480.7279431064237
 20
-99.99867524269717
 30
0.0
 11
580.7279431064237
 21
-99.99867524269721
 31
0.0
  0
LINE
  5
366F
330
411
100
AcDbEntity
  8
0
100
AcDbLine
 10
480.7279431064237
 20
-199.9986752426972
 30
0.0
 11
580.7279431064237
 21
-199.9986752426972
 31
0.0
  0
LINE
  5
3670
330
411
100
AcDbEntity
  8
0
100
AcDbLine
 10
480.7279431064237
 20
-204.9986752426972
 30
0.0
 11
580.7279431064237
 21
-204.9986752426972
 31
0.0
  0
LINE
  5
3671
330
411
100
AcDbEntity
  8
0
100
AcDbLine
 10
495.7279431064237
 20
-137.4986752426972
 30
0.0
 11
495.7279431064236
 21
-189.9986752426972
 31
0.0
  0
LINE
  5
3672
330
411
100
AcDbEntity
  8
0
100
AcDbLine
 10
490.7279431064237
 20
-142.4986752426971
 30
0.0
 11
490.7279431064236
 21
-189.9986752426972
 31
0.0
  0
LINE
  5
3673
330
411
100
AcDbEntity
  8
0
100
AcDbLine
 10
720.0
 20
-15.00000000000017
 30
0.0
 11
720.0
 21
-42.49933762134874
 31
0.0
  0
LINE
  5
3674
330
411
100
AcDbEntity
  8
0
100
AcDbLine
 10
715.0
 20
-15.00000000000017
 30
0.0
 11
715.0
 21
-37.49933762134873
 31
0.0
  0
LINE
  5
3675
330
411
100
AcDbEntity
  8
0
100
AcDbLine
 10
710.0
 20
-52.49933762134872
 30
0.0
 11
580.0
 21
-52.49933762134865
 31
0.0
  0
ARC
  5
3676
330
411
100
AcDbEntity
  8
0
100
AcDbCircle
 10
710.0
 20
-42.49933762134872
 30
0.0
 40
10.0
100
AcDbArc
 50
270.0
 51
360.0
  0
LINE
  5
3677
330
411
100
AcDbEntity
  8
0
100
AcDbLine
 10
705.0
 20
-47.49933762134872
 30
0.0
 11
580.0
 21
-47.49933762134865
 31
0.0
  0
ARC
  5
3678
330
411
100
AcDbEntity
  8
0
100
AcDbCircle
 10
705.0
 20
-37.49933762134873
 30
0.0
 40
10.0
100
AcDbArc
 50
270.0
 51
0.0
  0
LINE
  5
3679
330
411
100
AcDbEntity
  8
0
100
AcDbLine
 10
730.0
 20
-5.000000000000206
 30
0.0
 11
680.0
 21
-5.000000000000176
 31
0.0
  0
ARC
  5
367A
330
411
100
AcDbEntity
  8
0
100
AcDbCircle
 10
430.0
 20
-15.00000000000008
 30
0.0
 40
10.0
100
AcDbArc
 50
0.0
 51
90.0
  0
ARC
  5
367B
330
411
100
AcDbEntity
  8
0
100
AcDbCircle
 10
430.0
 20
-15.00000000000008
 30
0.0
 40
15.0
100
AcDbArc
 50
0.0
 51
90.0
  0
LINE
  5
367C
330
411
100
AcDbEntity
  8
0
100
AcDbLine
 10
440.0
 20
-15.00000000000006
 30
0.0
 11
440.0
 21
-42.49933762134861
 31
0.0
  0
LINE
  5
367D
330
411
100
AcDbEntity
  8
0
100
AcDbLine
 10
445.0
 20
-15.00000000000006
 30
0.0
 11
445.0
 21
-37.49933762134863
 31
0.0
  0
LINE
  5
367E
330
411
100
AcDbEntity
  8
0
100
AcDbLine
 10
449.9999999999999
 20
-52.49933762134863
 30
0.0
 11
580.0
 21
-52.49933762134865
 31
0.0
  0
ARC
  5
367F
330
411
100
AcDbEntity
  8
0
100
AcDbCircle
 10
450.0
 20
-42.49933762134863
 30
0.0
 40
10.0
100
AcDbArc
 50
180.0
 51
270.0
  0
LINE
  5
3680
330
411
100
AcDbEntity
  8
0
100
AcDbLine
 10
455.0
 20
-47.49933762134861
 30
0.0
 11
580.0
 21
-47.49933762134864
 31
0.0
  0
ARC
  5
3681
330
411
100
AcDbEntity
  8
0
100
AcDbCircle
 10
455.0
 20
-37.49933762134862
 30
0.0
 40
10.0
100
AcDbArc
 50
180.0
 51
270.0
  0
ARC
  5
3682
330
411
100
AcDbEntity
  8
0
100
AcDbCircle
 10
730.0
 20
-84.99867524269729
 30
0.0
 40
10.0
100
AcDbArc
 50
180.0
 51
270.0
  0
ARC
  5
3683
330
411
100
AcDbEntity
  8
0
100
AcDbCircle
 10
730.0
 20
-84.99867524269729
 30
0.0
 40
15.0
100
AcDbArc
 50
180.0
 51
270.0
  0
LINE
  5
3684
330
411
100
AcDbEntity
  8
0
100
AcDbLine
 10
720.0
 20
-84.99867524269731
 30
0.0
 11
720.0
 21
-57.49933762134876
 31
0.0
  0
LINE
  5
3685
330
411
100
AcDbEntity
  8
0
100
AcDbLine
 10
715.0
 20
-84.99867524269731
 30
0.0
 11
715.0
 21
-62.49933762134874
 31
0.0
  0
LINE
  5
3686
330
411
100
AcDbEntity
  8
0
100
AcDbLine
 10
710.0
 20
-47.49933762134874
 30
0.0
 11
666.6738054482306
 21
-47.49933762134872
 31
0.0
  0
ARC
  5
3687
330
411
100
AcDbEntity
  8
0
100
AcDbCircle
 10
710.0
 20
-57.49933762134874
 30
0.0
 40
10.0
100
AcDbArc
 50
360.0
 51
90.0
  0
LINE
  5
3688
330
411
100
AcDbEntity
  8
0
100
AcDbLine
 10
705.0
 20
-52.49933762134874
 30
0.0
 11
665.8369027241153
 21
-52.49933762134872
 31
0.0
  0
ARC
  5
3689
330
411
100
AcDbEntity
  8
0
100
AcDbCircle
 10
705.0
 20
-62.49933762134874
 30
0.0
 40
10.0
100
AcDbArc
 50
360.0
 51
90.0
  0
ARC
  5
368A
330
411
100
AcDbEntity
  8
0
100
AcDbCircle
 10
429.9999999999999
 20
-84.99867524269706
 30
0.0
 40
10.0
100
AcDbArc
 50
270.0
 51
360.0
  0
ARC
  5
368B
330
411
100
AcDbEntity
  8
0
100
AcDbCircle
 10
429.9999999999999
 20
-84.99867524269706
 30
0.0
 40
15.0
100
AcDbArc
 50
270.0
 51
360.0
  0
LINE
  5
368C
330
411
100
AcDbEntity
  8
0
100
AcDbLine
 10
439.9999999999999
 20
-84.99867524269708
 30
0.0
 11
439.9999999999999
 21
-57.49933762134853
 31
0.0
  0
LINE
  5
368D
330
411
100
AcDbEntity
  8
0
100
AcDbLine
 10
444.9999999999999
 20
-84.99867524269708
 30
0.0
 11
444.9999999999999
 21
-62.49933762134855
 31
0.0
  0
LINE
  5
368E
330
411
100
AcDbEntity
  8
0
100
AcDbLine
 10
450.0
 20
-47.49933762134854
 30
0.0
 11
580.0
 21
-47.49933762134867
 31
0.0
  0
ARC
  5
368F
330
411
100
AcDbEntity
  8
0
100
AcDbCircle
 10
449.9999999999999
 20
-57.49933762134855
 30
0.0
 40
10.0
100
AcDbArc
 50
90.0
 51
180.0
  0
LINE
  5
3690
330
411
100
AcDbEntity
  8
0
100
AcDbLine
 10
454.9999999999999
 20
-52.49933762134855
 30
0.0
 11
580.0
 21
-52.49933762134867
 31
0.0
  0
ARC
  5
3691
330
411
100
AcDbEntity
  8
0
100
AcDbCircle
 10
454.9999999999999
 20
-62.49933762134855
 30
0.0
 40
10.0
100
AcDbArc
 50
90.0
 51
180.0
  0
ARC
  5
3692
330
411
100
AcDbEntity
  8
0
100
AcDbCircle
 10
520.4705955010467
 20
57.49999999999997
 30
0.0
 40
10.0
100
AcDbArc
 50
270.0
 51
352.8192442185415
  0
ARC
  5
3693
330
411
100
AcDbEntity
  8
0
100
AcDbCircle
 10
516.2132458891346
 20
62.49999999999996
 30
0.0
 40
10.0
100
AcDbArc
 50
270.0
 51
348.9125107890296
  0
LINE
  5
3694
330
411
100
AcDbEntity
  8
0
100
AcDbLine
 10
520.4705955010467
 20
47.49999999999995
 30
0.0
 11
505.0
 21
47.49999999999997
 31
0.0
  0
LINE
  5
3695
330
411
100
AcDbEntity
  8
0
100
AcDbLine
 10
516.2132458891346
 20
52.49999999999994
 30
0.0
 11
505.0
 21
52.49999999999996
 31
0.0
  0
ARC
  5
3696
330
411
100
AcDbEntity
  8
0
100
AcDbCircle
 10
505.0
 20
62.49999999999996
 30
0.0
 40
10.0
100
AcDbArc
 50
179.9999999999999
 51
270.0
  0
ARC
  5
3697
330
411
100
AcDbEntity
  8
0
100
AcDbCircle
 10
505.0
 20
62.49999999999996
 30
0.0
 40
15.0
100
AcDbArc
 50
179.9999999999999
 51
270.0
  0
ARC
  5
3698
330
411
100
AcDbEntity
  8
0
100
AcDbCircle
 10
520.4705955010466
 20
42.49999999999995
 30
0.0
 40
10.0
100
AcDbArc
 50
7.18075578145836
 51
90.0
  0
ARC
  5
3699
330
411
100
AcDbEntity
  8
0
100
AcDbCircle
 10
516.2132458891346
 20
37.49999999999997
 30
0.0
 40
10.0
100
AcDbArc
 50
11.08748921097028
 51
90.0
  0
LINE
  5
369A
330
411
100
AcDbEntity
  8
0
100
AcDbLine
 10
520.4705955010467
 20
52.49999999999997
 30
0.0
 11
505.0
 21
52.49999999999997
 31
0.0
  0
LINE
  5
369B
330
411
100
AcDbEntity
  8
0
100
AcDbLine
 10
516.2132458891346
 20
47.49999999999999
 30
0.0
 11
505.0
 21
47.5
 31
0.0
  0
ARC
  5
369C
330
411
100
AcDbEntity
  8
0
100
AcDbCircle
 10
504.9999999999999
 20
37.5
 30
0.0
 40
10.0
100
AcDbArc
 50
90.0
 51
179.9999999999999
  0
ARC
  5
369D
330
411
100
AcDbEntity
  8
0
100
AcDbCircle
 10
504.9999999999999
 20
37.5
 30
0.0
 40
15.0
100
AcDbArc
 50
90.0
 51
179.9999999999999
  0
ARC
  5
369E
330
411
100
AcDbEntity
  8
0
100
AcDbCircle
 10
640.257347605377
 20
-157.4986752426972
 30
0.0
 40
10.0
100
AcDbArc
 50
90.0
 51
172.8192442185414
  0
ARC
  5
369F
330
411
100
AcDbEntity
  8
0
100
AcDbCircle
 10
644.514697217289
 20
-162.4986752426972
 30
0.0
 40
10.0
100
AcDbArc
 50
90.0
 51
168.9125107890298
  0
LINE
  5
36A0
330
411
100
AcDbEntity
  8
0
100
AcDbLine
 10
640.257347605377
 20
-147.4986752426972
 30
0.0
 11
655.7279431064237
 21
-147.4986752426972
 31
0.0
  0
LINE
  5
36A1
330
411
100
AcDbEntity
  8
0
100
AcDbLine
 10
644.514697217289
 20
-152.4986752426972
 30
0.0
 11
655.7279431064237
 21
-152.4986752426972
 31
0.0
  0
ARC
  5
36A2
330
411
100
AcDbEntity
  8
0
100
AcDbCircle
 10
655.7279431064237
 20
-162.4986752426972
 30
0.0
 40
10.0
100
AcDbArc
 50
360.0
 51
90.0
  0
ARC
  5
36A3
330
411
100
AcDbEntity
  8
0
100
AcDbCircle
 10
655.7279431064237
 20
-162.4986752426972
 30
0.0
 40
15.0
100
AcDbArc
 50
360.0
 51
90.0
  0
ARC
  5
36A4
330
411
100
AcDbEntity
  8
0
100
AcDbCircle
 10
640.257347605377
 20
-142.4986752426972
 30
0.0
 40
10.0
100
AcDbArc
 50
187.1807557814585
 51
270.0
  0
ARC
  5
36A5
330
411
100
AcDbEntity
  8
0
100
AcDbCircle
 10
644.5146972172891
 20
-137.4986752426972
 30
0.0
 40
10.0
100
AcDbArc
 50
191.0874892109701
 51
270.0
  0
LINE
  5
36A6
330
411
100
AcDbEntity
  8
0
100
AcDbLine
 10
640.257347605377
 20
-152.4986752426972
 30
0.0
 11
655.7279431064237
 21
-152.4986752426972
 31
0.0
  0
LINE
  5
36A7
330
411
100
AcDbEntity
  8
0
100
AcDbLine
 10
644.5146972172891
 20
-147.4986752426972
 30
0.0
 11
655.7279431064237
 21
-147.4986752426973
 31
0.0
  0
ARC
  5
36A8
330
411
100
AcDbEntity
  8
0
100
AcDbCircle
 10
655.7279431064237
 20
-137.4986752426973
 30
0.0
 40
10.0
100
AcDbArc
 50
270.0
 51
360.0
  0
ARC
  5
36A9
330
411
100
AcDbEntity
  8
0
100
AcDbCircle
 10
655.7279431064237
 20
-137.4986752426973
 30
0.0
 40
15.0
100
AcDbArc
 50
270.0
 51
360.0
  0
ARC
  5
36AA
330
411
100
AcDbEntity
  8
0
100
AcDbCircle
 10
521.1985386074704
 20
-157.4986752426972
 30
0.0
 40
10.0
100
AcDbArc
 50
7.180755781458535
 51
90.0
  0
ARC
  5
36AB
330
411
100
AcDbEntity
  8
0
100
AcDbCircle
 10
516.9411889955584
 20
-162.4986752426972
 30
0.0
 40
10.0
100
AcDbArc
 50
11.08748921097018
 51
90.0
  0
LINE
  5
36AC
330
411
100
AcDbEntity
  8
0
100
AcDbLine
 10
521.1985386074704
 20
-147.4986752426972
 30
0.0
 11
505.7279431064237
 21
-147.4986752426972
 31
0.0
  0
LINE
  5
36AD
330
411
100
AcDbEntity
  8
0
100
AcDbLine
 10
516.9411889955584
 20
-152.4986752426972
 30
0.0
 11
505.7279431064237
 21
-152.4986752426972
 31
0.0
  0
ARC
  5
36AE
330
411
100
AcDbEntity
  8
0
100
AcDbCircle
 10
505.7279431064237
 20
-162.4986752426972
 30
0.0
 40
10.0
100
AcDbArc
 50
90.0
 51
180.0
  0
ARC
  5
36AF
330
411
100
AcDbEntity
  8
0
100
AcDbCircle
 10
505.7279431064237
 20
-162.4986752426972
 30
0.0
 40
15.0
100
AcDbArc
 50
90.0
 51
180.0
  0
ARC
  5
36B0
330
411
100
AcDbEntity
  8
0
100
AcDbCircle
 10
521.1985386074704
 20
-142.4986752426972
 30
0.0
 40
10.0
100
AcDbArc
 50
270.0
 51
352.8192442185415
  0
ARC
  5
36B1
330
411
100
AcDbEntity
  8
0
100
AcDbCircle
 10
516.9411889955584
 20
-137.4986752426972
 30
0.0
 40
10.0
100
AcDbArc
 50
270.0
 51
348.9125107890298
  0
LINE
  5
36B2
330
411
100
AcDbEntity
  8
0
100
AcDbLine
 10
521.1985386074704
 20
-152.4986752426972
 30
0.0
 11
505.7279431064237
 21
-152.4986752426972
 31
0.0
  0
LINE
  5
36B3
330
411
100
AcDbEntity
  8
0
100
AcDbLine
 10
516.9411889955584
 20
-147.4986752426972
 30
0.0
 11
505.7279431064237
 21
-147.4986752426972
 31
0.0
  0
ARC
  5
36B4
330
411
100
AcDbEntity
  8
0
100
AcDbCircle
 10
505.7279431064237
 20
-137.4986752426972
 30
0.0
 40
10.0
100
AcDbArc
 50
180.0
 51
270.0
  0
ARC
  5
36B5
330
411
100
AcDbEntity
  8
0
100
AcDbCircle
 10
505.7279431064237
 20
-137.4986752426972
 30
0.0
 40
15.0
100
AcDbArc
 50
180.0
 51
270.0
  0
LINE
  5
36B6
330
411
100
AcDbEntity
  8
0
100
AcDbLine
 10
663.4174260797823
 20
-46.95428306850728
 30
0.0
 11
528.6675476989257
 21
-0.545054552841536
 31
0.0
  0
ARC
  5
36B7
330
411
100
AcDbEntity
  8
0
100
AcDbCircle
 10
666.6738054482306
 20
-37.49933762134872
 30
0.0
 40
10.0
100
AcDbArc
 50
250.9957713288679
 51
270.0
  0
LINE
  5
36B8
330
411
100
AcDbEntity
  8
0
100
AcDbLine
 10
662.580523355667
 20
-51.95428306850728
 30
0.0
 11
513.3130713487621
 21
-0.5450545528415482
 31
0.0
  0
ARC
  5
36B9
330
411
100
AcDbEntity
  8
0
100
AcDbCircle
 10
665.8369027241153
 20
-42.49933762134872
 30
0.0
 40
10.0
100
AcDbArc
 50
250.9957713288679
 51
270.0
  0
LINE
  5
36BA
330
411
100
AcDbEntity
  8
0
100
AcDbLine
 10
525.4111683304775
 20
-0.0000000000001023
 30
0.0
 11
580.0
 21
-0.0000000000001172
 31
0.0
  0
LINE
  5
36BB
330
411
100
AcDbEntity
  8
0
100
AcDbLine
 10
525.4111683304775
 20
-0.0000000000001023
 30
0.0
 11
510.0566919803139
 21
-0.0000000000000989
 31
0.0
  0
LINE
  5
36BC
330
411
100
AcDbEntity
  8
0
100
AcDbLine
 10
759.2720568935764
 20
309.9986752426969
 30
0.0
 11
679.2720568935764
 21
309.9986752426969
 31
0.0
  0
LINE
  5
36BD
330
411
100
AcDbEntity
  8
0
100
AcDbLine
 10
759.2720568935764
 20
304.9986752426969
 30
0.0
 11
729.2720568935764
 21
304.9986752426969
 31
0.0
  0
ARC
  5
36BE
330
411
100
AcDbEntity
  8
0
100
AcDbCircle
 10
729.2720568935764
 20
294.9986752426969
 30
0.0
 40
10.0
100
AcDbArc
 50
90.0
 51
180.0
  0
ARC
  5
36BF
330
411
100
AcDbEntity
  8
0
100
AcDbCircle
 10
729.2720568935764
 20
294.9986752426969
 30
0.0
 40
15.0
100
AcDbArc
 50
90.0
 51
180.0
  0
LINE
  5
36C0
330
411
100
AcDbEntity
  8
0
100
AcDbLine
 10
669.2720568935763
 20
367.498675242697
 30
0.0
 11
669.2720568935765
 21
399.9986752426969
 31
0.0
  0
LINE
  5
36C1
330
411
100
AcDbEntity
  8
0
100
AcDbLine
 10
664.2720568935764
 20
372.4986752426969
 30
0.0
 11
664.2720568935764
 21
399.9986752426969
 31
0.0
  0
LINE
  5
36C2
330
411
100
AcDbEntity
  8
0
100
AcDbLine
 10
679.2720568935765
 20
409.9986752426969
 30
0.0
 11
759.2720568935765
 21
409.9986752426969
 31
0.0
  0
LINE
  5
36C3
330
411
100
AcDbEntity
  8
0
100
AcDbLine
 10
679.2720568935765
 20
414.9986752426969
 30
0.0
 11
759.2720568935765
 21
414.9986752426968
 31
0.0
  0
LINE
  5
36C4
330
411
100
AcDbEntity
  8
0
100
AcDbLine
 10
769.2720568935763
 20
399.9986752426969
 30
0.0
 11
769.2720568935763
 21
319.9986752426969
 31
0.0
  0
LINE
  5
36C5
330
411
100
AcDbEntity
  8
0
100
AcDbLine
 10
774.2720568935764
 20
399.9986752426969
 30
0.0
 11
774.2720568935764
 21
319.9986752426969
 31
0.0
  0
ARC
  5
36C6
330
411
100
AcDbEntity
  8
0
100
AcDbCircle
 10
759.2720568935764
 20
399.9986752426969
 30
0.0
 40
10.0
100
AcDbArc
 50
360.0
 51
90.0
  0
ARC
  5
36C7
330
411
100
AcDbEntity
  8
0
100
AcDbCircle
 10
759.2720568935764
 20
399.9986752426969
 30
0.0
 40
15.0
100
AcDbArc
 50
360.0
 51
90.0
  0
ARC
  5
36C8
330
411
100
AcDbEntity
  8
0
100
AcDbCircle
 10
679.2720568935765
 20
399.9986752426969
 30
0.0
 40
10.0
100
AcDbArc
 50
90.0
 51
180.0
  0
ARC
  5
36C9
330
411
100
AcDbEntity
  8
0
100
AcDbCircle
 10
679.2720568935765
 20
399.9986752426969
 30
0.0
 40
15.0
100
AcDbArc
 50
90.0
 51
180.0
  0
ARC
  5
36CA
330
411
100
AcDbEntity
  8
0
100
AcDbCircle
 10
679.2720568935764
 20
319.998675242697
 30
0.0
 40
10.0
100
AcDbArc
 50
180.0
 51
270.0
  0
ARC
  5
36CB
330
411
100
AcDbEntity
  8
0
100
AcDbCircle
 10
679.2720568935764
 20
319.998675242697
 30
0.0
 40
15.0
100
AcDbArc
 50
180.0
 51
270.0
  0
ARC
  5
36CC
330
411
100
AcDbEntity
  8
0
100
AcDbCircle
 10
759.2720568935764
 20
319.9986752426969
 30
0.0
 40
10.0
100
AcDbArc
 50
270.0
 51
360.0
  0
ARC
  5
36CD
330
411
100
AcDbEntity
  8
0
100
AcDbCircle
 10
759.2720568935764
 20
319.9986752426969
 30
0.0
 40
15.0
100
AcDbArc
 50
270.0
 51
360.0
  0
LINE
  5
36CE
330
411
100
AcDbEntity
  8
0
100
AcDbLine
 10
679.2720568935765
 20
414.9986752426969
 30
0.0
 11
579.2720568935765
 21
414.9986752426969
 31
0.0
  0
LINE
  5
36CF
330
411
100
AcDbEntity
  8
0
100
AcDbLine
 10
679.2720568935765
 20
409.9986752426969
 30
0.0
 11
579.2720568935765
 21
409.9986752426969
 31
0.0
  0
LINE
  5
36D0
330
411
100
AcDbEntity
  8
0
100
AcDbLine
 10
679.2720568935764
 20
309.9986752426969
 30
0.0
 11
579.2720568935764
 21
309.998675242697
 31
0.0
  0
LINE
  5
36D1
330
411
100
AcDbEntity
  8
0
100
AcDbLine
 10
679.2720568935764
 20
304.998675242697
 30
0.0
 11
579.2720568935764
 21
304.998675242697
 31
0.0
  0
CIRCLE
  5
36D2
330
411
100
AcDbEntity
  8
0
100
AcDbCircle
 10
579.2720568935764
 20
359.998675242697
 30
0.0
 40
50.0
  0
ARC
  5
36D3
330
411
100
AcDbEntity
  8
0
100
AcDbCircle
 10
638.8014613925297
 20
367.498675242697
 30
0.0
 40
10.0
100
AcDbArc
 50
187.1807557814585
 51
270.0
  0
CIRCLE
  5
36D4
330
411
100
AcDbEntity
  8
0
100
AcDbCircle
 10
579.2720568935764
 20
359.998675242697
 30
0.0
 40
55.0
  0
ARC
  5
36D5
330
411
100
AcDbEntity
  8
0
100
AcDbCircle
 10
643.0588110044418
 20
372.4986752426969
 30
0.0
 40
10.0
100
AcDbArc
 50
191.0874892109694
 51
270.0
  0
LINE
  5
36D6
330
411
100
AcDbEntity
  8
0
100
AcDbLine
 10
638.8014613925297
 20
357.498675242697
 30
0.0
 11
654.2720568935764
 21
357.498675242697
 31
0.0
  0
LINE
  5
36D7
330
411
100
AcDbEntity
  8
0
100
AcDbLine
 10
643.0588110044418
 20
362.4986752426969
 30
0.0
 11
654.2720568935764
 21
362.4986752426969
 31
0.0
  0
ARC
  5
36D8
330
411
100
AcDbEntity
  8
0
100
AcDbCircle
 10
654.2720568935764
 20
372.4986752426969
 30
0.0
 40
10.0
100
AcDbArc
 50
270.0
 51
360.0
  0
ARC
  5
36D9
330
411
100
AcDbEntity
  8
0
100
AcDbCircle
 10
654.2720568935764
 20
372.4986752426969
 30
0.0
 40
15.0
100
AcDbArc
 50
270.0
 51
360.0
  0
LINE
  5
36DA
330
411
100
AcDbEntity
  8
0
100
AcDbLine
 10
664.2720568935764
 20
372.4986752426969
 30
0.0
 11
664.2720568935764
 21
319.998675242697
 31
0.0
  0
LINE
  5
36DB
330
411
100
AcDbEntity
  8
0
100
AcDbLine
 10
669.2720568935763
 20
367.498675242697
 30
0.0
 11
669.2720568935763
 21
319.998675242697
 31
0.0
  0
ARC
  5
36DC
330
411
100
AcDbEntity
  8
0
100
AcDbCircle
 10
638.8014613925297
 20
352.4986752426969
 30
0.0
 40
10.0
100
AcDbArc
 50
90.0
 51
172.8192442185414
  0
ARC
  5
36DD
330
411
100
AcDbEntity
  8
0
100
AcDbCircle
 10
643.0588110044418
 20
347.4986752426969
 30
0.0
 40
10.0
100
AcDbArc
 50
90.0
 51
168.9125107890305
  0
LINE
  5
36DE
330
411
100
AcDbEntity
  8
0
100
AcDbLine
 10
638.8014613925297
 20
362.4986752426969
 30
0.0
 11
654.2720568935764
 21
362.4986752426969
 31
0.0
  0
LINE
  5
36DF
330
411
100
AcDbEntity
  8
0
100
AcDbLine
 10
643.0588110044418
 20
357.498675242697
 30
0.0
 11
654.2720568935764
 21
357.498675242697
 31
0.0
  0
ARC
  5
36E0
330
411
100
AcDbEntity
  8
0
100
AcDbCircle
 10
654.2720568935764
 20
347.498675242697
 30
0.0
 40
10.0
100
AcDbArc
 50
360.0
 51
90.0
  0
ARC
  5
36E1
330
411
100
AcDbEntity
  8
0
100
AcDbCircle
 10
654.2720568935764
 20
347.498675242697
 30
0.0
 40
15.0
100
AcDbArc
 50
360.0
 51
90.0
  0
LINE
  5
36E2
330
411
100
AcDbEntity
  8
0
100
AcDbLine
 10
399.2720568935764
 20
309.9986752426971
 30
0.0
 11
479.2720568935764
 21
309.998675242697
 31
0.0
  0
LINE
  5
36E3
330
411
100
AcDbEntity
  8
0
100
AcDbLine
 10
399.2720568935764
 20
304.9986752426971
 30
0.0
 11
479.2720568935764
 21
304.998675242697
 31
0.0
  0
LINE
  5
36E4
330
411
100
AcDbEntity
  8
0
100
AcDbLine
 10
489.2720568935764
 20
367.4986752426971
 30
0.0
 11
489.2720568935764
 21
399.9986752426971
 31
0.0
  0
LINE
  5
36E5
330
411
100
AcDbEntity
  8
0
100
AcDbLine
 10
494.2720568935764
 20
372.498675242697
 30
0.0
 11
494.2720568935764
 21
399.9986752426971
 31
0.0
  0
LINE
  5
36E6
330
411
100
AcDbEntity
  8
0
100
AcDbLine
 10
479.2720568935764
 20
409.998675242697
 30
0.0
 11
399.2720568935764
 21
409.998675242697
 31
0.0
  0
LINE
  5
36E7
330
411
100
AcDbEntity
  8
0
100
AcDbLine
 10
479.2720568935764
 20
414.998675242697
 30
0.0
 11
399.2720568935764
 21
414.998675242697
 31
0.0
  0
LINE
  5
36E8
330
411
100
AcDbEntity
  8
0
100
AcDbLine
 10
389.2720568935764
 20
399.9986752426971
 30
0.0
 11
389.2720568935764
 21
319.998675242697
 31
0.0
  0
LINE
  5
36E9
330
411
100
AcDbEntity
  8
0
100
AcDbLine
 10
384.2720568935764
 20
399.9986752426971
 30
0.0
 11
384.2720568935764
 21
319.998675242697
 31
0.0
  0
ARC
  5
36EA
330
411
100
AcDbEntity
  8
0
100
AcDbCircle
 10
399.2720568935764
 20
399.9986752426971
 30
0.0
 40
10.0
100
AcDbArc
 50
90.0
 51
180.0
  0
ARC
  5
36EB
330
411
100
AcDbEntity
  8
0
100
AcDbCircle
 10
399.2720568935764
 20
399.9986752426971
 30
0.0
 40
15.0
100
AcDbArc
 50
90.0
 51
180.0
  0
ARC
  5
36EC
330
411
100
AcDbEntity
  8
0
100
AcDbCircle
 10
479.2720568935764
 20
399.9986752426971
 30
0.0
 40
10.0
100
AcDbArc
 50
360.0
 51
90.0
  0
ARC
  5
36ED
330
411
100
AcDbEntity
  8
0
100
AcDbCircle
 10
479.2720568935764
 20
399.9986752426971
 30
0.0
 40
15.0
100
AcDbArc
 50
360.0
 51
90.0
  0
ARC
  5
36EE
330
411
100
AcDbEntity
  8
0
100
AcDbCircle
 10
479.2720568935764
 20
319.998675242697
 30
0.0
 40
10.0
100
AcDbArc
 50
270.0
 51
360.0
  0
ARC
  5
36EF
330
411
100
AcDbEntity
  8
0
100
AcDbCircle
 10
479.2720568935764
 20
319.998675242697
 30
0.0
 40
15.0
100
AcDbArc
 50
270.0
 51
360.0
  0
ARC
  5
36F0
330
411
100
AcDbEntity
  8
0
100
AcDbCircle
 10
399.2720568935764
 20
319.998675242697
 30
0.0
 40
10.0
100
AcDbArc
 50
180.0
 51
270.0
  0
ARC
  5
36F1
330
411
100
AcDbEntity
  8
0
100
AcDbCircle
 10
399.2720568935764
 20
319.998675242697
 30
0.0
 40
15.0
100
AcDbArc
 50
180.0
 51
270.0
  0
LINE
  5
36F2
330
411
100
AcDbEntity
  8
0
100
AcDbLine
 10
479.2720568935764
 20
414.998675242697
 30
0.0
 11
579.2720568935764
 21
414.9986752426969
 31
0.0
  0
LINE
  5
36F3
330
411
100
AcDbEntity
  8
0
100
AcDbLine
 10
479.2720568935764
 20
409.998675242697
 30
0.0
 11
579.2720568935764
 21
409.9986752426969
 31
0.0
  0
LINE
  5
36F4
330
411
100
AcDbEntity
  8
0
100
AcDbLine
 10
479.2720568935764
 20
309.998675242697
 30
0.0
 11
509.3287488738903
 21
309.9986752426971
 31
0.0
  0
ARC
  5
36F5
330
411
100
AcDbEntity
  8
0
100
AcDbCircle
 10
509.3287488738903
 20
299.9986752426971
 30
0.0
 40
10.0
100
AcDbArc
 50
70.99577132886799
 51
90.0
  0
ARC
  5
36F6
330
411
100
AcDbEntity
  8
0
100
AcDbCircle
 10
524.6832252240539
 20
299.9986752426971
 30
0.0
 40
10.0
100
AcDbArc
 50
70.995771328868
 51
90.0
  0
LINE
  5
36F7
330
411
100
AcDbEntity
  8
0
100
AcDbLine
 10
479.2720568935764
 20
304.998675242697
 30
0.0
 11
579.2720568935764
 21
304.998675242697
 31
0.0
  0
LINE
  5
36F8
330
411
100
AcDbEntity
  8
0
100
AcDbLine
 10
494.2720568935764
 20
372.498675242697
 30
0.0
 11
494.2720568935763
 21
319.998675242697
 31
0.0
  0
LINE
  5
36F9
330
411
100
AcDbEntity
  8
0
100
AcDbLine
 10
489.2720568935764
 20
367.4986752426971
 30
0.0
 11
489.2720568935764
 21
319.998675242697
 31
0.0
  0
LINE
  5
36FA
330
411
100
AcDbEntity
  8
0
100
AcDbLine
 10
760.0000000000001
 20
109.9999999999998
 30
0.0
 11
680.0
 21
109.9999999999998
 31
0.0
  0
LINE
  5
36FB
330
411
100
AcDbEntity
  8
0
100
AcDbLine
 10
760.0000000000001
 20
104.9999999999998
 30
0.0
 11
680.0
 21
104.9999999999998
 31
0.0
  0
LINE
  5
36FC
330
411
100
AcDbEntity
  8
0
100
AcDbLine
 10
670.0000000000001
 20
167.4999999999998
 30
0.0
 11
670.0000000000001
 21
199.9999999999998
 31
0.0
  0
LINE
  5
36FD
330
411
100
AcDbEntity
  8
0
100
AcDbLine
 10
665.0000000000001
 20
172.4999999999998
 30
0.0
 11
665.0000000000001
 21
199.9999999999998
 31
0.0
  0
LINE
  5
36FE
330
411
100
AcDbEntity
  8
0
100
AcDbLine
 10
680.0000000000001
 20
209.9999999999999
 30
0.0
 11
760.0000000000001
 21
209.9999999999998
 31
0.0
  0
LINE
  5
36FF
330
411
100
AcDbEntity
  8
0
100
AcDbLine
 10
680.0000000000001
 20
214.9999999999999
 30
0.0
 11
760.0000000000001
 21
214.9999999999998
 31
0.0
  0
LINE
  5
3700
330
411
100
AcDbEntity
  8
0
100
AcDbLine
 10
770.0000000000001
 20
199.9999999999998
 30
0.0
 11
770.0000000000001
 21
119.9999999999998
 31
0.0
  0
LINE
  5
3701
330
411
100
AcDbEntity
  8
0
100
AcDbLine
 10
775.0
 20
199.9999999999998
 30
0.0
 11
775.0
 21
119.9999999999998
 31
0.0
  0
ARC
  5
3702
330
411
100
AcDbEntity
  8
0
100
AcDbCircle
 10
760.0000000000001
 20
199.9999999999998
 30
0.0
 40
10.0
100
AcDbArc
 50
360.0
 51
90.0
  0
ARC
  5
3703
330
411
100
AcDbEntity
  8
0
100
AcDbCircle
 10
760.0000000000001
 20
199.9999999999998
 30
0.0
 40
15.0
100
AcDbArc
 50
360.0
 51
90.0
  0
ARC
  5
3704
330
411
100
AcDbEntity
  8
0
100
AcDbCircle
 10
680.0000000000001
 20
199.9999999999998
 30
0.0
 40
10.0
100
AcDbArc
 50
90.0
 51
180.0
  0
ARC
  5
3705
330
411
100
AcDbEntity
  8
0
100
AcDbCircle
 10
680.0000000000001
 20
199.9999999999998
 30
0.0
 40
15.0
100
AcDbArc
 50
90.0
 51
180.0
  0
ARC
  5
3706
330
411
100
AcDbEntity
  8
0
100
AcDbCircle
 10
680.0
 20
119.9999999999998
 30
0.0
 40
10.0
100
AcDbArc
 50
180.0
 51
270.0
  0
ARC
  5
3707
330
411
100
AcDbEntity
  8
0
100
AcDbCircle
 10
680.0
 20
119.9999999999998
 30
0.0
 40
15.0
100
AcDbArc
 50
180.0
 51
270.0
  0
ARC
  5
3708
330
411
100
AcDbEntity
  8
0
100
AcDbCircle
 10
760.0000000000001
 20
119.9999999999998
 30
0.0
 40
10.0
100
AcDbArc
 50
270.0
 51
360.0
  0
ARC
  5
3709
330
411
100
AcDbEntity
  8
0
100
AcDbCircle
 10
760.0000000000001
 20
119.9999999999998
 30
0.0
 40
15.0
100
AcDbArc
 50
270.0
 51
360.0
  0
LINE
  5
370A
330
411
100
AcDbEntity
  8
0
100
AcDbLine
 10
680.0000000000001
 20
214.9999999999999
 30
0.0
 11
580.0000000000001
 21
214.9999999999999
 31
0.0
  0
LINE
  5
370B
330
411
100
AcDbEntity
  8
0
100
AcDbLine
 10
680.0000000000001
 20
209.9999999999999
 30
0.0
 11
580.0000000000001
 21
209.9999999999999
 31
0.0
  0
LINE
  5
370C
330
411
100
AcDbEntity
  8
0
100
AcDbLine
 10
680.0000000000001
 20
109.9999999999998
 30
0.0
 11
580.0
 21
109.9999999999999
 31
0.0
  0
LINE
  5
370D
330
411
100
AcDbEntity
  8
0
100
AcDbLine
 10
680.0
 20
104.9999999999998
 30
0.0
 11
580.0
 21
104.9999999999999
 31
0.0
  0
CIRCLE
  5
370E
330
411
100
AcDbEntity
  8
0
100
AcDbCircle
 10
580.0
 20
159.9999999999999
 30
0.0
 40
50.0
  0
CIRCLE
  5
370F
330
411
100
AcDbEntity
  8
0
100
AcDbCircle
 10
580.0
 20
159.9999999999999
 30
0.0
 40
55.0
  0
LINE
  5
3710
330
411
100
AcDbEntity
  8
0
100
AcDbLine
 10
665.0000000000001
 20
172.4999999999998
 30
0.0
 11
665.0
 21
119.9999999999998
 31
0.0
  0
LINE
  5
3711
330
411
100
AcDbEntity
  8
0
100
AcDbLine
 10
670.0000000000001
 20
167.4999999999998
 30
0.0
 11
670.0
 21
119.9999999999998
 31
0.0
  0
LINE
  5
3712
330
411
100
AcDbEntity
  8
0
100
AcDbLine
 10
400.0
 20
109.9999999999999
 30
0.0
 11
480.0
 21
109.9999999999999
 31
0.0
  0
LINE
  5
3713
330
411
100
AcDbEntity
  8
0
100
AcDbLine
 10
400.0
 20
105.0
 30
0.0
 11
480.0
 21
104.9999999999999
 31
0.0
  0
LINE
  5
3714
330
411
100
AcDbEntity
  8
0
100
AcDbLine
 10
490.0000000000001
 20
167.4999999999999
 30
0.0
 11
490.0000000000001
 21
199.9999999999999
 31
0.0
  0
LINE
  5
3715
330
411
100
AcDbEntity
  8
0
100
AcDbLine
 10
495.0000000000001
 20
172.4999999999999
 30
0.0
 11
495.0000000000001
 21
199.9999999999999
 31
0.0
  0
LINE
  5
3716
330
411
100
AcDbEntity
  8
0
100
AcDbLine
 10
480.0000000000001
 20
210.0
 30
0.0
 11
400.0
 21
210.0
 31
0.0
  0
LINE
  5
3717
330
411
100
AcDbEntity
  8
0
100
AcDbLine
 10
480.0000000000001
 20
214.9999999999999
 30
0.0
 11
400.0
 21
215.0
 31
0.0
  0
LINE
  5
3718
330
411
100
AcDbEntity
  8
0
100
AcDbLine
 10
390.0000000000001
 20
200.0
 30
0.0
 11
390.0000000000001
 21
119.9999999999999
 31
0.0
  0
LINE
  5
3719
330
411
100
AcDbEntity
  8
0
100
AcDbLine
 10
385.0000000000001
 20
200.0
 30
0.0
 11
385.0000000000001
 21
119.9999999999999
 31
0.0
  0
ARC
  5
371A
330
411
100
AcDbEntity
  8
0
100
AcDbCircle
 10
400.0
 20
200.0
 30
0.0
 40
10.0
100
AcDbArc
 50
90.0
 51
180.0
  0
ARC
  5
371B
330
411
100
AcDbEntity
  8
0
100
AcDbCircle
 10
400.0
 20
200.0
 30
0.0
 40
15.0
100
AcDbArc
 50
90.0
 51
180.0
  0
ARC
  5
371C
330
411
100
AcDbEntity
  8
0
100
AcDbCircle
 10
480.0000000000001
 20
199.9999999999999
 30
0.0
 40
10.0
100
AcDbArc
 50
360.0
 51
90.0
  0
ARC
  5
371D
330
411
100
AcDbEntity
  8
0
100
AcDbCircle
 10
480.0000000000001
 20
199.9999999999999
 30
0.0
 40
15.0
100
AcDbArc
 50
360.0
 51
90.0
  0
ARC
  5
371E
330
411
100
AcDbEntity
  8
0
100
AcDbCircle
 10
480.0
 20
119.9999999999999
 30
0.0
 40
10.0
100
AcDbArc
 50
270.0
 51
360.0
  0
ARC
  5
371F
330
411
100
AcDbEntity
  8
0
100
AcDbCircle
 10
480.0
 20
119.9999999999999
 30
0.0
 40
15.0
100
AcDbArc
 50
270.0
 51
360.0
  0
ARC
  5
3720
330
411
100
AcDbEntity
  8
0
100
AcDbCircle
 10
400.0
 20
119.9999999999999
 30
0.0
 40
10.0
100
AcDbArc
 50
180.0
 51
270.0
  0
ARC
  5
3721
330
411
100
AcDbEntity
  8
0
100
AcDbCircle
 10
400.0
 20
119.9999999999999
 30
0.0
 40
15.0
100
AcDbArc
 50
180.0
 51
270.0
  0
LINE
  5
3722
330
411
100
AcDbEntity
  8
0
100
AcDbLine
 10
480.0000000000001
 20
214.9999999999999
 30
0.0
 11
580.0000000000001
 21
214.9999999999999
 31
0.0
  0
LINE
  5
3723
330
411
100
AcDbEntity
  8
0
100
AcDbLine
 10
480.0000000000001
 20
210.0
 30
0.0
 11
580.0
 21
209.9999999999999
 31
0.0
  0
LINE
  5
3724
330
411
100
AcDbEntity
  8
0
100
AcDbLine
 10
480.0
 20
109.9999999999999
 30
0.0
 11
580.0
 21
109.9999999999999
 31
0.0
  0
LINE
  5
3725
330
411
100
AcDbEntity
  8
0
100
AcDbLine
 10
480.0
 20
104.9999999999999
 30
0.0
 11
580.0
 21
104.9999999999999
 31
0.0
  0
LINE
  5
3726
330
411
100
AcDbEntity
  8
0
100
AcDbLine
 10
495.0000000000001
 20
172.4999999999999
 30
0.0
 11
495.0000000000001
 21
119.9999999999999
 31
0.0
  0
LINE
  5
3727
330
411
100
AcDbEntity
  8
0
100
AcDbLine
 10
490.0000000000001
 20
167.4999999999999
 30
0.0
 11
490.0
 21
119.9999999999999
 31
0.0
  0
LINE
  5
3728
330
411
100
AcDbEntity
  8
0
100
AcDbLine
 10
719.2720568935763
 20
294.9986752426969
 30
0.0
 11
719.2720568935763
 21
267.4993376213484
 31
0.0
  0
LINE
  5
3729
330
411
100
AcDbEntity
  8
0
100
AcDbLine
 10
714.2720568935764
 20
294.9986752426969
 30
0.0
 11
714.2720568935764
 21
272.4993376213484
 31
0.0
  0
LINE
  5
372A
330
411
100
AcDbEntity
  8
0
100
AcDbLine
 10
709.2720568935764
 20
257.4993376213484
 30
0.0
 11
579.2720568935762
 21
257.4993376213484
 31
0.0
  0
ARC
  5
372B
330
411
100
AcDbEntity
  8
0
100
AcDbCircle
 10
709.2720568935764
 20
267.4993376213484
 30
0.0
 40
10.0
100
AcDbArc
 50
270.0
 51
360.0
  0
LINE
  5
372C
330
411
100
AcDbEntity
  8
0
100
AcDbLine
 10
704.2720568935764
 20
262.4993376213484
 30
0.0
 11
579.2720568935762
 21
262.4993376213485
 31
0.0
  0
ARC
  5
372D
330
411
100
AcDbEntity
  8
0
100
AcDbCircle
 10
704.2720568935764
 20
272.4993376213484
 30
0.0
 40
10.0
100
AcDbArc
 50
270.0
 51
360.0
  0
LINE
  5
372E
330
411
100
AcDbEntity
  8
0
100
AcDbLine
 10
729.2720568935764
 20
304.9986752426969
 30
0.0
 11
679.2720568935764
 21
304.998675242697
 31
0.0
  0
ARC
  5
372F
330
411
100
AcDbEntity
  8
0
100
AcDbCircle
 10
429.2720568935764
 20
294.9986752426971
 30
0.0
 40
10.0
100
AcDbArc
 50
360.0
 51
90.0
  0
ARC
  5
3730
330
411
100
AcDbEntity
  8
0
100
AcDbCircle
 10
429.2720568935764
 20
294.9986752426971
 30
0.0
 40
15.0
100
AcDbArc
 50
360.0
 51
90.0
  0
LINE
  5
3731
330
411
100
AcDbEntity
  8
0
100
AcDbLine
 10
439.2720568935764
 20
294.9986752426971
 30
0.0
 11
439.2720568935764
 21
267.4993376213485
 31
0.0
  0
LINE
  5
3732
330
411
100
AcDbEntity
  8
0
100
AcDbLine
 10
444.2720568935763
 20
294.9986752426971
 30
0.0
 11
444.2720568935763
 21
272.4993376213485
 31
0.0
  0
LINE
  5
3733
330
411
100
AcDbEntity
  8
0
100
AcDbLine
 10
449.2720568935764
 20
257.4993376213485
 30
0.0
 11
579.2720568935764
 21
257.4993376213484
 31
0.0
  0
ARC
  5
3734
330
411
100
AcDbEntity
  8
0
100
AcDbCircle
 10
449.2720568935764
 20
267.4993376213485
 30
0.0
 40
10.0
100
AcDbArc
 50
180.0
 51
270.0
  0
LINE
  5
3735
330
411
100
AcDbEntity
  8
0
100
AcDbLine
 10
454.2720568935764
 20
262.4993376213485
 30
0.0
 11
579.2720568935764
 21
262.4993376213485
 31
0.0
  0
ARC
  5
3736
330
411
100
AcDbEntity
  8
0
100
AcDbCircle
 10
454.2720568935764
 20
272.4993376213485
 30
0.0
 40
10.0
100
AcDbArc
 50
180.0
 51
270.0
  0
ARC
  5
3737
330
411
100
AcDbEntity
  8
0
100
AcDbCircle
 10
729.2720568935764
 20
224.9999999999998
 30
0.0
 40
10.0
100
AcDbArc
 50
180.0
 51
270.0
  0
ARC
  5
3738
330
411
100
AcDbEntity
  8
0
100
AcDbCircle
 10
729.2720568935764
 20
224.9999999999998
 30
0.0
 40
15.0
100
AcDbArc
 50
180.0
 51
270.0
  0
LINE
  5
3739
330
411
100
AcDbEntity
  8
0
100
AcDbLine
 10
719.2720568935763
 20
224.9999999999998
 30
0.0
 11
719.2720568935763
 21
252.4993376213484
 31
0.0
  0
LINE
  5
373A
330
411
100
AcDbEntity
  8
0
100
AcDbLine
 10
714.2720568935764
 20
224.9999999999998
 30
0.0
 11
714.2720568935764
 21
247.4993376213483
 31
0.0
  0
LINE
  5
373B
330
411
100
AcDbEntity
  8
0
100
AcDbLine
 10
709.2720568935764
 20
262.4993376213484
 30
0.0
 11
665.9458623418069
 21
262.4993376213484
 31
0.0
  0
ARC
  5
373C
330
411
100
AcDbEntity
  8
0
100
AcDbCircle
 10
709.2720568935764
 20
252.4993376213484
 30
0.0
 40
10.0
100
AcDbArc
 50
360.0
 51
90.0
  0
LINE
  5
373D
330
411
100
AcDbEntity
  8
0
100
AcDbLine
 10
704.2720568935764
 20
257.4993376213484
 30
0.0
 11
665.1089596176916
 21
257.4993376213484
 31
0.0
  0
ARC
  5
373E
330
411
100
AcDbEntity
  8
0
100
AcDbCircle
 10
704.2720568935764
 20
247.4993376213483
 30
0.0
 40
10.0
100
AcDbArc
 50
360.0
 51
90.0
  0
ARC
  5
373F
330
411
100
AcDbEntity
  8
0
100
AcDbCircle
 10
429.2720568935763
 20
225.0
 30
0.0
 40
10.0
100
AcDbArc
 50
270.0
 51
360.0
  0
ARC
  5
3740
330
411
100
AcDbEntity
  8
0
100
AcDbCircle
 10
429.2720568935763
 20
225.0
 30
0.0
 40
15.0
100
AcDbArc
 50
270.0
 51
360.0
  0
LINE
  5
3741
330
411
100
AcDbEntity
  8
0
100
AcDbLine
 10
439.2720568935764
 20
225.0
 30
0.0
 11
439.2720568935764
 21
252.4993376213486
 31
0.0
  0
LINE
  5
3742
330
411
100
AcDbEntity
  8
0
100
AcDbLine
 10
444.2720568935763
 20
225.0
 30
0.0
 11
444.2720568935763
 21
247.4993376213486
 31
0.0
  0
LINE
  5
3743
330
411
100
AcDbEntity
  8
0
100
AcDbLine
 10
449.2720568935764
 20
262.4993376213486
 30
0.0
 11
579.2720568935764
 21
262.4993376213485
 31
0.0
  0
ARC
  5
3744
330
411
100
AcDbEntity
  8
0
100
AcDbCircle
 10
449.2720568935764
 20
252.4993376213486
 30
0.0
 40
10.0
100
AcDbArc
 50
90.0
 51
180.0
  0
LINE
  5
3745
330
411
100
AcDbEntity
  8
0
100
AcDbLine
 10
454.2720568935764
 20
257.4993376213486
 30
0.0
 11
579.2720568935764
 21
257.4993376213484
 31
0.0
  0
ARC
  5
3746
330
411
100
AcDbEntity
  8
0
100
AcDbCircle
 10
454.2720568935764
 20
247.4993376213486
 30
0.0
 40
10.0
100
AcDbArc
 50
90.0
 51
180.0
  0
ARC
  5
3747
330
411
100
AcDbEntity
  8
0
100
AcDbCircle
 10
519.742652394623
 20
367.4986752426971
 30
0.0
 40
10.0
100
AcDbArc
 50
270.0
 51
352.8192442185414
  0
ARC
  5
3748
330
411
100
AcDbEntity
  8
0
100
AcDbCircle
 10
515.485302782711
 20
372.4986752426971
 30
0.0
 40
10.0
100
AcDbArc
 50
270.0
 51
348.9125107890306
  0
LINE
  5
3749
330
411
100
AcDbEntity
  8
0
100
AcDbLine
 10
519.742652394623
 20
357.4986752426971
 30
0.0
 11
504.2720568935764
 21
357.4986752426971
 31
0.0
  0
LINE
  5
374A
330
411
100
AcDbEntity
  8
0
100
AcDbLine
 10
515.485302782711
 20
362.4986752426971
 30
0.0
 11
504.2720568935764
 21
362.4986752426971
 31
0.0
  0
ARC
  5
374B
330
411
100
AcDbEntity
  8
0
100
AcDbCircle
 10
504.2720568935764
 20
372.4986752426971
 30
0.0
 40
10.0
100
AcDbArc
 50
180.0
 51
270.0
  0
ARC
  5
374C
330
411
100
AcDbEntity
  8
0
100
AcDbCircle
 10
504.2720568935764
 20
372.4986752426971
 30
0.0
 40
15.0
100
AcDbArc
 50
180.0
 51
270.0
  0
ARC
  5
374D
330
411
100
AcDbEntity
  8
0
100
AcDbCircle
 10
519.742652394623
 20
352.4986752426971
 30
0.0
 40
10.0
100
AcDbArc
 50
7.180755781458511
 51
90.0
  0
ARC
  5
374E
330
411
100
AcDbEntity
  8
0
100
AcDbCircle
 10
515.4853027827109
 20
347.4986752426971
 30
0.0
 40
10.0
100
AcDbArc
 50
11.0874892109694
 51
90.0
  0
LINE
  5
374F
330
411
100
AcDbEntity
  8
0
100
AcDbLine
 10
519.742652394623
 20
362.4986752426971
 30
0.0
 11
504.2720568935764
 21
362.4986752426971
 31
0.0
  0
LINE
  5
3750
330
411
100
AcDbEntity
  8
0
100
AcDbLine
 10
515.485302782711
 20
357.4986752426971
 30
0.0
 11
504.2720568935764
 21
357.4986752426971
 31
0.0
  0
ARC
  5
3751
330
411
100
AcDbEntity
  8
0
100
AcDbCircle
 10
504.2720568935764
 20
347.4986752426971
 30
0.0
 40
10.0
100
AcDbArc
 50
90.0
 51
180.0
  0
ARC
  5
3752
330
411
100
AcDbEntity
  8
0
100
AcDbCircle
 10
504.2720568935764
 20
347.4986752426971
 30
0.0
 40
15.0
100
AcDbArc
 50
90.0
 51
180.0
  0
ARC
  5
3753
330
411
100
AcDbEntity
  8
0
100
AcDbCircle
 10
639.5294044989534
 20
152.4999999999998
 30
0.0
 40
10.0
100
AcDbArc
 50
90.0
 51
172.8192442185414
  0
ARC
  5
3754
330
411
100
AcDbEntity
  8
0
100
AcDbCircle
 10
643.7867541108654
 20
147.4999999999999
 30
0.0
 40
10.0
100
AcDbArc
 50
90.0
 51
168.9125107890305
  0
LINE
  5
3755
330
411
100
AcDbEntity
  8
0
100
AcDbLine
 10
639.5294044989534
 20
162.4999999999999
 30
0.0
 11
655.0000000000001
 21
162.4999999999998
 31
0.0
  0
LINE
  5
3756
330
411
100
AcDbEntity
  8
0
100
AcDbLine
 10
643.7867541108655
 20
157.4999999999999
 30
0.0
 11
655.0000000000001
 21
157.4999999999998
 31
0.0
  0
ARC
  5
3757
330
411
100
AcDbEntity
  8
0
100
AcDbCircle
 10
655.0000000000001
 20
147.4999999999998
 30
0.0
 40
10.0
100
AcDbArc
 50
360.0
 51
90.0
  0
ARC
  5
3758
330
411
100
AcDbEntity
  8
0
100
AcDbCircle
 10
655.0000000000001
 20
147.4999999999998
 30
0.0
 40
15.0
100
AcDbArc
 50
360.0
 51
90.0
  0
ARC
  5
3759
330
411
100
AcDbEntity
  8
0
100
AcDbCircle
 10
639.5294044989534
 20
167.4999999999999
 30
0.0
 40
10.0
100
AcDbArc
 50
187.1807557814585
 51
270.0
  0
ARC
  5
375A
330
411
100
AcDbEntity
  8
0
100
AcDbCircle
 10
643.7867541108655
 20
172.4999999999998
 30
0.0
 40
10.0
100
AcDbArc
 50
191.0874892109694
 51
270.0
  0
LINE
  5
375B
330
411
100
AcDbEntity
  8
0
100
AcDbLine
 10
639.5294044989534
 20
157.4999999999998
 30
0.0
 11
655.0000000000001
 21
157.4999999999998
 31
0.0
  0
LINE
  5
375C
330
411
100
AcDbEntity
  8
0
100
AcDbLine
 10
643.7867541108655
 20
162.4999999999998
 30
0.0
 11
655.0000000000001
 21
162.4999999999998
 31
0.0
  0
ARC
  5
375D
330
411
100
AcDbEntity
  8
0
100
AcDbCircle
 10
655.0000000000001
 20
172.4999999999998
 30
0.0
 40
10.0
100
AcDbArc
 50
270.0
 51
360.0
  0
ARC
  5
375E
330
411
100
AcDbEntity
  8
0
100
AcDbCircle
 10
655.0000000000001
 20
172.4999999999998
 30
0.0
 40
15.0
100
AcDbArc
 50
270.0
 51
360.0
  0
ARC
  5
375F
330
411
100
AcDbEntity
  8
0
100
AcDbCircle
 10
520.4705955010467
 20
152.4999999999999
 30
0.0
 40
10.0
100
AcDbArc
 50
7.180755781458535
 51
90.0
  0
ARC
  5
3760
330
411
100
AcDbEntity
  8
0
100
AcDbCircle
 10
516.2132458891346
 20
147.4999999999999
 30
0.0
 40
10.0
100
AcDbArc
 50
11.0874892109694
 51
90.0
  0
LINE
  5
3761
330
411
100
AcDbEntity
  8
0
100
AcDbLine
 10
520.4705955010467
 20
162.4999999999999
 30
0.0
 11
505.0000000000001
 21
162.4999999999999
 31
0.0
  0
LINE
  5
3762
330
411
100
AcDbEntity
  8
0
100
AcDbLine
 10
516.2132458891346
 20
157.4999999999999
 30
0.0
 11
505.0000000000001
 21
157.4999999999999
 31
0.0
  0
ARC
  5
3763
330
411
100
AcDbEntity
  8
0
100
AcDbCircle
 10
505.0000000000001
 20
147.4999999999999
 30
0.0
 40
10.0
100
AcDbArc
 50
90.0
 51
180.0
  0
ARC
  5
3764
330
411
100
AcDbEntity
  8
0
100
AcDbCircle
 10
505.0000000000001
 20
147.4999999999999
 30
0.0
 40
15.0
100
AcDbArc
 50
90.0
 51
180.0
  0
ARC
  5
3765
330
411
100
AcDbEntity
  8
0
100
AcDbCircle
 10
520.4705955010467
 20
167.4999999999999
 30
0.0
 40
10.0
100
AcDbArc
 50
270.0
 51
352.8192442185414
  0
ARC
  5
3766
330
411
100
AcDbEntity
  8
0
100
AcDbCircle
 10
516.2132458891347
 20
172.4999999999999
 30
0.0
 40
10.0
100
AcDbArc
 50
270.0
 51
348.9125107890306
  0
LINE
  5
3767
330
411
100
AcDbEntity
  8
0
100
AcDbLine
 10
520.4705955010467
 20
157.4999999999999
 30
0.0
 11
505.0000000000001
 21
157.4999999999999
 31
0.0
  0
LINE
  5
3768
330
411
100
AcDbEntity
  8
0
100
AcDbLine
 10
516.2132458891346
 20
162.4999999999999
 30
0.0
 11
505.0000000000001
 21
162.4999999999999
 31
0.0
  0
ARC
  5
3769
330
411
100
AcDbEntity
  8
0
100
AcDbCircle
 10
505.0000000000001
 20
172.4999999999999
 30
0.0
 40
10.0
100
AcDbArc
 50
180.0
 51
270.0
  0
ARC
  5
376A
330
411
100
AcDbEntity
  8
0
100
AcDbCircle
 10
505.0000000000001
 20
172.4999999999999
 30
0.0
 40
15.0
100
AcDbArc
 50
180.0
 51
270.0
  0
LINE
  5
376B
330
411
100
AcDbEntity
  8
0
100
AcDbLine
 10
662.6894829733587
 20
263.0443921741898
 30
0.0
 11
527.9396045925023
 21
309.4536206898556
 31
0.0
  0
ARC
  5
376C
330
411
100
AcDbEntity
  8
0
100
AcDbCircle
 10
665.9458623418069
 20
272.4993376213484
 30
0.0
 40
10.0
100
AcDbArc
 50
250.995771328868
 51
270.0
  0
LINE
  5
376D
330
411
100
AcDbEntity
  8
0
100
AcDbLine
 10
661.8525802492435
 20
258.0443921741899
 30
0.0
 11
512.5851282423386
 21
309.4536206898556
 31
0.0
  0
ARC
  5
376E
330
411
100
AcDbEntity
  8
0
100
AcDbCircle
 10
665.1089596176916
 20
267.4993376213484
 30
0.0
 40
10.0
100
AcDbArc
 50
250.995771328868
 51
270.0
  0
LINE
  5
376F
330
411
100
AcDbEntity
  8
0
100
AcDbLine
 10
524.6832252240539
 20
309.9986752426971
 30
0.0
 11
579.2720568935764
 21
309.998675242697
 31
0.0
  0
LINE
  5
3770
330
411
100
AcDbEntity
  8
0
100
AcDbLine
 10
524.6832252240539
 20
309.9986752426971
 30
0.0
 11
509.3287488738903
 21
309.9986752426971
 31
0.0
  0
ENDSEC
  0
SECTION
  2
OBJECTS
  0
DICTIONARY
  5
3AE
330
0
100
AcDbDictionary
281
     1
  3
ACAD_CIP_PREVIOUS_PRODUCT_INFO
350
422
  3
ACAD_COLOR
350
404
  3
ACAD_DETAILVIEWSTYLE
350
40B
  3
ACAD_GROUP
350
3AF
  3
ACAD_LAST_SAVED_VERSION_INFO
350
434
  3
ACAD_LAYOUT
350
403
  3
ACAD_MATERIAL
350
3B2
  3
ACAD_MLEADERSTYLE
350
407
  3
ACAD_MLINESTYLE
350
400
  3
ACAD_PLOTSETTINGS
350
402
  3
ACAD_PLOTSTYLENAME
350
3B0
  3
ACAD_SCALELIST
350
3E4
  3
ACAD_SECTIONVIEWSTYLE
350
409
  3
ACAD_TABLESTYLE
350
405
  3
ACAD_VISUALSTYLE
350
3CB
  3
ACDB_RECOMPOSE_DATA
350
3C05
  3
AcDbVariableDictionary
350
437
  3
DWGPROPS
350
3C06
  0
DICTIONARY
  5
435
330
3F6
100
AcDbDictionary
280
     1
281
     1
  3
ADSK_XREC_LAYER_RECONCILED
360
436
  0
DICTIONARY
  5
42B
330
411
100
AcDbDictionary
280
     1
281
     1
  3
ACAD_SORTENTS
360
42C
  0
DICTIONARY
  5
3603
330
3498
100
AcDbDictionary
280
     1
281
     1
  3
ACAD_SORTENTS
360
3604
  0
XRECORD
  5
422
102
{ACAD_REACTORS
330
3AE
102
}
330
3AE
100
AcDbXrecord
280
     1
300
ACD
300
2024
300

  0
DICTIONARY
  5
404
102
{ACAD_REACTORS
330
3AE
102
}
330
3AE
100
AcDbDictionary
281
     1
  0
DICTIONARY
  5
40B
102
{ACAD_REACTORS
330
3AE
102
}
330
3AE
100
AcDbDictionary
281
     1
  3
Imperial24
350
40C
  0
DICTIONARY
  5
3AF
102
{ACAD_REACTORS
330
3AE
102
}
330
3AE
100
AcDbDictionary
281
     1
  0
XRECORD
  5
434
102
{ACAD_REACTORS
330
3AE
102
}
330
3AE
100
AcDbXrecord
280
     1
300
{6F43D08B-D219-5945-88F7-C993305BF088}
301
{CC0CBF6E-5F6F-1041-BB46-53F4D2ABFA7E}
302
{6F43D08B-D219-5945-88F7-C993305BF088}
303
C:\Users\11750\Desktop\map.dxf
  0
DICTIONARY
  5
403
102
{ACAD_REACTORS
330
3AE
102
}
330
3AE
100
AcDbDictionary
281
     1
  3
Model
350
414
  3
布局1
350
410
  0
DICTIONARY
  5
3B2
102
{ACAD_REACTORS
330
3AE
102
}
330
3AE
100
AcDbDictionary
281
     1
  3
ByBlock
350
3BB
  3
ByLayer
350
3B3
  3
Global
350
3C3
  0
DICTIONARY
  5
407
102
{ACAD_REACTORS
330
3AE
102
}
330
3AE
100
AcDbDictionary
281
     1
  3
Standard
350
408
  0
DICTIONARY
  5
400
102
{ACAD_REACTORS
330
3AE
102
}
330
3AE
100
AcDbDictionary
281
     1
  3
Standard
350
401
  0
DICTIONARY
  5
402
102
{ACAD_REACTORS
330
3AE
102
}
330
3AE
100
AcDbDictionary
281
     1
  0
ACDBDICTIONARYWDFLT
  5
3B0
102
{ACAD_REACTORS
330
3AE
102
}
330
3AE
100
AcDbDictionary
281
     1
  3
Normal
350
3B1
100
AcDbDictionaryWithDefault
340
3B1
  0
DICTIONARY
  5
3E4
102
{ACAD_REACTORS
330
3AE
102
}
330
3AE
100
AcDbDictionary
281
     1
  3
A0
350
3E5
  3
A1
350
3E6
  3
A2
350
3E7
  3
A3
350
3E8
  3
A4
350
3E9
  3
A5
350
3EA
  3
A6
350
3EB
  3
A7
350
3EC
  3
A8
350
3ED
  3
A9
350
3EE
  3
B0
350
3EF
  3
B1
350
3F0
  3
B2
350
3F1
  3
B3
350
3F2
  3
B4
350
3F3
  3
B5
350
3F4
  3
B6
350
3F5
  0
DICTIONARY
  5
409
102
{ACAD_REACTORS
330
3AE
102
}
330
3AE
100
AcDbDictionary
281
     1
  3
Imperial24
350
40A
  0
DICTIONARY
  5
405
102
{ACAD_REACTORS
330
3AE
102
}
330
3AE
100
AcDbDictionary
281
     1
  3
Standard
350
406
  0
DICTIONARY
  5
3CB
102
{ACAD_REACTORS
330
3AE
102
}
330
3AE
100
AcDbDictionary
281
     1
  3
2dWireframe
350
3D1
  3
Basic
350
3D0
  3
Brighten
350
3D7
  3
ColorChange
350
3DB
  3
Conceptual
350
3D4
  3
Dim
350
3D6
  3
EdgeColorOff
350
3E3
  3
Facepattern
350
3DA
  3
Flat
350
3CC
  3
FlatWithEdges
350
3CD
  3
Gouraud
350
3CE
  3
GouraudWithEdges
350
3CF
  3
Hidden
350
3D3
  3
JitterOff
350
3E1
  3
Linepattern
350
3D9
  3
OverhangOff
350
3E2
  3
Realistic
350
3D5
  3
Shaded
350
3E0
  3
Shaded with edges
350
3DF
  3
Shades of Gray
350
3DC
  3
Sketchy
350
3DD
  3
Thicken
350
3D8
  3
Wireframe
350
3D2
  3
X-Ray
350
3DE
  0
XRECORD
  5
3C05
102
{ACAD_REACTORS
330
3AE
102
}
330
3AE
100
AcDbXrecord
280
     1
 90
        1
330
406
  0
DICTIONARY
  5
437
102
{ACAD_REACTORS
330
3AE
102
}
330
3AE
100
AcDbDictionary
281
     1
  3
CANNOSCALE
350
43C
  3
CMLEADERSTYLE
350
439
  3
CTABLESTYLE
350
438
  3
CVIEWDETAILSTYLE
350
43A
  3
CVIEWSECTIONSTYLE
350
43B
  3
DIMASSOC
350
43F
  3
INDEXCTL
350
43E
  3
LAYEREVAL
350
27F4
  3
LAYERNOTIFY
350
27F5
  3
LIGHTINGUNITS
350
27F3
  3
MSLTSCALE
350
27F2
  3
SORTENTS
350
43D
  3
XCLIPFRAME
350
440
  0
XRECORD
  5
3C06
102
{ACAD_REACTORS
330
3AE
102
}
330
3AE
100
AcDbXrecord
280
     1
  1
DWGPROPS COOKIE
  2

  3

  4

  6

  7

  8
11750
  9

300
=
301
=
302
=
303
=
304
=
305
=
306
=
307
=
308
=
309
=
 40
0.8139004629629628
 41
2460961.768958334
 42
2460972.703923611
  1

 90
        0
  0
XRECORD
  5
436
102
{ACAD_REACTORS
330
435
102
}
330
435
100
AcDbXrecord
280
     1
290
     1
  0
SORTENTSTABLE
  5
42C
102
{ACAD_REACTORS
330
42B
102
}
330
42B
100
AcDbSortentsTable
330
411
331
24F
  5
252
331
250
  5
255
331
251
  5
42A
331
252
  5
42E
331
254
  5
430
331
255
  5
432
331
256
  5
4C1
331
42A
  5
42D
331
42D
  5
42F
331
42E
  5
256
331
42F
  5
431
331
430
  5
254
331
431
  5
433
331
432
  5
24F
331
433
  5
4C2
331
4C1
  5
794
331
4C2
  5
795
331
794
  5
7D6
331
795
  5
7D7
331
7D6
  5
999
331
7D7
  5
99B
331
999
  5
99F
331
99A
  5
99D
331
99B
  5
99C
331
99C
  5
99A
331
99D
  5
9A0
331
99F
  5
BA3
331
9A0
  5
BA4
331
BA2
  5
BA5
331
BA3
  5
BA6
331
BA4
  5
BA7
331
BA6
  5
F6A
331
BA7
  5
F6B
331
F69
  5
F6D
331
F6A
  5
F6E
331
F6B
  5
F6F
331
F6C
  5
F70
331
F6D
  5
F71
331
F6E
  5
F72
331
F6F
  5
F73
331
F70
  5
F74
331
F71
  5
F75
331
F72
  5
F76
331
F73
  5
F77
331
F74
  5
F78
331
F75
  5
F79
331
F76
  5
F7A
331
F77
  5
F7B
331
F78
  5
F7C
331
F79
  5
F7D
331
F7A
  5
F7E
331
F7B
  5
F7F
331
F7C
  5
F88
331
F83
  5
120F
331
F84
  5
1210
331
120B
  5
1211
331
120C
  5
1212
331
120D
  5
1213
331
120E
  5
1214
331
120F
  5
1215
331
1210
  5
1216
331
1211
  5
1217
331
1212
  5
1218
331
1213
  5
1219
331
1214
  5
121A
331
1215
  5
121B
331
1216
  5
121C
331
1217
  5
121D
331
1218
  5
121E
331
1219
  5
121F
331
121A
  5
1220
331
121B
  5
1221
331
121C
  5
1222
331
121D
  5
1223
331
121E
  5
1225
331
121F
  5
122B
331
1221
  5
122C
331
1227
  5
1233
331
1228
  5
1234
331
122F
  5
1235
331
1230
  5
1236
331
1231
  5
1237
331
1232
  5
1238
331
1233
  5
1239
331
1234
  5
123A
331
1235
  5
123B
331
1236
  5
123C
331
1237
  5
123D
331
1238
  5
123E
331
1239
  5
123F
331
123A
  5
1240
331
123B
  5
1241
331
123C
  5
1242
331
123D
  5
1243
331
123E
  5
1244
331
123F
  5
1245
331
1240
  5
1246
331
1241
  5
124D
331
1242
  5
124E
331
1249
  5
1598
331
124A
  5
159A
331
1591
  5
159C
331
1595
  5
250
331
1596
  5
1624
331
1597
  5
251
331
1598
  5
159E
331
1599
  5
1622
331
159A
  5
159F
331
159E
  5
1623
331
159F
  5
1621
331
1621
  5
1625
331
1622
  5
1626
331
1623
  5
1627
331
1624
  5
1628
331
1625
  5
162B
331
1626
  5
162C
331
1627
  5
162D
331
1628
  5
162E
331
162B
  5
162F
331
162C
  5
1630
331
162D
  5
1631
331
162E
  5
1632
331
162F
  5
1633
331
1630
  5
1634
331
1631
  5
1635
331
1632
  5
1636
331
1633
  5
1637
331
1634
  5
1638
331
1635
  5
1639
331
1636
  5
163A
331
1637
  5
1B3F
331
1638
  5
1B40
331
1639
  5
1DC3
331
163A
  5
1DC4
331
1B3F
  5
BA2
331
1B40
  5
F6C
331
1DC3
  5
1DC5
331
1DC4
  5
1DC6
331
1DC5
  5
1DC7
331
1DC6
  5
1DC8
331
1DC7
  5
1DC9
331
1DC8
  5
1DCA
331
1DC9
  5
1DCB
331
1DCA
  5
1DCC
331
1DCB
  5
1DCD
331
1DCC
  5
1DCE
331
1DCD
  5
1DD1
331
1DCE
  5
1DD2
331
1DD1
  5
1DD3
331
1DD2
  5
1DD4
331
1DD3
  5
1DD5
331
1DD4
  5
1DD6
331
1DD5
  5
1DD7
331
1DD6
  5
1DD8
331
1DD7
  5
1DD9
331
1DD8
  5
1DDA
331
1DD9
  5
1DDB
331
1DDA
  5
1DDC
331
1DDB
  5
1DDD
331
1DDC
  5
1DDE
331
1DDD
  5
1DDF
331
1DDE
  5
1DE0
331
1DDF
  5
1DE1
331
1DE0
  5
1DE2
331
1DE1
  5
1DE3
331
1DE2
  5
1DE4
331
1DE3
  5
1DE5
331
1DE4
  5
1DE6
331
1DE5
  5
1DE7
331
1DE6
  5
1DE8
331
1DE7
  5
21E9
331
1DE8
  5
21EA
331
21E9
  5
21EB
331
21EA
  5
21ED
331
21EB
  5
F87
331
21EC
  5
21EF
331
21ED
  5
F80
331
21EE
  5
21F0
331
21EF
  5
21EC
331
21F0
  5
21EE
  0
SORTENTSTABLE
  5
3604
102
{ACAD_REACTORS
330
3603
102
}
330
3603
100
AcDbSortentsTable
330
3498
  0
ACDBDETAILVIEWSTYLE
  5
40C
102
{ACAD_XDICTIONARY
360
3C3D
102
}
102
{ACAD_REACTORS
330
40B
102
}
330
40B
100
AcDbModelDocViewStyle
 70
     0
  3
Imperial24
290
     0
100
AcDbDetailViewStyle
 70
     0
 71
     0
 90
        3
 71
     1
340
3F7
 40
0.24
340
0
 40
0.24
300

 40
0.36
280
     3
 71
     2
340
3FE
 90
       25
 71
     3
340
3F7
 40
0.24
 90
        1
 40
0.75
 90
        1
300
%<\AcVar ViewType \f "%tc1">% %<\AcVar ViewDetailId>%\PSCALE %<\AcVar ViewScale \f "%sn">%
 71
     4
340
3FE
 90
       25
340
3FE
 90
       25
280
     0
  0
LAYOUT
  5
414
102
{ACAD_XDICTIONARY
360
3C41
102
}
102
{ACAD_REACTORS
330
403
102
}
330
403
100
AcDbPlotSettings
  1

  2
Adobe PDF
  4

  6

 40
0.0
 41
0.0
 42
0.0
 43
0.0
 44
0.0
 45
0.0
 46
0.0
 47
0.0
 48
0.0
 49
0.0
140
0.0
141
0.0
142
1.0
143
1.0
 70
  1712
 72
     0
 73
     0
 74
     0
  7

 75
     0
147
1.0
148
0.0
149
0.0
100
AcDbLayout
  1
Model
 70
     1
 71
     0
 10
0.0
 20
0.0
 11
12.0
 21
9.0
 12
0.0
 22
0.0
 32
0.0
 14
0.0
 24
0.0
 34
0.0
 15
0.0
 25
0.0
 35
0.0
146
0.0
 13
0.0
 23
0.0
 33
0.0
 16
1.0
 26
0.0
 36
0.0
 17
0.0
 27
1.0
 37
0.0
 76
     0
330
411
331
415
  0
LAYOUT
  5
410
102
{ACAD_XDICTIONARY
360
3C3F
102
}
102
{ACAD_REACTORS
330
403
102
}
330
403
100
AcDbPlotSettings
  1

  2
Adobe PDF
  4

  6

 40
0.0
 41
0.0
 42
0.0
 43
0.0
 44
0.0
 45
0.0
 46
0.0
 47
0.0
 48
0.0
 49
0.0
140
0.0
141
0.0
142
1.0
143
1.0
 70
   688
 72
     0
 73
     0
 74
     5
  7

 75
    16
147
1.0
148
0.0
149
0.0
100
AcDbLayout
  1
布局1
 70
     1
 71
     1
 10
0.0
 20
0.0
 11
12.0
 21
9.0
 12
0.0
 22
0.0
 32
0.0
 14
0.0
 24
0.0
 34
0.0
 15
0.0
 25
0.0
 35
0.0
146
0.0
 13
0.0
 23
0.0
 33
0.0
 16
1.0
 26
0.0
 36
0.0
 17
0.0
 27
1.0
 37
0.0
 76
     0
330
40D
  0
MATERIAL
  5
3BB
102
{ACAD_XDICTIONARY
360
3BC
102
}
102
{ACAD_REACTORS
330
3B2
102
}
330
3B2
100
AcDbMaterial
  1
ByBlock
 72
     0
 43
0.0208333333333333
 43
0.0
 43
0.0
 43
0.0
 43
0.0
 43
0.0208333333333333
 43
0.0
 43
0.0
 43
0.0
 43
0.0
 43
1.0
 43
0.0
 43
0.0
 43
0.0
 43
0.0
 43
1.0
 77
     0
 47
0.0208333333333333
 47
0.0
 47
0.0
 47
0.0
 47
0.0
 47
0.0208333333333333
 47
0.0
 47
0.0
 47
0.0
 47
0.0
 47
1.0
 47
0.0
 47
0.0
 47
0.0
 47
0.0
 47
1.0
171
     0
 49
0.0208333333333333
 49
0.0
 49
0.0
 49
0.0
 49
0.0
 49
0.0208333333333333
 49
0.0
 49
0.0
 49
0.0
 49
0.0
 49
1.0
 49
0.0
 49
0.0
 49
0.0
 49
0.0
 49
1.0
175
     0
142
0.0208333333333333
142
0.0
142
0.0
142
0.0
142
0.0
142
0.0208333333333333
142
0.0
142
0.0
142
0.0
142
0.0
142
1.0
142
0.0
142
0.0
142
0.0
142
0.0
142
1.0
179
     0
144
0.0208333333333333
144
0.0
144
0.0
144
0.0
144
0.0
144
0.0208333333333333
144
0.0
144
0.0
144
0.0
144
0.0
144
1.0
144
0.0
144
0.0
144
0.0
144
0.0
144
1.0
147
0.0208333333333333
147
0.0
147
0.0
147
0.0
147
0.0
147
0.0208333333333333
147
0.0
147
0.0
147
0.0
147
0.0
147
1.0
147
0.0
147
0.0
147
0.0
147
0.0
147
1.0
  0
MATERIAL
  5
3B3
102
{ACAD_XDICTIONARY
360
3B4
102
}
102
{ACAD_REACTORS
330
3B2
102
}
330
3B2
100
AcDbMaterial
  1
ByLayer
 72
     0
 43
0.0208333333333333
 43
0.0
 43
0.0
 43
0.0
 43
0.0
 43
0.0208333333333333
 43
0.0
 43
0.0
 43
0.0
 43
0.0
 43
1.0
 43
0.0
 43
0.0
 43
0.0
 43
0.0
 43
1.0
 77
     0
 47
0.0208333333333333
 47
0.0
 47
0.0
 47
0.0
 47
0.0
 47
0.0208333333333333
 47
0.0
 47
0.0
 47
0.0
 47
0.0
 47
1.0
 47
0.0
 47
0.0
 47
0.0
 47
0.0
 47
1.0
171
     0
 49
0.0208333333333333
 49
0.0
 49
0.0
 49
0.0
 49
0.0
 49
0.0208333333333333
 49
0.0
 49
0.0
 49
0.0
 49
0.0
 49
1.0
 49
0.0
 49
0.0
 49
0.0
 49
0.0
 49
1.0
175
     0
142
0.0208333333333333
142
0.0
142
0.0
142
0.0
142
0.0
142
0.0208333333333333
142
0.0
142
0.0
142
0.0
142
0.0
142
1.0
142
0.0
142
0.0
142
0.0
142
0.0
142
1.0
179
     0
144
0.0208333333333333
144
0.0
144
0.0
144
0.0
144
0.0
144
0.0208333333333333
144
0.0
144
0.0
144
0.0
144
0.0
144
1.0
144
0.0
144
0.0
144
0.0
144
0.0
144
1.0
147
0.0208333333333333
147
0.0
147
0.0
147
0.0
147
0.0
147
0.0208333333333333
147
0.0
147
0.0
147
0.0
147
0.0
147
1.0
147
0.0
147
0.0
147
0.0
147
0.0
147
1.0
  0
MATERIAL
  5
3C3
102
{ACAD_XDICTIONARY
360
3C4
102
}
102
{ACAD_REACTORS
330
3B2
102
}
330
3B2
100
AcDbMaterial
  1
Global
 72
     0
 43
0.0208333333333333
 43
0.0
 43
0.0
 43
0.0
 43
0.0
 43
0.0208333333333333
 43
0.0
 43
0.0
 43
0.0
 43
0.0
 43
1.0
 43
0.0
 43
0.0
 43
0.0
 43
0.0
 43
1.0
 77
     0
 47
0.0208333333333333
 47
0.0
 47
0.0
 47
0.0
 47
0.0
 47
0.0208333333333333
 47
0.0
 47
0.0
 47
0.0
 47
0.0
 47
1.0
 47
0.0
 47
0.0
 47
0.0
 47
0.0
 47
1.0
171
     0
 49
0.0208333333333333
 49
0.0
 49
0.0
 49
0.0
 49
0.0
 49
0.0208333333333333
 49
0.0
 49
0.0
 49
0.0
 49
0.0
 49
1.0
 49
0.0
 49
0.0
 49
0.0
 49
0.0
 49
1.0
175
     0
142
0.0208333333333333
142
0.0
142
0.0
142
0.0
142
0.0
142
0.0208333333333333
142
0.0
142
0.0
142
0.0
142
0.0
142
1.0
142
0.0
142
0.0
142
0.0
142
0.0
142
1.0
179
     0
144
0.0208333333333333
144
0.0
144
0.0
144
0.0
144
0.0
144
0.0208333333333333
144
0.0
144
0.0
144
0.0
144
0.0
144
1.0
144
0.0
144
0.0
144
0.0
144
0.0
144
1.0
147
0.0208333333333333
147
0.0
147
0.0
147
0.0
147
0.0
147
0.0208333333333333
147
0.0
147
0.0
147
0.0
147
0.0
147
1.0
147
0.0
147
0.0
147
0.0
147
0.0
147
1.0
  0
MLEADERSTYLE
  5
408
102
{ACAD_REACTORS
330
407
102
}
330
407
100
AcDbMLeaderStyle
170
     2
171
     1
172
     0
 90
        2
 40
0.0
 41
0.0
173
     1
 91
-1056964608
340
3FC
 92
       -2
290
     1
 42
0.09
291
     1
 43
0.36
  3
Standard
 44
0.18
300

342
3F7
174
     1
178
     6
175
     1
176
     0
 93
-1056964608
 45
0.18
292
     0
297
     0
 46
0.18
 94
-1056964608
 47
1.0
 49
1.0
140
1.0
293
     1
141
0.0
294
     1
177
     0
142
1.0
295
     0
296
     0
143
0.125
1001
ACAD_MLEADERVER
1070
     2
  0
MLINESTYLE
  5
401
102
{ACAD_REACTORS
330
400
102
}
330
400
100
AcDbMlineStyle
  2
STANDARD
 70
     0
  3

 62
   256
 51
90.0
 52
90.0
 71
     2
 49
0.5
 62
   256
  6
BYLAYER
 49
-0.5
 62
   256
  6
BYLAYER
  0
ACDBPLACEHOLDER
  5
3B1
102
{ACAD_REACTORS
330
3B0
102
}
330
3B0
  0
SCALE
  5
3E5
102
{ACAD_REACTORS
330
3E4
102
}
330
3E4
100
AcDbScale
 70
     0
300
1:1
140
1.0
141
1.0
290
     1
  0
SCALE
  5
3E6
102
{ACAD_REACTORS
330
3E4
102
}
330
3E4
100
AcDbScale
 70
     0
300
1/128" = 1'-0"
140
0.0078125
141
12.0
290
     0
  0
SCALE
  5
3E7
102
{ACAD_REACTORS
330
3E4
102
}
330
3E4
100
AcDbScale
 70
     0
300
1/64" = 1'-0"
140
0.015625
141
12.0
290
     0
  0
SCALE
  5
3E8
102
{ACAD_REACTORS
330
3E4
102
}
330
3E4
100
AcDbScale
 70
     0
300
1/32" = 1'-0"
140
0.03125
141
12.0
290
     0
  0
SCALE
  5
3E9
102
{ACAD_REACTORS
330
3E4
102
}
330
3E4
100
AcDbScale
 70
     0
300
1/16" = 1'-0"
140
0.0625
141
12.0
290
     0
  0
SCALE
  5
3EA
102
{ACAD_REACTORS
330
3E4
102
}
330
3E4
100
AcDbScale
 70
     0
300
3/32" = 1'-0"
140
0.09375
141
12.0
290
     0
  0
SCALE
  5
3EB
102
{ACAD_REACTORS
330
3E4
102
}
330
3E4
100
AcDbScale
 70
     0
300
1/8" = 1'-0"
140
0.125
141
12.0
290
     0
  0
SCALE
  5
3EC
102
{ACAD_REACTORS
330
3E4
102
}
330
3E4
100
AcDbScale
 70
     0
300
3/16" = 1'-0"
140
0.1875
141
12.0
290
     0
  0
SCALE
  5
3ED
102
{ACAD_REACTORS
330
3E4
102
}
330
3E4
100
AcDbScale
 70
     0
300
1/4" = 1'-0"
140
0.25
141
12.0
290
     0
  0
SCALE
  5
3EE
102
{ACAD_REACTORS
330
3E4
102
}
330
3E4
100
AcDbScale
 70
     0
300
3/8" = 1'-0"
140
0.375
141
12.0
290
     0
  0
SCALE
  5
3EF
102
{ACAD_REACTORS
330
3E4
102
}
330
3E4
100
AcDbScale
 70
     0
300
1/2" = 1'-0"
140
0.5
141
12.0
290
     0
  0
SCALE
  5
3F0
102
{ACAD_REACTORS
330
3E4
102
}
330
3E4
100
AcDbScale
 70
     0
300
3/4" = 1'-0"
140
0.75
141
12.0
290
     0
  0
SCALE
  5
3F1
102
{ACAD_REACTORS
330
3E4
102
}
330
3E4
100
AcDbScale
 70
     0
300
1" = 1'-0"
140
1.0
141
12.0
290
     0
  0
SCALE
  5
3F2
102
{ACAD_REACTORS
330
3E4
102
}
330
3E4
100
AcDbScale
 70
     0
300
1-1/2" = 1'-0"
140
1.5
141
12.0
290
     0
  0
SCALE
  5
3F3
102
{ACAD_REACTORS
330
3E4
102
}
330
3E4
100
AcDbScale
 70
     0
300
3" = 1'-0"
140
3.0
141
12.0
290
     0
  0
SCALE
  5
3F4
102
{ACAD_REACTORS
330
3E4
102
}
330
3E4
100
AcDbScale
 70
     0
300
6" = 1'-0"
140
6.0
141
12.0
290
     0
  0
SCALE
  5
3F5
102
{ACAD_REACTORS
330
3E4
102
}
330
3E4
100
AcDbScale
 70
     0
300
1'-0" = 1'-0"
140
12.0
141
12.0
290
     0
  0
ACDBSECTIONVIEWSTYLE
  5
40A
102
{ACAD_XDICTIONARY
360
3C3B
102
}
102
{ACAD_REACTORS
330
409
102
}
330
409
100
AcDbModelDocViewStyle
 70
     0
  3
Imperial24
290
     0
100
AcDbSectionViewStyle
 70
     0
 71
     0
 90
       78
 71
     1
340
3F7
 40
0.24
340
0
340
0
 40
0.24
300
I, O, Q, S, X, Z
 40
0.48
 90
        3
 40
0.18
 90
        1
 71
     2
340
3FE
 90
       25
340
3FE
 90
       50
 40
0.24
 40
0.0
 40
0.24
 71
     3
340
3F7
 40
0.24
 90
        1
 40
0.75
 90
        1
300
%<\AcVar ViewType \f "%tc1">% %<\AcVar ViewSectionStartId>%-%<\AcVar ViewSectionEndId>%\PSCALE %<\AcVar ViewScale \f "%sn">%
 71
     4
300
ANSI31
 40
1.0
 90
        0
290
     0
290
     0
 90
        6
 40
0.0
 40
1.570796326794896
 40
0.2617993877991494
 40
1.308996938995747
 40
-0.2617993877991494
 40
1.832595714594046
  0
TABLESTYLE
  5
406
102
{ACAD_XDICTIONARY
360
3C03
102
}
102
{ACAD_REACTORS
330
405
102
}
330
405
100
AcDbTableStyle
  3
Standard
 70
     0
 71
     0
 40
0.06
 41
0.06
280
     0
281
     0
  7
STANDARD
140
0.18
170
     2
 62
     0
 63
     7
283
     0
274
    -2
284
     1
 64
     0
275
    -2
285
     1
 65
     0
276
    -2
286
     1
 66
     0
277
    -2
287
     1
 67
     0
278
    -2
288
     1
 68
     0
279
    -2
289
     1
 69
     0
  7
STANDARD
140
0.25
170
     5
 62
     0
 63
     7
283
     0
274
    -2
284
     1
 64
     0
275
    -2
285
     1
 65
     0
276
    -2
286
     1
 66
     0
277
    -2
287
     1
 67
     0
278
    -2
288
     1
 68
     0
279
    -2
289
     1
 69
     0
  7
STANDARD
140
0.18
170
     5
 62
     0
 63
     7
283
     0
274
    -2
284
     1
 64
     0
275
    -2
285
     1
 65
     0
276
    -2
286
     1
 66
     0
277
    -2
287
     1
 67
     0
278
    -2
288
     1
 68
     0
279
    -2
289
     1
 69
     0
  0
VISUALSTYLE
  5
3D1
102
{ACAD_XDICTIONARY
360
3C14
102
}
102
{ACAD_REACTORS
330
3CB
102
}
330
3CB
100
AcDbVisualStyle
  2
2dWireframe
 70
     4
 71
     0
 72
     2
 73
     0
 90
        0
 40
-0.6
 41
-30.0
 62
     5
 63
     7
 74
     1
 91
        4
 64
     7
 65
   257
 75
     1
175
     1
 42
1.0
 92
        0
 66
   257
 43
1.0
 76
     1
 77
     6
 78
     2
 67
     7
 79
     5
170
     0
171
     0
290
     0
174
     0
 93
        1
 44
0.0
173
     0
291
     0
 45
0.0
1001
ACAD
1000
AcDbSavedByObjectVersion
1070
     0
  0
VISUALSTYLE
  5
3D0
102
{ACAD_XDICTIONARY
360
3C12
102
}
102
{ACAD_REACTORS
330
3CB
102
}
330
3CB
100
AcDbVisualStyle
  2
Basic
 70
     7
 71
     1
 72
     0
 73
     1
 90
        0
 40
-0.6
 41
-30.0
 62
     5
 63
     7
 74
     0
 91
        4
 64
     7
 65
   257
 75
     1
175
     1
 42
1.0
 92
        8
 66
     7
 43
1.0
 76
     1
 77
     6
 78
     2
 67
     7
 79
     5
170
     0
171
     0
290
     0
174
     0
 93
        1
 44
0.0
173
     0
291
     1
 45
0.0
1001
ACAD
1000
AcDbSavedByObjectVersion
1070
     0
  0
VISUALSTYLE
  5
3D7
102
{ACAD_XDICTIONARY
360
3C20
102
}
102
{ACAD_REACTORS
330
3CB
102
}
330
3CB
100
AcDbVisualStyle
  2
Brighten
 70
    12
 71
     2
 72
     2
 73
     0
 90
        0
 40
-0.6
 41
-30.0
 62
     5
 63
     7
 74
     1
 91
        4
 64
     7
 65
   257
 75
     1
175
     1
 42
1.0
 92
        8
 66
     7
 43
1.0
 76
     1
 77
     6
 78
     2
 67
     7
 79
     5
170
     0
171
     0
290
     0
174
     0
 93
        1
 44
50.0
173
     0
291
     1
 45
0.0
1001
ACAD
1000
AcDbSavedByObjectVersion
1070
     0
  0
VISUALSTYLE
  5
3DB
102
{ACAD_XDICTIONARY
360
3C28
102
}
102
{ACAD_REACTORS
330
3CB
102
}
330
3CB
100
AcDbVisualStyle
  2
ColorChange
 70
    16
 71
     2
 72
     2
 73
     3
 90
        0
 40
-0.6
 41
-30.0
 62
     5
 63
     8
 74
     1
 91
        4
 64
     7
 65
   257
 75
     1
175
     1
 42
1.0
 92
        8
 66
     8
 43
1.0
 76
     1
 77
     6
 78
     2
 67
     7
 79
     5
170
     0
171
     0
290
     0
174
     0
 93
        1
 44
0.0
173
     0
291
     1
 45
0.0
1001
ACAD
1000
AcDbSavedByObjectVersion
1070
     0
  0
VISUALSTYLE
  5
3D4
102
{ACAD_XDICTIONARY
360
3C1A
102
}
102
{ACAD_REACTORS
330
3CB
102
}
330
3CB
100
AcDbVisualStyle
  2
Conceptual
 70
     9
 71
     3
 72
     2
 73
     0
 90
        0
 40
-0.6
 41
-30.0
 62
     5
 63
     7
 74
     2
 91
        2
 64
     7
 65
   257
 75
     1
175
     1
 42
179.0
 92
        8
 66
     7
 43
1.0
 76
     1
 77
     6
 78
     2
 67
     7
 79
     3
170
     0
171
     0
290
     0
174
     0
 93
        1
 44
0.0
173
     0
291
     0
 45
0.0
1001
ACAD
1000
AcDbSavedByObjectVersion
1070
     0
  0
VISUALSTYLE
  5
3D6
102
{ACAD_XDICTIONARY
360
3C1E
102
}
102
{ACAD_REACTORS
330
3CB
102
}
330
3CB
100
AcDbVisualStyle
  2
Dim
 70
    11
 71
     2
 72
     2
 73
     0
 90
        0
 40
-0.6
 41
-30.0
 62
     5
 63
     7
 74
     1
 91
        4
 64
     7
 65
   257
 75
     1
175
     1
 42
1.0
 92
        8
 66
     7
 43
1.0
 76
     1
 77
     6
 78
     2
 67
     7
 79
     5
170
     0
171
     0
290
     0
174
     0
 93
        1
 44
-50.0
173
     0
291
     1
 45
0.0
1001
ACAD
1000
AcDbSavedByObjectVersion
1070
     0
  0
VISUALSTYLE
  5
3E3
102
{ACAD_XDICTIONARY
360
3C38
102
}
102
{ACAD_REACTORS
330
3CB
102
}
330
3CB
100
AcDbVisualStyle
  2
EdgeColorOff
 70
    22
 71
     2
 72
     2
 73
     0
 90
        0
 40
-0.6
 41
-30.0
 62
     5
 63
     7
 74
     1
 91
        4
 64
     7
 65
   257
 75
     1
175
     1
 42
1.0
 92
        8
 66
     7
 43
1.0
 76
     1
 77
     6
 78
     2
 67
     7
 79
     5
170
     0
171
     0
290
     0
174
     0
 93
        1
 44
0.0
173
     0
291
     1
 45
0.0
1001
ACAD
1000
AcDbSavedByObjectVersion
1070
     0
  0
VISUALSTYLE
  5
3DA
102
{ACAD_XDICTIONARY
360
3C26
102
}
102
{ACAD_REACTORS
330
3CB
102
}
330
3CB
100
AcDbVisualStyle
  2
Facepattern
 70
    15
 71
     2
 72
     2
 73
     0
 90
        0
 40
-0.6
 41
-30.0
 62
     5
 63
     7
 74
     1
 91
        4
 64
     7
 65
   257
 75
     1
175
     1
 42
1.0
 92
        8
 66
     7
 43
1.0
 76
     1
 77
     6
 78
     2
 67
     7
 79
     5
170
     0
171
     0
290
     0
174
     0
 93
        1
 44
0.0
173
     0
291
     1
 45
0.0
1001
ACAD
1000
AcDbSavedByObjectVersion
1070
     0
  0
VISUALSTYLE
  5
3CC
102
{ACAD_XDICTIONARY
360
3C0A
102
}
102
{ACAD_REACTORS
330
3CB
102
}
330
3CB
100
AcDbVisualStyle
  2
Flat
 70
     0
 71
     2
 72
     1
 73
     1
 90
        2
 40
-0.6
 41
30.0
 62
     5
 63
     7
 74
     0
 91
        0
 64
     7
 65
   257
 75
     1
175
     1
 42
1.0
 92
        8
 66
     7
 43
1.0
 76
     1
 77
     6
 78
     2
 67
     7
 79
     5
170
     0
171
     0
290
     0
174
     0
 93
       13
 44
0.0
173
     0
291
     1
 45
0.0
1001
ACAD
1000
AcDbSavedByObjectVersion
1070
     0
  0
VISUALSTYLE
  5
3CD
102
{ACAD_XDICTIONARY
360
3C0C
102
}
102
{ACAD_REACTORS
330
3CB
102
}
330
3CB
100
AcDbVisualStyle
  2
FlatWithEdges
 70
     1
 71
     2
 72
     1
 73
     1
 90
        2
 40
-0.6
 41
30.0
 62
     5
 63
     7
 74
     1
 91
        0
 64
     7
 65
   257
 75
     1
175
     1
 42
1.0
 92
        0
 66
   257
 43
1.0
 76
     1
 77
     6
 78
     2
 67
     7
 79
     5
170
     0
171
     0
290
     0
174
     0
 93
       13
 44
0.0
173
     0
291
     1
 45
0.0
1001
ACAD
1000
AcDbSavedByObjectVersion
1070
     0
  0
VISUALSTYLE
  5
3CE
102
{ACAD_XDICTIONARY
360
3C0E
102
}
102
{ACAD_REACTORS
330
3CB
102
}
330
3CB
100
AcDbVisualStyle
  2
Gouraud
 70
     2
 71
     2
 72
     2
 73
     1
 90
        2
 40
-0.6
 41
30.0
 62
     5
 63
     7
 74
     0
 91
        0
 64
     7
 65
   257
 75
     1
175
     1
 42
1.0
 92
        0
 66
     7
 43
1.0
 76
     1
 77
     6
 78
     2
 67
     7
 79
     5
170
     0
171
     0
290
     0
174
     0
 93
       13
 44
0.0
173
     0
291
     1
 45
0.0
1001
ACAD
1000
AcDbSavedByObjectVersion
1070
     0
  0
VISUALSTYLE
  5
3CF
102
{ACAD_XDICTIONARY
360
3C10
102
}
102
{ACAD_REACTORS
330
3CB
102
}
330
3CB
100
AcDbVisualStyle
  2
GouraudWithEdges
 70
     3
 71
     2
 72
     2
 73
     1
 90
        2
 40
-0.6
 41
30.0
 62
     5
 63
     7
 74
     1
 91
        0
 64
     7
 65
   257
 75
     1
175
     1
 42
1.0
 92
        0
 66
   257
 43
1.0
 76
     1
 77
     6
 78
     2
 67
     7
 79
     5
170
     0
171
     0
290
     0
174
     0
 93
       13
 44
0.0
173
     0
291
     1
 45
0.0
1001
ACAD
1000
AcDbSavedByObjectVersion
1070
     0
  0
VISUALSTYLE
  5
3D3
102
{ACAD_XDICTIONARY
360
3C18
102
}
102
{ACAD_REACTORS
330
3CB
102
}
330
3CB
100
AcDbVisualStyle
  2
Hidden
 70
     6
 71
     1
 72
     2
 73
     2
 90
        0
 40
-0.6
 41
-30.0
 62
     5
 63
     7
 74
     2
 91
        2
 64
     7
 65
   257
 75
     2
175
     1
 42
40.0
 92
        0
 66
   257
 43
1.0
 76
     1
 77
     6
 78
     2
 67
     7
 79
     3
170
     0
171
     0
290
     0
174
     0
 93
        1
 44
0.0
173
     0
291
     0
 45
0.0
1001
ACAD
1000
AcDbSavedByObjectVersion
1070
     0
  0
VISUALSTYLE
  5
3E1
102
{ACAD_XDICTIONARY
360
3C34
102
}
102
{ACAD_REACTORS
330
3CB
102
}
330
3CB
100
AcDbVisualStyle
  2
JitterOff
 70
    20
 71
     2
 72
     2
 73
     0
 90
        0
 40
-0.6
 41
-30.0
 62
     5
 63
     7
 74
     1
 91
        4
 64
     7
 65
   257
 75
     1
175
     1
 42
1.0
 92
       10
 66
     7
 43
1.0
 76
     1
 77
     6
 78
     2
 67
     7
 79
     5
170
     0
171
     0
290
     0
174
     0
 93
        1
 44
0.0
173
     0
291
     1
 45
0.0
1001
ACAD
1000
AcDbSavedByObjectVersion
1070
     0
  0
VISUALSTYLE
  5
3D9
102
{ACAD_XDICTIONARY
360
3C24
102
}
102
{ACAD_REACTORS
330
3CB
102
}
330
3CB
100
AcDbVisualStyle
  2
Linepattern
 70
    14
 71
     2
 72
     2
 73
     0
 90
        0
 40
-0.6
 41
-30.0
 62
     5
 63
     7
 74
     1
 91
        4
 64
     7
 65
   257
 75
     7
175
     7
 42
1.0
 92
        8
 66
     7
 43
1.0
 76
     1
 77
     6
 78
     2
 67
     7
 79
     5
170
     0
171
     0
290
     0
174
     0
 93
        1
 44
0.0
173
     0
291
     1
 45
0.0
1001
ACAD
1000
AcDbSavedByObjectVersion
1070
     0
  0
VISUALSTYLE
  5
3E2
102
{ACAD_XDICTIONARY
360
3C36
102
}
102
{ACAD_REACTORS
330
3CB
102
}
330
3CB
100
AcDbVisualStyle
  2
OverhangOff
 70
    21
 71
     2
 72
     2
 73
     0
 90
        0
 40
-0.6
 41
-30.0
 62
     5
 63
     7
 74
     1
 91
        4
 64
     7
 65
   257
 75
     1
175
     1
 42
1.0
 92
        9
 66
     7
 43
1.0
 76
     1
 77
     6
 78
     2
 67
     7
 79
     5
170
     0
171
     0
290
     0
174
     0
 93
        1
 44
0.0
173
     0
291
     1
 45
0.0
1001
ACAD
1000
AcDbSavedByObjectVersion
1070
     0
  0
VISUALSTYLE
  5
3D5
102
{ACAD_XDICTIONARY
360
3C1C
102
}
102
{ACAD_REACTORS
330
3CB
102
}
330
3CB
100
AcDbVisualStyle
  2
Realistic
 70
     8
 71
     2
 72
     3
 73
     0
 90
        2
 40
-0.6
 41
30.0
 62
     5
 63
     7
 74
     0
 91
        0
 64
     7
 65
   257
 75
     1
175
     1
 42
1.0
 92
        8
 66
   257
 43
1.0
 76
     1
 77
     6
 78
     2
 67
     7
 79
     3
170
     0
171
     0
290
     0
174
     0
 93
       13
 44
0.0
173
     0
291
     0
 45
0.0
1001
ACAD
1000
AcDbSavedByObjectVersion
1070
     0
  0
VISUALSTYLE
  5
3E0
102
{ACAD_XDICTIONARY
360
3C32
102
}
102
{ACAD_REACTORS
330
3CB
102
}
330
3CB
100
AcDbVisualStyle
  2
Shaded
 70
    27
 71
     2
 72
     2
 73
     1
 90
        2
 40
-0.6
 41
30.0
 62
     5
 63
     7
 74
     0
 91
        4
 64
     7
 65
   257
 75
     1
175
     1
 42
1.0
 92
        8
 66
   257
 43
1.0
 76
     1
 77
     6
 78
     2
 67
     8
 79
     3
170
     0
171
     0
290
     0
174
     0
 93
        5
 44
0.0
173
     0
291
     0
 45
0.0
1001
ACAD
1000
AcDbSavedByObjectVersion
1070
     0
  0
VISUALSTYLE
  5
3DF
102
{ACAD_XDICTIONARY
360
3C30
102
}
102
{ACAD_REACTORS
330
3CB
102
}
330
3CB
100
AcDbVisualStyle
  2
Shaded with edges
 70
    26
 71
     2
 72
     2
 73
     1
 90
        2
 40
-0.6
 41
30.0
 62
     5
 63
     7
 74
     1
 91
        2
 64
     7
 65
   257
 75
     2
175
     1
 42
1.0
 92
        8
 66
   257
 43
1.0
 76
     1
 77
     6
 78
     2
 67
     7
 79
     3
170
     0
171
     0
290
     0
174
     0
 93
        5
 44
0.0
173
     0
291
     0
 45
0.0
1001
ACAD
1000
AcDbSavedByObjectVersion
1070
     0
  0
VISUALSTYLE
  5
3DC
102
{ACAD_XDICTIONARY
360
3C2A
102
}
102
{ACAD_REACTORS
330
3CB
102
}
330
3CB
100
AcDbVisualStyle
  2
Shades of Gray
 70
    23
 71
     2
 72
     2
 73
     3
 90
        0
 40
-0.6
 41
-30.0
 62
     5
 63
     7
 74
     2
 91
        2
 64
     7
 65
     7
 75
     1
175
     1
 42
40.0
 92
        8
 66
     7
 43
1.0
 76
     1
 77
     6
 78
     2
 67
     7
 79
     3
170
     0
171
     0
290
     0
174
     0
 93
        1
 44
0.0
173
     0
291
     0
 45
0.0
1001
ACAD
1000
AcDbSavedByObjectVersion
1070
     0
  0
VISUALSTYLE
  5
3DD
102
{ACAD_XDICTIONARY
360
3C2C
102
}
102
{ACAD_REACTORS
330
3CB
102
}
330
3CB
100
AcDbVisualStyle
  2
Sketchy
 70
    24
 71
     1
 72
     2
 73
     2
 90
        0
 40
-0.6
 41
-30.0
 62
     5
 63
     7
 74
     2
 91
        2
 64
     7
 65
     7
 75
     1
175
     1
 42
40.0
 92
       11
 66
     7
 43
1.0
 76
     1
 77
     6
 78
     2
 67
     7
 79
     6
170
     0
171
     0
290
     0
174
     0
 93
        1
 44
0.0
173
     0
291
     0
 45
0.0
1001
ACAD
1000
AcDbSavedByObjectVersion
1070
     0
  0
VISUALSTYLE
  5
3D8
102
{ACAD_XDICTIONARY
360
3C22
102
}
102
{ACAD_REACTORS
330
3CB
102
}
330
3CB
100
AcDbVisualStyle
  2
Thicken
 70
    13
 71
     2
 72
     2
 73
     0
 90
        0
 40
-0.6
 41
-30.0
 62
     5
 63
     7
 74
     1
 91
        4
 64
     7
 65
   257
 75
     1
175
     1
 42
1.0
 92
       12
 66
     7
 43
1.0
 76
     1
 77
     6
 78
     2
 67
     7
 79
     5
170
     0
171
     0
290
     0
174
     0
 93
        1
 44
0.0
173
     0
291
     1
 45
0.0
1001
ACAD
1000
AcDbSavedByObjectVersion
1070
     0
  0
VISUALSTYLE
  5
3D2
102
{ACAD_XDICTIONARY
360
3C16
102
}
102
{ACAD_REACTORS
330
3CB
102
}
330
3CB
100
AcDbVisualStyle
  2
Wireframe
 70
     5
 71
     0
 72
     2
 73
     0
 90
        0
 40
-0.6
 41
-30.0
 62
     5
 63
     7
 74
     1
 91
        4
 64
     7
 65
   257
 75
     1
175
     1
 42
1.0
 92
        0
 66
   257
 43
1.0
 76
     1
 77
     6
 78
     2
 67
     7
 79
     3
170
     0
171
     0
290
     0
174
     0
 93
        1
 44
0.0
173
     0
291
     0
 45
0.0
1001
ACAD
1000
AcDbSavedByObjectVersion
1070
     0
  0
VISUALSTYLE
  5
3DE
102
{ACAD_XDICTIONARY
360
3C2E
102
}
102
{ACAD_REACTORS
330
3CB
102
}
330
3CB
100
AcDbVisualStyle
  2
X-Ray
 70
    25
 71
     2
 72
     2
 73
     1
 90
        1
 40
0.5
 41
-30.0
 62
     5
 63
     7
 74
     1
 91
        0
 64
     7
 65
   257
 75
     1
175
     1
 42
1.0
 92
        8
 66
     7
 43
1.0
 76
     1
 77
     6
 78
     2
 67
     7
 79
     3
170
     0
171
     0
290
     0
174
     0
 93
       13
 44
0.0
173
     0
291
     0
 45
0.0
1001
ACAD
1000
AcDbSavedByObjectVersion
1070
     0
  0
DICTIONARYVAR
  5
43C
102
{ACAD_REACTORS
330
437
102
}
330
437
100
DictionaryVariables
280
     0
  1
1:1
  0
DICTIONARYVAR
  5
439
102
{ACAD_REACTORS
330
437
102
}
330
437
100
DictionaryVariables
280
     0
  1
STANDARD
  0
DICTIONARYVAR
  5
438
102
{ACAD_REACTORS
330
437
102
}
330
437
100
DictionaryVariables
280
     0
  1
STANDARD
  0
DICTIONARYVAR
  5
43A
102
{ACAD_REACTORS
330
437
102
}
330
437
100
DictionaryVariables
280
     0
  1
Imperial24
  0
DICTIONARYVAR
  5
43B
102
{ACAD_REACTORS
330
437
102
}
330
437
100
DictionaryVariables
280
     0
  1
Imperial24
  0
DICTIONARYVAR
  5
43F
102
{ACAD_REACTORS
330
437
102
}
330
437
100
DictionaryVariables
280
     0
  1
1
  0
DICTIONARYVAR
  5
43E
102
{ACAD_REACTORS
330
437
102
}
330
437
100
DictionaryVariables
280
     0
  1
0
  0
DICTIONARYVAR
  5
27F4
102
{ACAD_REACTORS
330
437
102
}
330
437
100
DictionaryVariables
280
     0
  1
1
  0
DICTIONARYVAR
  5
27F5
102
{ACAD_REACTORS
330
437
102
}
330
437
100
DictionaryVariables
280
     0
  1
15
  0
DICTIONARYVAR
  5
27F3
102
{ACAD_REACTORS
330
437
102
}
330
437
100
DictionaryVariables
280
     0
  1
0
  0
DICTIONARYVAR
  5
27F2
102
{ACAD_REACTORS
330
437
102
}
330
437
100
DictionaryVariables
280
     0
  1
0
  0
DICTIONARYVAR
  5
43D
102
{ACAD_REACTORS
330
437
102
}
330
437
100
DictionaryVariables
280
     0
  1
127
  0
DICTIONARYVAR
  5
440
102
{ACAD_REACTORS
330
437
102
}
330
437
100
DictionaryVariables
280
     0
  1
2
  0
DICTIONARY
  5
3C3D
330
40C
100
AcDbDictionary
280
     1
281
     1
  3
ACAD_XREC_ROUNDTRIP
360
3C3E
  0
DICTIONARY
  5
3C41
330
414
100
AcDbDictionary
280
     1
281
     1
  3
ACAD_XREC_ROUNDTRIP
360
3C42
  0
DICTIONARY
  5
3C3F
330
410
100
AcDbDictionary
280
     1
281
     1
  3
ACAD_XREC_ROUNDTRIP
360
3C40
  0
DICTIONARY
  5
3BC
330
3BB
100
AcDbDictionary
280
     1
281
     1
  3
ACAD_XREC_ROUNDTRIP
360
3C08
  3
BUMPTILE
360
3BE
  3
DIFFUSETILE
360
3BD
  3
OPACITYTILE
360
3C1
  3
REFLECTIONTILE
360
3C0
  3
REFRACTIONTILE
360
3C2
  3
SPECULARTILE
360
3BF
  0
DICTIONARY
  5
3B4
330
3B3
100
AcDbDictionary
280
     1
281
     1
  3
ACAD_XREC_ROUNDTRIP
360
3C07
  3
BUMPTILE
360
3B6
  3
DIFFUSETILE
360
3B5
  3
OPACITYTILE
360
3B9
  3
REFLECTIONTILE
360
3B8
  3
REFRACTIONTILE
360
3BA
  3
SPECULARTILE
360
3B7
  0
DICTIONARY
  5
3C4
330
3C3
100
AcDbDictionary
280
     1
281
     1
  3
ACAD_XREC_ROUNDTRIP
360
3C09
  3
BUMPTILE
360
3C6
  3
DIFFUSETILE
360
3C5
  3
OPACITYTILE
360
3C9
  3
REFLECTIONTILE
360
3C8
  3
REFRACTIONTILE
360
3CA
  3
SPECULARTILE
360
3C7
  0
DICTIONARY
  5
3C3B
330
40A
100
AcDbDictionary
280
     1
281
     1
  3
ACAD_XREC_ROUNDTRIP
360
3C3C
  0
DICTIONARY
  5
3C03
330
406
100
AcDbDictionary
280
     1
281
     1
  3
ACAD_ROUNDTRIP_2008_TABLESTYLE_CELLSTYLEMAP
360
3C04
  3
ACAD_XREC_ROUNDTRIP
360
3C3A
  0
DICTIONARY
  5
3C14
330
3D1
100
AcDbDictionary
280
     1
281
     1
  3
ACAD_XREC_ROUNDTRIP
360
3C15
  0
DICTIONARY
  5
3C12
330
3D0
100
AcDbDictionary
280
     1
281
     1
  3
ACAD_XREC_ROUNDTRIP
360
3C13
  0
DICTIONARY
  5
3C20
330
3D7
100
AcDbDictionary
280
     1
281
     1
  3
ACAD_XREC_ROUNDTRIP
360
3C21
  0
DICTIONARY
  5
3C28
330
3DB
100
AcDbDictionary
280
     1
281
     1
  3
ACAD_XREC_ROUNDTRIP
360
3C29
  0
DICTIONARY
  5
3C1A
330
3D4
100
AcDbDictionary
280
     1
281
     1
  3
ACAD_XREC_ROUNDTRIP
360
3C1B
  0
DICTIONARY
  5
3C1E
330
3D6
100
AcDbDictionary
280
     1
281
     1
  3
ACAD_XREC_ROUNDTRIP
360
3C1F
  0
DICTIONARY
  5
3C38
330
3E3
100
AcDbDictionary
280
     1
281
     1
  3
ACAD_XREC_ROUNDTRIP
360
3C39
  0
DICTIONARY
  5
3C26
330
3DA
100
AcDbDictionary
280
     1
281
     1
  3
ACAD_XREC_ROUNDTRIP
360
3C27
  0
DICTIONARY
  5
3C0A
330
3CC
100
AcDbDictionary
280
     1
281
     1
  3
ACAD_XREC_ROUNDTRIP
360
3C0B
  0
DICTIONARY
  5
3C0C
330
3CD
100
AcDbDictionary
280
     1
281
     1
  3
ACAD_XREC_ROUNDTRIP
360
3C0D
  0
DICTIONARY
  5
3C0E
330
3CE
100
AcDbDictionary
280
     1
281
     1
  3
ACAD_XREC_ROUNDTRIP
360
3C0F
  0
DICTIONARY
  5
3C10
330
3CF
100
AcDbDictionary
280
     1
281
     1
  3
ACAD_XREC_ROUNDTRIP
360
3C11
  0
DICTIONARY
  5
3C18
330
3D3
100
AcDbDictionary
280
     1
281
     1
  3
ACAD_XREC_ROUNDTRIP
360
3C19
  0
DICTIONARY
  5
3C34
330
3E1
100
AcDbDictionary
280
     1
281
     1
  3
ACAD_XREC_ROUNDTRIP
360
3C35
  0
DICTIONARY
  5
3C24
330
3D9
100
AcDbDictionary
280
     1
281
     1
  3
ACAD_XREC_ROUNDTRIP
360
3C25
  0
DICTIONARY
  5
3C36
330
3E2
100
AcDbDictionary
280
     1
281
     1
  3
ACAD_XREC_ROUNDTRIP
360
3C37
  0
DICTIONARY
  5
3C1C
330
3D5
100
AcDbDictionary
280
     1
281
     1
  3
ACAD_XREC_ROUNDTRIP
360
3C1D
  0
DICTIONARY
  5
3C32
330
3E0
100
AcDbDictionary
280
     1
281
     1
  3
ACAD_XREC_ROUNDTRIP
360
3C33
  0
DICTIONARY
  5
3C30
330
3DF
100
AcDbDictionary
280
     1
281
     1
  3
ACAD_XREC_ROUNDTRIP
360
3C31
  0
DICTIONARY
  5
3C2A
330
3DC
100
AcDbDictionary
280
     1
281
     1
  3
ACAD_XREC_ROUNDTRIP
360
3C2B
  0
DICTIONARY
  5
3C2C
330
3DD
100
AcDbDictionary
280
     1
281
     1
  3
ACAD_XREC_ROUNDTRIP
360
3C2D
  0
DICTIONARY
  5
3C22
330
3D8
100
AcDbDictionary
280
     1
281
     1
  3
ACAD_XREC_ROUNDTRIP
360
3C23
  0
DICTIONARY
  5
3C16
330
3D2
100
AcDbDictionary
280
     1
281
     1
  3
ACAD_XREC_ROUNDTRIP
360
3C17
  0
DICTIONARY
  5
3C2E
330
3DE
100
AcDbDictionary
280
     1
281
     1
  3
ACAD_XREC_ROUNDTRIP
360
3C2F
  0
XRECORD
  5
3C3E
102
{ACAD_REACTORS
330
3C3D
102
}
330
3C3D
100
AcDbXrecord
280
     1
102
DISPLAYNAME
  1
Imperial24
102
FLAGS
 90
        0
  0
XRECORD
  5
3C42
102
{ACAD_REACTORS
330
3C41
102
}
330
3C41
100
AcDbXrecord
280
     1
102
SHADEPLOT
 70
     0
102
SHADEPLOTRESLEVEL
 70
     2
102
SHADEPLOTCUSTOMDPI
 70
   300
  0
XRECORD
  5
3C40
102
{ACAD_REACTORS
330
3C3F
102
}
330
3C3F
100
AcDbXrecord
280
     1
102
SHADEPLOT
 70
     0
102
SHADEPLOTRESLEVEL
 70
     2
102
SHADEPLOTCUSTOMDPI
 70
   300
  0
XRECORD
  5
3C08
102
{ACAD_REACTORS
330
3BC
102
}
330
3BC
100
AcDbXrecord
280
     1
102
MATERIAL
148
0.0
149
0.0
149
0.0
 93
        0
 94
      127
282
     0
 72
     0
 77
     0
171
     0
175
     0
179
     0
273
     0
  0
XRECORD
  5
3BE
102
{ACAD_REACTORS
330
3BC
102
}
330
3BC
100
AcDbXrecord
280
     1
270
     1
271
     1
  0
XRECORD
  5
3BD
102
{ACAD_REACTORS
330
3BC
102
}
330
3BC
100
AcDbXrecord
280
     1
270
     1
271
     1
  0
XRECORD
  5
3C1
102
{ACAD_REACTORS
330
3BC
102
}
330
3BC
100
AcDbXrecord
280
     1
270
     1
271
     1
  0
XRECORD
  5
3C0
102
{ACAD_REACTORS
330
3BC
102
}
330
3BC
100
AcDbXrecord
280
     1
270
     1
271
     1
  0
XRECORD
  5
3C2
102
{ACAD_REACTORS
330
3BC
102
}
330
3BC
100
AcDbXrecord
280
     1
270
     1
271
     1
  0
XRECORD
  5
3BF
102
{ACAD_REACTORS
330
3BC
102
}
330
3BC
100
AcDbXrecord
280
     1
270
     1
271
     1
  0
XRECORD
  5
3C07
102
{ACAD_REACTORS
330
3B4
102
}
330
3B4
100
AcDbXrecord
280
     1
102
MATERIAL
148
0.0
149
0.0
149
0.0
 93
        0
 94
      127
282
     0
 72
     0
 77
     0
171
     0
175
     0
179
     0
273
     0
  0
XRECORD
  5
3B6
102
{ACAD_REACTORS
330
3B4
102
}
330
3B4
100
AcDbXrecord
280
     1
270
     1
271
     1
  0
XRECORD
  5
3B5
102
{ACAD_REACTORS
330
3B4
102
}
330
3B4
100
AcDbXrecord
280
     1
270
     1
271
     1
  0
XRECORD
  5
3B9
102
{ACAD_REACTORS
330
3B4
102
}
330
3B4
100
AcDbXrecord
280
     1
270
     1
271
     1
  0
XRECORD
  5
3B8
102
{ACAD_REACTORS
330
3B4
102
}
330
3B4
100
AcDbXrecord
280
     1
270
     1
271
     1
  0
XRECORD
  5
3BA
102
{ACAD_REACTORS
330
3B4
102
}
330
3B4
100
AcDbXrecord
280
     1
270
     1
271
     1
  0
XRECORD
  5
3B7
102
{ACAD_REACTORS
330
3B4
102
}
330
3B4
100
AcDbXrecord
280
     1
270
     1
271
     1
  0
XRECORD
  5
3C09
102
{ACAD_REACTORS
330
3C4
102
}
330
3C4
100
AcDbXrecord
280
     1
102
MATERIAL
148
0.0
149
0.0
149
0.0
 93
        0
 94
      127
282
     0
 72
     0
 77
     0
171
     0
175
     0
179
     0
273
     0
  0
XRECORD
  5
3C6
102
{ACAD_REACTORS
330
3C4
102
}
330
3C4
100
AcDbXrecord
280
     1
270
     1
271
     1
  0
XRECORD
  5
3C5
102
{ACAD_REACTORS
330
3C4
102
}
330
3C4
100
AcDbXrecord
280
     1
270
     1
271
     1
  0
XRECORD
  5
3C9
102
{ACAD_REACTORS
330
3C4
102
}
330
3C4
100
AcDbXrecord
280
     1
270
     1
271
     1
  0
XRECORD
  5
3C8
102
{ACAD_REACTORS
330
3C4
102
}
330
3C4
100
AcDbXrecord
280
     1
270
     1
271
     1
  0
XRECORD
  5
3CA
102
{ACAD_REACTORS
330
3C4
102
}
330
3C4
100
AcDbXrecord
280
     1
270
     1
271
     1
  0
XRECORD
  5
3C7
102
{ACAD_REACTORS
330
3C4
102
}
330
3C4
100
AcDbXrecord
280
     1
270
     1
271
     1
  0
XRECORD
  5
3C3C
102
{ACAD_REACTORS
330
3C3B
102
}
330
3C3B
100
AcDbXrecord
280
     1
102
DISPLAYNAME
  1
Imperial24
102
FLAGS
 90
        0
  0
CELLSTYLEMAP
  5
3C04
102
{ACAD_REACTORS
330
3C03
102
}
330
3C03
100
AcDbCellStyleMap
 90
        3
300
CELLSTYLE
  1
TABLEFORMAT_BEGIN
 90
        5
170
     1
 91
        0
 92
    32768
 62
   257
 93
        1
300
CONTENTFORMAT
  1
CONTENTFORMAT_BEGIN
 90
        0
 91
        0
 92
      512
 93
        0
300

 40
0.0
140
1.0
 94
        5
 62
     0
340
3F7
144
0.25
309
CONTENTFORMAT_END
171
     0
 94
        0
309
TABLEFORMAT_END
  1
CELLSTYLE_BEGIN
 90
        1
 91
        1
300
_TITLE
309
CELLSTYLE_END
300
CELLSTYLE
  1
TABLEFORMAT_BEGIN
 90
        5
170
     1
 91
        0
 92
        0
 62
   257
 93
        1
300
CONTENTFORMAT
  1
CONTENTFORMAT_BEGIN
 90
        0
 91
        0
 92
      512
 93
        0
300

 40
0.0
140
1.0
 94
        5
 62
     0
340
3F7
144
0.18
309
CONTENTFORMAT_END
171
     0
 94
        0
309
TABLEFORMAT_END
  1
CELLSTYLE_BEGIN
 90
        2
 91
        1
300
_HEADER
309
CELLSTYLE_END
300
CELLSTYLE
  1
TABLEFORMAT_BEGIN
 90
        5
170
     1
 91
        0
 92
        0
 62
   257
 93
        1
300
CONTENTFORMAT
  1
CONTENTFORMAT_BEGIN
 90
        0
 91
        0
 92
      512
 93
        0
300

 40
0.0
140
1.0
 94
        2
 62
     0
340
3F7
144
0.18
309
CONTENTFORMAT_END
171
     0
 94
        0
309
TABLEFORMAT_END
  1
CELLSTYLE_BEGIN
 90
        3
 91
        2
300
_DATA
309
CELLSTYLE_END
  0
XRECORD
  5
3C3A
102
{ACAD_REACTORS
330
3C03
102
}
330
3C03
100
AcDbXrecord
280
     1
102
ACAD_ROUNDTRIP_PRE2007_TABLESTYLE
 90
      512
 91
        0
  1

 92
      512
 93
        0
  2

 94
      512
 95
        0
  3

  0
XRECORD
  5
3C15
102
{ACAD_REACTORS
330
3C14
102
}
330
3C14
100
AcDbXrecord
280
     1
102
RTVSPost2010Prop28
280
     1
102
RTVSPost2010PropOp28
 70
     1
102
RTVSPost2010Prop29
280
     1
102
RTVSPost2010PropOp29
 70
     1
102
RTVSPost2010Prop30
280
     0
102
RTVSPost2010PropOp30
 70
     1
102
RTVSPost2010Prop31
280
     0
102
RTVSPost2010PropOp31
 70
     1
102
RTVSPost2010Prop32
280
     0
102
RTVSPost2010PropOp32
 70
     1
102
RTVSPost2010Prop33
280
     0
102
RTVSPost2010PropOp33
 70
     1
102
RTVSPost2010Prop34
280
     0
102
RTVSPost2010PropOp34
 70
     1
102
RTVSPost2010Prop35
280
     0
102
RTVSPost2010PropOp35
 70
     1
102
RTVSPost2010Prop36
280
     0
102
RTVSPost2010PropOp36
 70
     1
102
RTVSPost2010Prop37
 90
       50
102
RTVSPost2010PropOp37
 70
     1
102
RTVSPost2010Prop38
140
0.0
102
RTVSPost2010PropOp38
 70
     1
102
RTVSPost2010Prop39
140
1.0
102
RTVSPost2010PropOp39
 70
     1
102
RTVSPost2010Prop40
 90
        0
102
RTVSPost2010PropOp40
 70
     1
102
RTVSPost2010Prop41ColorIndex
 90
       18
102
RTVSPost2010Prop41ColorRGB
 90
        0
102
RTVSPost2010PropOp41
 70
     1
102
RTVSPost2010Prop42
 90
       50
102
RTVSPost2010PropOp42
 70
     1
102
RTVSPost2010Prop43
 90
        3
102
RTVSPost2010PropOp43
 70
     1
102
RTVSPost2010Prop44ColorIndex
 90
        5
102
RTVSPost2010Prop44ColorRGB
 90
      255
102
RTVSPost2010PropOp44
 70
     1
102
RTVSPost2010Prop45
280
     0
102
RTVSPost2010PropOp45
 70
     1
102
RTVSPost2010Prop46
 90
       50
102
RTVSPost2010PropOp46
 70
     1
102
RTVSPost2010Prop47
 90
       50
102
RTVSPost2010PropOp47
 70
     1
102
RTVSPost2010Prop48
 90
       50
102
RTVSPost2010PropOp48
 70
     1
102
RTVSPost2010Prop49
280
     0
102
RTVSPost2010PropOp49
 70
     1
102
RTVSPost2010Prop50
 90
       50
102
RTVSPost2010PropOp50
 70
     1
102
RTVSPost2010Prop51ColorIndex
 90
      256
102
RTVSPost2010Prop51ColorRGB
 90
-16777216
102
RTVSPost2010PropOp51
 70
     0
102
RTVSPost2010Prop52
140
1.0
102
RTVSPost2010PropOp52
 70
     0
102
RTVSPost2010Prop53
 90
        2
102
RTVSPost2010PropOp53
 70
     1
102
RTVSPost2010Prop54
  1
strokes_ogs.tif
102
RTVSPost2010PropOp54
 70
     1
102
RTVSPost2010Prop55
280
     0
102
RTVSPost2010PropOp55
 70
     1
102
RTVSPost2010Prop56
140
1.0
102
RTVSPost2010PropOp56
 70
     1
102
RTVSPost2010Prop57
140
1.0
102
RTVSPost2010PropOp57
 70
     1
102
RTVSPropertyOp0
 70
     1
102
RTVSPropertyOp1
 70
     1
102
RTVSPropertyOp2
 70
     1
102
RTVSPropertyOp3
 70
     1
102
RTVSPropertyOp4
 70
     1
102
RTVSPropertyOp5
 70
     1
102
RTVSPropertyOp6
 70
     1
102
RTVSPropertyOp7
 70
     1
102
RTVSPropertyOp8
 70
     1
102
RTVSPropertyOp9
 70
     1
102
RTVSPropertyOp10
 70
     1
102
RTVSPropertyOp11
 70
     1
102
RTVSPropertyOp12
 70
     1
102
RTVSPropertyOp13
 70
     1
102
RTVSPropertyOp14
 70
     1
102
RTVSPropertyOp15
 70
     1
102
RTVSPropertyOp16
 70
     1
102
RTVSPropertyOp17
 70
     1
102
RTVSPropertyOp18
 70
     1
102
RTVSPropertyOp19
 70
     1
102
RTVSPropertyOp20
 70
     1
102
RTVSPropertyOp21
 70
     1
102
RTVSPropertyOp22
 70
     1
102
RTVSPropertyOp23
 70
     1
102
RTVSPropertyOp24
 70
     1
102
RTVSPropertyOp25
 70
     1
102
RTVSPropertyOp26
 70
     1
102
RTVSPropertyOp27
 70
     1
102
RTVSPropertyOp28
 70
     1
102
RTVSPropertyOp29
 70
     1
102
RTVSPropertyOp30
 70
     1
102
RTVSPropertyOp31
 70
     1
102
RTVSPropertyOp32
 70
     1
102
RTVSPropertyOp33
 70
     1
102
RTVSPropertyOp34
 70
     1
102
RTVSPropertyOp35
 70
     1
102
RTVSPropertyOp36
 70
     1
102
RTVSPropertyOp37
 70
     1
102
RTVSPropertyOp38
 70
     1
102
RTVSPropertyOp39
 70
     1
102
RTVSPropertyOp40
 70
     1
102
RTVSPropertyOp41
 70
     1
102
RTVSPropertyOp42
 70
     1
102
RTVSPropertyOp43
 70
     1
102
RTVSPropertyOp44
 70
     1
102
RTVSPropertyOp45
 70
     1
102
RTVSPropertyOp46
 70
     1
102
RTVSPropertyOp47
 70
     1
102
RTVSPropertyOp48
 70
     1
102
RTVSPropertyOp49
 70
     1
102
RTVSPropertyOp50
 70
     1
102
RTVSPropertyOp51
 70
     0
102
RTVSPropertyOp52
 70
     0
102
RTVSPropertyOp53
 70
     1
102
RTVSPropertyOp54
 70
     1
102
RTVSPropertyOp55
 70
     1
102
RTVSPropertyOp56
 70
     1
102
RTVSPropertyOp57
 70
     1
102
RTVSPropertyOp58
 70
     1
102
RTVSPropertyOp59
 70
     1
102
RTVSPropertyOp60
 70
     1
102
RTVSPropertyOp61
 70
     1
102
RTVSPropertyOp62
 70
     1
  0
XRECORD
  5
3C13
102
{ACAD_REACTORS
330
3C12
102
}
330
3C12
100
AcDbXrecord
280
     1
102
RTVSPost2010Prop28
280
     0
102
RTVSPost2010PropOp28
 70
     1
102
RTVSPost2010Prop29
280
     1
102
RTVSPost2010PropOp29
 70
     1
102
RTVSPost2010Prop30
280
     1
102
RTVSPost2010PropOp30
 70
     1
102
RTVSPost2010Prop31
280
     0
102
RTVSPost2010PropOp31
 70
     1
102
RTVSPost2010Prop32
280
     0
102
RTVSPost2010PropOp32
 70
     1
102
RTVSPost2010Prop33
280
     0
102
RTVSPost2010PropOp33
 70
     1
102
RTVSPost2010Prop34
280
     0
102
RTVSPost2010PropOp34
 70
     1
102
RTVSPost2010Prop35
280
     0
102
RTVSPost2010PropOp35
 70
     1
102
RTVSPost2010Prop36
280
     0
102
RTVSPost2010PropOp36
 70
     1
102
RTVSPost2010Prop37
 90
       50
102
RTVSPost2010PropOp37
 70
     1
102
RTVSPost2010Prop38
140
0.0
102
RTVSPost2010PropOp38
 70
     1
102
RTVSPost2010Prop39
140
1.0
102
RTVSPost2010PropOp39
 70
     1
102
RTVSPost2010Prop40
 90
        0
102
RTVSPost2010PropOp40
 70
     1
102
RTVSPost2010Prop41ColorIndex
 90
       18
102
RTVSPost2010Prop41ColorRGB
 90
        0
102
RTVSPost2010PropOp41
 70
     1
102
RTVSPost2010Prop42
 90
       50
102
RTVSPost2010PropOp42
 70
     1
102
RTVSPost2010Prop43
 90
        3
102
RTVSPost2010PropOp43
 70
     1
102
RTVSPost2010Prop44ColorIndex
 90
        5
102
RTVSPost2010Prop44ColorRGB
 90
      255
102
RTVSPost2010PropOp44
 70
     1
102
RTVSPost2010Prop45
280
     0
102
RTVSPost2010PropOp45
 70
     1
102
RTVSPost2010Prop46
 90
       50
102
RTVSPost2010PropOp46
 70
     1
102
RTVSPost2010Prop47
 90
       50
102
RTVSPost2010PropOp47
 70
     1
102
RTVSPost2010Prop48
 90
       50
102
RTVSPost2010PropOp48
 70
     1
102
RTVSPost2010Prop49
280
     0
102
RTVSPost2010PropOp49
 70
     1
102
RTVSPost2010Prop50
 90
       50
102
RTVSPost2010PropOp50
 70
     1
102
RTVSPost2010Prop51ColorIndex
 90
      256
102
RTVSPost2010Prop51ColorRGB
 90
-16777216
102
RTVSPost2010PropOp51
 70
     0
102
RTVSPost2010Prop52
140
1.0
102
RTVSPost2010PropOp52
 70
     0
102
RTVSPost2010Prop53
 90
        2
102
RTVSPost2010PropOp53
 70
     1
102
RTVSPost2010Prop54
  1
strokes_ogs.tif
102
RTVSPost2010PropOp54
 70
     1
102
RTVSPost2010Prop55
280
     0
102
RTVSPost2010PropOp55
 70
     1
102
RTVSPost2010Prop56
140
1.0
102
RTVSPost2010PropOp56
 70
     1
102
RTVSPost2010Prop57
140
1.0
102
RTVSPost2010PropOp57
 70
     1
102
RTVSPropertyOp0
 70
     1
102
RTVSPropertyOp1
 70
     1
102
RTVSPropertyOp2
 70
     1
102
RTVSPropertyOp3
 70
     1
102
RTVSPropertyOp4
 70
     1
102
RTVSPropertyOp5
 70
     1
102
RTVSPropertyOp6
 70
     1
102
RTVSPropertyOp7
 70
     1
102
RTVSPropertyOp8
 70
     1
102
RTVSPropertyOp9
 70
     1
102
RTVSPropertyOp10
 70
     1
102
RTVSPropertyOp11
 70
     1
102
RTVSPropertyOp12
 70
     1
102
RTVSPropertyOp13
 70
     1
102
RTVSPropertyOp14
 70
     1
102
RTVSPropertyOp15
 70
     1
102
RTVSPropertyOp16
 70
     1
102
RTVSPropertyOp17
 70
     1
102
RTVSPropertyOp18
 70
     1
102
RTVSPropertyOp19
 70
     1
102
RTVSPropertyOp20
 70
     1
102
RTVSPropertyOp21
 70
     1
102
RTVSPropertyOp22
 70
     1
102
RTVSPropertyOp23
 70
     1
102
RTVSPropertyOp24
 70
     1
102
RTVSPropertyOp25
 70
     1
102
RTVSPropertyOp26
 70
     1
102
RTVSPropertyOp27
 70
     1
102
RTVSPropertyOp28
 70
     1
102
RTVSPropertyOp29
 70
     1
102
RTVSPropertyOp30
 70
     1
102
RTVSPropertyOp31
 70
     1
102
RTVSPropertyOp32
 70
     1
102
RTVSPropertyOp33
 70
     1
102
RTVSPropertyOp34
 70
     1
102
RTVSPropertyOp35
 70
     1
102
RTVSPropertyOp36
 70
     1
102
RTVSPropertyOp37
 70
     1
102
RTVSPropertyOp38
 70
     1
102
RTVSPropertyOp39
 70
     1
102
RTVSPropertyOp40
 70
     1
102
RTVSPropertyOp41
 70
     1
102
RTVSPropertyOp42
 70
     1
102
RTVSPropertyOp43
 70
     1
102
RTVSPropertyOp44
 70
     1
102
RTVSPropertyOp45
 70
     1
102
RTVSPropertyOp46
 70
     1
102
RTVSPropertyOp47
 70
     1
102
RTVSPropertyOp48
 70
     1
102
RTVSPropertyOp49
 70
     1
102
RTVSPropertyOp50
 70
     1
102
RTVSPropertyOp51
 70
     0
102
RTVSPropertyOp52
 70
     0
102
RTVSPropertyOp53
 70
     1
102
RTVSPropertyOp54
 70
     1
102
RTVSPropertyOp55
 70
     1
102
RTVSPropertyOp56
 70
     1
102
RTVSPropertyOp57
 70
     1
102
RTVSPropertyOp58
 70
     1
102
RTVSPropertyOp59
 70
     1
102
RTVSPropertyOp60
 70
     1
102
RTVSPropertyOp61
 70
     1
102
RTVSPropertyOp62
 70
     1
  0
XRECORD
  5
3C21
102
{ACAD_REACTORS
330
3C20
102
}
330
3C20
100
AcDbXrecord
280
     1
102
RTVSPost2010Prop28
280
     0
102
RTVSPost2010PropOp28
 70
     1
102
RTVSPost2010Prop29
280
     1
102
RTVSPost2010PropOp29
 70
     1
102
RTVSPost2010Prop30
280
     1
102
RTVSPost2010PropOp30
 70
     1
102
RTVSPost2010Prop31
280
     0
102
RTVSPost2010PropOp31
 70
     1
102
RTVSPost2010Prop32
280
     0
102
RTVSPost2010PropOp32
 70
     1
102
RTVSPost2010Prop33
280
     0
102
RTVSPost2010PropOp33
 70
     1
102
RTVSPost2010Prop34
280
     0
102
RTVSPost2010PropOp34
 70
     1
102
RTVSPost2010Prop35
280
     0
102
RTVSPost2010PropOp35
 70
     1
102
RTVSPost2010Prop36
280
     0
102
RTVSPost2010PropOp36
 70
     1
102
RTVSPost2010Prop37
 90
       50
102
RTVSPost2010PropOp37
 70
     1
102
RTVSPost2010Prop38
140
0.0
102
RTVSPost2010PropOp38
 70
     1
102
RTVSPost2010Prop39
140
1.0
102
RTVSPost2010PropOp39
 70
     1
102
RTVSPost2010Prop40
 90
        0
102
RTVSPost2010PropOp40
 70
     1
102
RTVSPost2010Prop41ColorIndex
 90
       18
102
RTVSPost2010Prop41ColorRGB
 90
        0
102
RTVSPost2010PropOp41
 70
     1
102
RTVSPost2010Prop42
 90
       50
102
RTVSPost2010PropOp42
 70
     1
102
RTVSPost2010Prop43
 90
        3
102
RTVSPost2010PropOp43
 70
     1
102
RTVSPost2010Prop44ColorIndex
 90
        5
102
RTVSPost2010Prop44ColorRGB
 90
      255
102
RTVSPost2010PropOp44
 70
     1
102
RTVSPost2010Prop45
280
     0
102
RTVSPost2010PropOp45
 70
     1
102
RTVSPost2010Prop46
 90
       50
102
RTVSPost2010PropOp46
 70
     1
102
RTVSPost2010Prop47
 90
       50
102
RTVSPost2010PropOp47
 70
     1
102
RTVSPost2010Prop48
 90
       50
102
RTVSPost2010PropOp48
 70
     1
102
RTVSPost2010Prop49
280
     0
102
RTVSPost2010PropOp49
 70
     1
102
RTVSPost2010Prop50
 90
       50
102
RTVSPost2010PropOp50
 70
     1
102
RTVSPost2010Prop51ColorIndex
 90
      256
102
RTVSPost2010Prop51ColorRGB
 90
-16777216
102
RTVSPost2010PropOp51
 70
     0
102
RTVSPost2010Prop52
140
1.0
102
RTVSPost2010PropOp52
 70
     0
102
RTVSPost2010Prop53
 90
        2
102
RTVSPost2010PropOp53
 70
     1
102
RTVSPost2010Prop54
  1
strokes_ogs.tif
102
RTVSPost2010PropOp54
 70
     1
102
RTVSPost2010Prop55
280
     0
102
RTVSPost2010PropOp55
 70
     1
102
RTVSPost2010Prop56
140
1.0
102
RTVSPost2010PropOp56
 70
     1
102
RTVSPost2010Prop57
140
1.0
102
RTVSPost2010PropOp57
 70
     1
102
RTVSPropertyOp0
 70
     1
102
RTVSPropertyOp1
 70
     1
102
RTVSPropertyOp2
 70
     1
102
RTVSPropertyOp3
 70
     1
102
RTVSPropertyOp4
 70
     1
102
RTVSPropertyOp5
 70
     1
102
RTVSPropertyOp6
 70
     1
102
RTVSPropertyOp7
 70
     1
102
RTVSPropertyOp8
 70
     1
102
RTVSPropertyOp9
 70
     1
102
RTVSPropertyOp10
 70
     1
102
RTVSPropertyOp11
 70
     1
102
RTVSPropertyOp12
 70
     1
102
RTVSPropertyOp13
 70
     1
102
RTVSPropertyOp14
 70
     1
102
RTVSPropertyOp15
 70
     1
102
RTVSPropertyOp16
 70
     1
102
RTVSPropertyOp17
 70
     1
102
RTVSPropertyOp18
 70
     1
102
RTVSPropertyOp19
 70
     1
102
RTVSPropertyOp20
 70
     1
102
RTVSPropertyOp21
 70
     1
102
RTVSPropertyOp22
 70
     1
102
RTVSPropertyOp23
 70
     1
102
RTVSPropertyOp24
 70
     1
102
RTVSPropertyOp25
 70
     1
102
RTVSPropertyOp26
 70
     1
102
RTVSPropertyOp27
 70
     1
102
RTVSPropertyOp28
 70
     1
102
RTVSPropertyOp29
 70
     1
102
RTVSPropertyOp30
 70
     1
102
RTVSPropertyOp31
 70
     1
102
RTVSPropertyOp32
 70
     1
102
RTVSPropertyOp33
 70
     1
102
RTVSPropertyOp34
 70
     1
102
RTVSPropertyOp35
 70
     1
102
RTVSPropertyOp36
 70
     1
102
RTVSPropertyOp37
 70
     1
102
RTVSPropertyOp38
 70
     1
102
RTVSPropertyOp39
 70
     1
102
RTVSPropertyOp40
 70
     1
102
RTVSPropertyOp41
 70
     1
102
RTVSPropertyOp42
 70
     1
102
RTVSPropertyOp43
 70
     1
102
RTVSPropertyOp44
 70
     1
102
RTVSPropertyOp45
 70
     1
102
RTVSPropertyOp46
 70
     1
102
RTVSPropertyOp47
 70
     1
102
RTVSPropertyOp48
 70
     1
102
RTVSPropertyOp49
 70
     1
102
RTVSPropertyOp50
 70
     1
102
RTVSPropertyOp51
 70
     0
102
RTVSPropertyOp52
 70
     0
102
RTVSPropertyOp53
 70
     1
102
RTVSPropertyOp54
 70
     1
102
RTVSPropertyOp55
 70
     1
102
RTVSPropertyOp56
 70
     1
102
RTVSPropertyOp57
 70
     1
102
RTVSPropertyOp58
 70
     1
102
RTVSPropertyOp59
 70
     1
102
RTVSPropertyOp60
 70
     1
102
RTVSPropertyOp61
 70
     1
102
RTVSPropertyOp62
 70
     1
  0
XRECORD
  5
3C29
102
{ACAD_REACTORS
330
3C28
102
}
330
3C28
100
AcDbXrecord
280
     1
102
RTVSPost2010Prop28
280
     0
102
RTVSPost2010PropOp28
 70
     1
102
RTVSPost2010Prop29
280
     1
102
RTVSPost2010PropOp29
 70
     1
102
RTVSPost2010Prop30
280
     1
102
RTVSPost2010PropOp30
 70
     1
102
RTVSPost2010Prop31
280
     0
102
RTVSPost2010PropOp31
 70
     1
102
RTVSPost2010Prop32
280
     0
102
RTVSPost2010PropOp32
 70
     1
102
RTVSPost2010Prop33
280
     0
102
RTVSPost2010PropOp33
 70
     1
102
RTVSPost2010Prop34
280
     0
102
RTVSPost2010PropOp34
 70
     1
102
RTVSPost2010Prop35
280
     0
102
RTVSPost2010PropOp35
 70
     1
102
RTVSPost2010Prop36
280
     0
102
RTVSPost2010PropOp36
 70
     1
102
RTVSPost2010Prop37
 90
       50
102
RTVSPost2010PropOp37
 70
     1
102
RTVSPost2010Prop38
140
0.0
102
RTVSPost2010PropOp38
 70
     1
102
RTVSPost2010Prop39
140
1.0
102
RTVSPost2010PropOp39
 70
     1
102
RTVSPost2010Prop40
 90
        0
102
RTVSPost2010PropOp40
 70
     1
102
RTVSPost2010Prop41ColorIndex
 90
       18
102
RTVSPost2010Prop41ColorRGB
 90
        0
102
RTVSPost2010PropOp41
 70
     1
102
RTVSPost2010Prop42
 90
       50
102
RTVSPost2010PropOp42
 70
     1
102
RTVSPost2010Prop43
 90
        3
102
RTVSPost2010PropOp43
 70
     1
102
RTVSPost2010Prop44ColorIndex
 90
        5
102
RTVSPost2010Prop44ColorRGB
 90
      255
102
RTVSPost2010PropOp44
 70
     1
102
RTVSPost2010Prop45
280
     0
102
RTVSPost2010PropOp45
 70
     1
102
RTVSPost2010Prop46
 90
       50
102
RTVSPost2010PropOp46
 70
     1
102
RTVSPost2010Prop47
 90
       50
102
RTVSPost2010PropOp47
 70
     1
102
RTVSPost2010Prop48
 90
       50
102
RTVSPost2010PropOp48
 70
     1
102
RTVSPost2010Prop49
280
     0
102
RTVSPost2010PropOp49
 70
     1
102
RTVSPost2010Prop50
 90
       50
102
RTVSPost2010PropOp50
 70
     1
102
RTVSPost2010Prop51ColorIndex
 90
      256
102
RTVSPost2010Prop51ColorRGB
 90
-16777216
102
RTVSPost2010PropOp51
 70
     0
102
RTVSPost2010Prop52
140
1.0
102
RTVSPost2010PropOp52
 70
     0
102
RTVSPost2010Prop53
 90
        2
102
RTVSPost2010PropOp53
 70
     1
102
RTVSPost2010Prop54
  1
strokes_ogs.tif
102
RTVSPost2010PropOp54
 70
     1
102
RTVSPost2010Prop55
280
     0
102
RTVSPost2010PropOp55
 70
     1
102
RTVSPost2010Prop56
140
1.0
102
RTVSPost2010PropOp56
 70
     1
102
RTVSPost2010Prop57
140
1.0
102
RTVSPost2010PropOp57
 70
     1
102
RTVSPropertyOp0
 70
     1
102
RTVSPropertyOp1
 70
     1
102
RTVSPropertyOp2
 70
     1
102
RTVSPropertyOp3
 70
     1
102
RTVSPropertyOp4
 70
     1
102
RTVSPropertyOp5
 70
     1
102
RTVSPropertyOp6
 70
     1
102
RTVSPropertyOp7
 70
     1
102
RTVSPropertyOp8
 70
     1
102
RTVSPropertyOp9
 70
     1
102
RTVSPropertyOp10
 70
     1
102
RTVSPropertyOp11
 70
     1
102
RTVSPropertyOp12
 70
     1
102
RTVSPropertyOp13
 70
     1
102
RTVSPropertyOp14
 70
     1
102
RTVSPropertyOp15
 70
     1
102
RTVSPropertyOp16
 70
     1
102
RTVSPropertyOp17
 70
     1
102
RTVSPropertyOp18
 70
     1
102
RTVSPropertyOp19
 70
     1
102
RTVSPropertyOp20
 70
     1
102
RTVSPropertyOp21
 70
     1
102
RTVSPropertyOp22
 70
     1
102
RTVSPropertyOp23
 70
     1
102
RTVSPropertyOp24
 70
     1
102
RTVSPropertyOp25
 70
     1
102
RTVSPropertyOp26
 70
     1
102
RTVSPropertyOp27
 70
     1
102
RTVSPropertyOp28
 70
     1
102
RTVSPropertyOp29
 70
     1
102
RTVSPropertyOp30
 70
     1
102
RTVSPropertyOp31
 70
     1
102
RTVSPropertyOp32
 70
     1
102
RTVSPropertyOp33
 70
     1
102
RTVSPropertyOp34
 70
     1
102
RTVSPropertyOp35
 70
     1
102
RTVSPropertyOp36
 70
     1
102
RTVSPropertyOp37
 70
     1
102
RTVSPropertyOp38
 70
     1
102
RTVSPropertyOp39
 70
     1
102
RTVSPropertyOp40
 70
     1
102
RTVSPropertyOp41
 70
     1
102
RTVSPropertyOp42
 70
     1
102
RTVSPropertyOp43
 70
     1
102
RTVSPropertyOp44
 70
     1
102
RTVSPropertyOp45
 70
     1
102
RTVSPropertyOp46
 70
     1
102
RTVSPropertyOp47
 70
     1
102
RTVSPropertyOp48
 70
     1
102
RTVSPropertyOp49
 70
     1
102
RTVSPropertyOp50
 70
     1
102
RTVSPropertyOp51
 70
     0
102
RTVSPropertyOp52
 70
     0
102
RTVSPropertyOp53
 70
     1
102
RTVSPropertyOp54
 70
     1
102
RTVSPropertyOp55
 70
     1
102
RTVSPropertyOp56
 70
     1
102
RTVSPropertyOp57
 70
     1
102
RTVSPropertyOp58
 70
     1
102
RTVSPropertyOp59
 70
     1
102
RTVSPropertyOp60
 70
     1
102
RTVSPropertyOp61
 70
     1
102
RTVSPropertyOp62
 70
     1
  0
XRECORD
  5
3C1B
102
{ACAD_REACTORS
330
3C1A
102
}
330
3C1A
100
AcDbXrecord
280
     1
102
RTVSPost2010Prop28
280
     0
102
RTVSPost2010PropOp28
 70
     1
102
RTVSPost2010Prop29
280
     1
102
RTVSPost2010PropOp29
 70
     1
102
RTVSPost2010Prop30
280
     1
102
RTVSPost2010PropOp30
 70
     1
102
RTVSPost2010Prop31
280
     0
102
RTVSPost2010PropOp31
 70
     1
102
RTVSPost2010Prop32
280
     0
102
RTVSPost2010PropOp32
 70
     1
102
RTVSPost2010Prop33
280
     0
102
RTVSPost2010PropOp33
 70
     1
102
RTVSPost2010Prop34
280
     0
102
RTVSPost2010PropOp34
 70
     1
102
RTVSPost2010Prop35
280
     0
102
RTVSPost2010PropOp35
 70
     1
102
RTVSPost2010Prop36
280
     0
102
RTVSPost2010PropOp36
 70
     1
102
RTVSPost2010Prop37
 90
       50
102
RTVSPost2010PropOp37
 70
     1
102
RTVSPost2010Prop38
140
0.0
102
RTVSPost2010PropOp38
 70
     1
102
RTVSPost2010Prop39
140
1.0
102
RTVSPost2010PropOp39
 70
     1
102
RTVSPost2010Prop40
 90
        0
102
RTVSPost2010PropOp40
 70
     1
102
RTVSPost2010Prop41ColorIndex
 90
       18
102
RTVSPost2010Prop41ColorRGB
 90
        0
102
RTVSPost2010PropOp41
 70
     1
102
RTVSPost2010Prop42
 90
       50
102
RTVSPost2010PropOp42
 70
     1
102
RTVSPost2010Prop43
 90
        3
102
RTVSPost2010PropOp43
 70
     1
102
RTVSPost2010Prop44ColorIndex
 90
        5
102
RTVSPost2010Prop44ColorRGB
 90
      255
102
RTVSPost2010PropOp44
 70
     1
102
RTVSPost2010Prop45
280
     0
102
RTVSPost2010PropOp45
 70
     1
102
RTVSPost2010Prop46
 90
       50
102
RTVSPost2010PropOp46
 70
     1
102
RTVSPost2010Prop47
 90
       50
102
RTVSPost2010PropOp47
 70
     1
102
RTVSPost2010Prop48
 90
       50
102
RTVSPost2010PropOp48
 70
     1
102
RTVSPost2010Prop49
280
     0
102
RTVSPost2010PropOp49
 70
     1
102
RTVSPost2010Prop50
 90
       50
102
RTVSPost2010PropOp50
 70
     1
102
RTVSPost2010Prop51ColorIndex
 90
      256
102
RTVSPost2010Prop51ColorRGB
 90
-16777216
102
RTVSPost2010PropOp51
 70
     0
102
RTVSPost2010Prop52
140
1.0
102
RTVSPost2010PropOp52
 70
     0
102
RTVSPost2010Prop53
 90
        2
102
RTVSPost2010PropOp53
 70
     1
102
RTVSPost2010Prop54
  1
strokes_ogs.tif
102
RTVSPost2010PropOp54
 70
     1
102
RTVSPost2010Prop55
280
     0
102
RTVSPost2010PropOp55
 70
     1
102
RTVSPost2010Prop56
140
1.0
102
RTVSPost2010PropOp56
 70
     1
102
RTVSPost2010Prop57
140
1.0
102
RTVSPost2010PropOp57
 70
     1
102
RTVSPropertyOp0
 70
     1
102
RTVSPropertyOp1
 70
     1
102
RTVSPropertyOp2
 70
     1
102
RTVSPropertyOp3
 70
     1
102
RTVSPropertyOp4
 70
     1
102
RTVSPropertyOp5
 70
     1
102
RTVSPropertyOp6
 70
     1
102
RTVSPropertyOp7
 70
     1
102
RTVSPropertyOp8
 70
     1
102
RTVSPropertyOp9
 70
     1
102
RTVSPropertyOp10
 70
     1
102
RTVSPropertyOp11
 70
     1
102
RTVSPropertyOp12
 70
     1
102
RTVSPropertyOp13
 70
     1
102
RTVSPropertyOp14
 70
     1
102
RTVSPropertyOp15
 70
     1
102
RTVSPropertyOp16
 70
     1
102
RTVSPropertyOp17
 70
     1
102
RTVSPropertyOp18
 70
     1
102
RTVSPropertyOp19
 70
     1
102
RTVSPropertyOp20
 70
     1
102
RTVSPropertyOp21
 70
     1
102
RTVSPropertyOp22
 70
     1
102
RTVSPropertyOp23
 70
     1
102
RTVSPropertyOp24
 70
     1
102
RTVSPropertyOp25
 70
     1
102
RTVSPropertyOp26
 70
     1
102
RTVSPropertyOp27
 70
     1
102
RTVSPropertyOp28
 70
     1
102
RTVSPropertyOp29
 70
     1
102
RTVSPropertyOp30
 70
     1
102
RTVSPropertyOp31
 70
     1
102
RTVSPropertyOp32
 70
     1
102
RTVSPropertyOp33
 70
     1
102
RTVSPropertyOp34
 70
     1
102
RTVSPropertyOp35
 70
     1
102
RTVSPropertyOp36
 70
     1
102
RTVSPropertyOp37
 70
     1
102
RTVSPropertyOp38
 70
     1
102
RTVSPropertyOp39
 70
     1
102
RTVSPropertyOp40
 70
     1
102
RTVSPropertyOp41
 70
     1
102
RTVSPropertyOp42
 70
     1
102
RTVSPropertyOp43
 70
     1
102
RTVSPropertyOp44
 70
     1
102
RTVSPropertyOp45
 70
     1
102
RTVSPropertyOp46
 70
     1
102
RTVSPropertyOp47
 70
     1
102
RTVSPropertyOp48
 70
     1
102
RTVSPropertyOp49
 70
     1
102
RTVSPropertyOp50
 70
     1
102
RTVSPropertyOp51
 70
     0
102
RTVSPropertyOp52
 70
     0
102
RTVSPropertyOp53
 70
     1
102
RTVSPropertyOp54
 70
     1
102
RTVSPropertyOp55
 70
     1
102
RTVSPropertyOp56
 70
     1
102
RTVSPropertyOp57
 70
     1
102
RTVSPropertyOp58
 70
     1
102
RTVSPropertyOp59
 70
     1
102
RTVSPropertyOp60
 70
     1
102
RTVSPropertyOp61
 70
     1
102
RTVSPropertyOp62
 70
     1
  0
XRECORD
  5
3C1F
102
{ACAD_REACTORS
330
3C1E
102
}
330
3C1E
100
AcDbXrecord
280
     1
102
RTVSPost2010Prop28
280
     0
102
RTVSPost2010PropOp28
 70
     1
102
RTVSPost2010Prop29
280
     1
102
RTVSPost2010PropOp29
 70
     1
102
RTVSPost2010Prop30
280
     1
102
RTVSPost2010PropOp30
 70
     1
102
RTVSPost2010Prop31
280
     0
102
RTVSPost2010PropOp31
 70
     1
102
RTVSPost2010Prop32
280
     0
102
RTVSPost2010PropOp32
 70
     1
102
RTVSPost2010Prop33
280
     0
102
RTVSPost2010PropOp33
 70
     1
102
RTVSPost2010Prop34
280
     0
102
RTVSPost2010PropOp34
 70
     1
102
RTVSPost2010Prop35
280
     0
102
RTVSPost2010PropOp35
 70
     1
102
RTVSPost2010Prop36
280
     0
102
RTVSPost2010PropOp36
 70
     1
102
RTVSPost2010Prop37
 90
       50
102
RTVSPost2010PropOp37
 70
     1
102
RTVSPost2010Prop38
140
0.0
102
RTVSPost2010PropOp38
 70
     1
102
RTVSPost2010Prop39
140
1.0
102
RTVSPost2010PropOp39
 70
     1
102
RTVSPost2010Prop40
 90
        0
102
RTVSPost2010PropOp40
 70
     1
102
RTVSPost2010Prop41ColorIndex
 90
       18
102
RTVSPost2010Prop41ColorRGB
 90
        0
102
RTVSPost2010PropOp41
 70
     1
102
RTVSPost2010Prop42
 90
       50
102
RTVSPost2010PropOp42
 70
     1
102
RTVSPost2010Prop43
 90
        3
102
RTVSPost2010PropOp43
 70
     1
102
RTVSPost2010Prop44ColorIndex
 90
        5
102
RTVSPost2010Prop44ColorRGB
 90
      255
102
RTVSPost2010PropOp44
 70
     1
102
RTVSPost2010Prop45
280
     0
102
RTVSPost2010PropOp45
 70
     1
102
RTVSPost2010Prop46
 90
       50
102
RTVSPost2010PropOp46
 70
     1
102
RTVSPost2010Prop47
 90
       50
102
RTVSPost2010PropOp47
 70
     1
102
RTVSPost2010Prop48
 90
       50
102
RTVSPost2010PropOp48
 70
     1
102
RTVSPost2010Prop49
280
     0
102
RTVSPost2010PropOp49
 70
     1
102
RTVSPost2010Prop50
 90
       50
102
RTVSPost2010PropOp50
 70
     1
102
RTVSPost2010Prop51ColorIndex
 90
      256
102
RTVSPost2010Prop51ColorRGB
 90
-16777216
102
RTVSPost2010PropOp51
 70
     0
102
RTVSPost2010Prop52
140
1.0
102
RTVSPost2010PropOp52
 70
     0
102
RTVSPost2010Prop53
 90
        2
102
RTVSPost2010PropOp53
 70
     1
102
RTVSPost2010Prop54
  1
strokes_ogs.tif
102
RTVSPost2010PropOp54
 70
     1
102
RTVSPost2010Prop55
280
     0
102
RTVSPost2010PropOp55
 70
     1
102
RTVSPost2010Prop56
140
1.0
102
RTVSPost2010PropOp56
 70
     1
102
RTVSPost2010Prop57
140
1.0
102
RTVSPost2010PropOp57
 70
     1
102
RTVSPropertyOp0
 70
     1
102
RTVSPropertyOp1
 70
     1
102
RTVSPropertyOp2
 70
     1
102
RTVSPropertyOp3
 70
     1
102
RTVSPropertyOp4
 70
     1
102
RTVSPropertyOp5
 70
     1
102
RTVSPropertyOp6
 70
     1
102
RTVSPropertyOp7
 70
     1
102
RTVSPropertyOp8
 70
     1
102
RTVSPropertyOp9
 70
     1
102
RTVSPropertyOp10
 70
     1
102
RTVSPropertyOp11
 70
     1
102
RTVSPropertyOp12
 70
     1
102
RTVSPropertyOp13
 70
     1
102
RTVSPropertyOp14
 70
     1
102
RTVSPropertyOp15
 70
     1
102
RTVSPropertyOp16
 70
     1
102
RTVSPropertyOp17
 70
     1
102
RTVSPropertyOp18
 70
     1
102
RTVSPropertyOp19
 70
     1
102
RTVSPropertyOp20
 70
     1
102
RTVSPropertyOp21
 70
     1
102
RTVSPropertyOp22
 70
     1
102
RTVSPropertyOp23
 70
     1
102
RTVSPropertyOp24
 70
     1
102
RTVSPropertyOp25
 70
     1
102
RTVSPropertyOp26
 70
     1
102
RTVSPropertyOp27
 70
     1
102
RTVSPropertyOp28
 70
     1
102
RTVSPropertyOp29
 70
     1
102
RTVSPropertyOp30
 70
     1
102
RTVSPropertyOp31
 70
     1
102
RTVSPropertyOp32
 70
     1
102
RTVSPropertyOp33
 70
     1
102
RTVSPropertyOp34
 70
     1
102
RTVSPropertyOp35
 70
     1
102
RTVSPropertyOp36
 70
     1
102
RTVSPropertyOp37
 70
     1
102
RTVSPropertyOp38
 70
     1
102
RTVSPropertyOp39
 70
     1
102
RTVSPropertyOp40
 70
     1
102
RTVSPropertyOp41
 70
     1
102
RTVSPropertyOp42
 70
     1
102
RTVSPropertyOp43
 70
     1
102
RTVSPropertyOp44
 70
     1
102
RTVSPropertyOp45
 70
     1
102
RTVSPropertyOp46
 70
     1
102
RTVSPropertyOp47
 70
     1
102
RTVSPropertyOp48
 70
     1
102
RTVSPropertyOp49
 70
     1
102
RTVSPropertyOp50
 70
     1
102
RTVSPropertyOp51
 70
     0
102
RTVSPropertyOp52
 70
     0
102
RTVSPropertyOp53
 70
     1
102
RTVSPropertyOp54
 70
     1
102
RTVSPropertyOp55
 70
     1
102
RTVSPropertyOp56
 70
     1
102
RTVSPropertyOp57
 70
     1
102
RTVSPropertyOp58
 70
     1
102
RTVSPropertyOp59
 70
     1
102
RTVSPropertyOp60
 70
     1
102
RTVSPropertyOp61
 70
     1
102
RTVSPropertyOp62
 70
     1
  0
XRECORD
  5
3C39
102
{ACAD_REACTORS
330
3C38
102
}
330
3C38
100
AcDbXrecord
280
     1
102
RTVSPost2010Prop28
280
     0
102
RTVSPost2010PropOp28
 70
     1
102
RTVSPost2010Prop29
280
     1
102
RTVSPost2010PropOp29
 70
     1
102
RTVSPost2010Prop30
280
     1
102
RTVSPost2010PropOp30
 70
     1
102
RTVSPost2010Prop31
280
     0
102
RTVSPost2010PropOp31
 70
     1
102
RTVSPost2010Prop32
280
     0
102
RTVSPost2010PropOp32
 70
     1
102
RTVSPost2010Prop33
280
     0
102
RTVSPost2010PropOp33
 70
     1
102
RTVSPost2010Prop34
280
     0
102
RTVSPost2010PropOp34
 70
     1
102
RTVSPost2010Prop35
280
     0
102
RTVSPost2010PropOp35
 70
     1
102
RTVSPost2010Prop36
280
     0
102
RTVSPost2010PropOp36
 70
     1
102
RTVSPost2010Prop37
 90
       50
102
RTVSPost2010PropOp37
 70
     0
102
RTVSPost2010Prop38
140
0.0
102
RTVSPost2010PropOp38
 70
     0
102
RTVSPost2010Prop39
140
1.0
102
RTVSPost2010PropOp39
 70
     0
102
RTVSPost2010Prop40
 90
        0
102
RTVSPost2010PropOp40
 70
     0
102
RTVSPost2010Prop41ColorIndex
 90
       18
102
RTVSPost2010Prop41ColorRGB
 90
        0
102
RTVSPost2010PropOp41
 70
     0
102
RTVSPost2010Prop42
 90
       50
102
RTVSPost2010PropOp42
 70
     0
102
RTVSPost2010Prop43
 90
        3
102
RTVSPost2010PropOp43
 70
     0
102
RTVSPost2010Prop44ColorIndex
 90
        5
102
RTVSPost2010Prop44ColorRGB
 90
      255
102
RTVSPost2010PropOp44
 70
     0
102
RTVSPost2010Prop45
280
     0
102
RTVSPost2010PropOp45
 70
     1
102
RTVSPost2010Prop46
 90
       50
102
RTVSPost2010PropOp46
 70
     0
102
RTVSPost2010Prop47
 90
       50
102
RTVSPost2010PropOp47
 70
     0
102
RTVSPost2010Prop48
 90
       50
102
RTVSPost2010PropOp48
 70
     0
102
RTVSPost2010Prop49
280
     0
102
RTVSPost2010PropOp49
 70
     1
102
RTVSPost2010Prop50
 90
       50
102
RTVSPost2010PropOp50
 70
     0
102
RTVSPost2010Prop51ColorIndex
 90
      256
102
RTVSPost2010Prop51ColorRGB
 90
-16777216
102
RTVSPost2010PropOp51
 70
     0
102
RTVSPost2010Prop52
140
1.0
102
RTVSPost2010PropOp52
 70
     0
102
RTVSPost2010Prop53
 90
        2
102
RTVSPost2010PropOp53
 70
     0
102
RTVSPost2010Prop54
  1
strokes_ogs.tif
102
RTVSPost2010PropOp54
 70
     0
102
RTVSPost2010Prop55
280
     0
102
RTVSPost2010PropOp55
 70
     1
102
RTVSPost2010Prop56
140
1.0
102
RTVSPost2010PropOp56
 70
     0
102
RTVSPost2010Prop57
140
1.0
102
RTVSPost2010PropOp57
 70
     0
102
RTVSPropertyOp0
 70
     0
102
RTVSPropertyOp1
 70
     0
102
RTVSPropertyOp2
 70
     0
102
RTVSPropertyOp3
 70
     0
102
RTVSPropertyOp4
 70
     0
102
RTVSPropertyOp5
 70
     0
102
RTVSPropertyOp6
 70
     0
102
RTVSPropertyOp7
 70
     0
102
RTVSPropertyOp8
 70
     0
102
RTVSPropertyOp9
 70
     0
102
RTVSPropertyOp10
 70
     0
102
RTVSPropertyOp11
 70
     0
102
RTVSPropertyOp12
 70
     0
102
RTVSPropertyOp13
 70
     0
102
RTVSPropertyOp14
 70
     2
102
RTVSPropertyOp15
 70
     0
102
RTVSPropertyOp16
 70
     0
102
RTVSPropertyOp17
 70
     0
102
RTVSPropertyOp18
 70
     0
102
RTVSPropertyOp19
 70
     0
102
RTVSPropertyOp20
 70
     0
102
RTVSPropertyOp21
 70
     0
102
RTVSPropertyOp22
 70
     0
102
RTVSPropertyOp23
 70
     0
102
RTVSPropertyOp24
 70
     0
102
RTVSPropertyOp25
 70
     0
102
RTVSPropertyOp26
 70
     0
102
RTVSPropertyOp27
 70
     0
102
RTVSPropertyOp28
 70
     1
102
RTVSPropertyOp29
 70
     1
102
RTVSPropertyOp30
 70
     1
102
RTVSPropertyOp31
 70
     1
102
RTVSPropertyOp32
 70
     1
102
RTVSPropertyOp33
 70
     1
102
RTVSPropertyOp34
 70
     1
102
RTVSPropertyOp35
 70
     1
102
RTVSPropertyOp36
 70
     1
102
RTVSPropertyOp37
 70
     0
102
RTVSPropertyOp38
 70
     0
102
RTVSPropertyOp39
 70
     0
102
RTVSPropertyOp40
 70
     0
102
RTVSPropertyOp41
 70
     0
102
RTVSPropertyOp42
 70
     0
102
RTVSPropertyOp43
 70
     0
102
RTVSPropertyOp44
 70
     0
102
RTVSPropertyOp45
 70
     1
102
RTVSPropertyOp46
 70
     0
102
RTVSPropertyOp47
 70
     0
102
RTVSPropertyOp48
 70
     0
102
RTVSPropertyOp49
 70
     1
102
RTVSPropertyOp50
 70
     0
102
RTVSPropertyOp51
 70
     0
102
RTVSPropertyOp52
 70
     0
102
RTVSPropertyOp53
 70
     0
102
RTVSPropertyOp54
 70
     0
102
RTVSPropertyOp55
 70
     1
102
RTVSPropertyOp56
 70
     0
102
RTVSPropertyOp57
 70
     0
102
RTVSPropertyOp58
 70
     0
102
RTVSPropertyOp59
 70
     0
102
RTVSPropertyOp60
 70
     0
102
RTVSPropertyOp61
 70
     0
102
RTVSPropertyOp62
 70
     0
  0
XRECORD
  5
3C27
102
{ACAD_REACTORS
330
3C26
102
}
330
3C26
100
AcDbXrecord
280
     1
102
RTVSPost2010Prop28
280
     0
102
RTVSPost2010PropOp28
 70
     1
102
RTVSPost2010Prop29
280
     1
102
RTVSPost2010PropOp29
 70
     1
102
RTVSPost2010Prop30
280
     1
102
RTVSPost2010PropOp30
 70
     1
102
RTVSPost2010Prop31
280
     0
102
RTVSPost2010PropOp31
 70
     1
102
RTVSPost2010Prop32
280
     0
102
RTVSPost2010PropOp32
 70
     1
102
RTVSPost2010Prop33
280
     0
102
RTVSPost2010PropOp33
 70
     1
102
RTVSPost2010Prop34
280
     0
102
RTVSPost2010PropOp34
 70
     1
102
RTVSPost2010Prop35
280
     0
102
RTVSPost2010PropOp35
 70
     1
102
RTVSPost2010Prop36
280
     0
102
RTVSPost2010PropOp36
 70
     1
102
RTVSPost2010Prop37
 90
       50
102
RTVSPost2010PropOp37
 70
     1
102
RTVSPost2010Prop38
140
0.0
102
RTVSPost2010PropOp38
 70
     1
102
RTVSPost2010Prop39
140
1.0
102
RTVSPost2010PropOp39
 70
     1
102
RTVSPost2010Prop40
 90
        0
102
RTVSPost2010PropOp40
 70
     1
102
RTVSPost2010Prop41ColorIndex
 90
       18
102
RTVSPost2010Prop41ColorRGB
 90
        0
102
RTVSPost2010PropOp41
 70
     1
102
RTVSPost2010Prop42
 90
       50
102
RTVSPost2010PropOp42
 70
     1
102
RTVSPost2010Prop43
 90
        3
102
RTVSPost2010PropOp43
 70
     1
102
RTVSPost2010Prop44ColorIndex
 90
        5
102
RTVSPost2010Prop44ColorRGB
 90
      255
102
RTVSPost2010PropOp44
 70
     1
102
RTVSPost2010Prop45
280
     0
102
RTVSPost2010PropOp45
 70
     1
102
RTVSPost2010Prop46
 90
       50
102
RTVSPost2010PropOp46
 70
     1
102
RTVSPost2010Prop47
 90
       50
102
RTVSPost2010PropOp47
 70
     1
102
RTVSPost2010Prop48
 90
       50
102
RTVSPost2010PropOp48
 70
     1
102
RTVSPost2010Prop49
280
     0
102
RTVSPost2010PropOp49
 70
     1
102
RTVSPost2010Prop50
 90
       50
102
RTVSPost2010PropOp50
 70
     1
102
RTVSPost2010Prop51ColorIndex
 90
      256
102
RTVSPost2010Prop51ColorRGB
 90
-16777216
102
RTVSPost2010PropOp51
 70
     0
102
RTVSPost2010Prop52
140
1.0
102
RTVSPost2010PropOp52
 70
     0
102
RTVSPost2010Prop53
 90
        2
102
RTVSPost2010PropOp53
 70
     1
102
RTVSPost2010Prop54
  1
strokes_ogs.tif
102
RTVSPost2010PropOp54
 70
     1
102
RTVSPost2010Prop55
280
     0
102
RTVSPost2010PropOp55
 70
     1
102
RTVSPost2010Prop56
140
1.0
102
RTVSPost2010PropOp56
 70
     1
102
RTVSPost2010Prop57
140
1.0
102
RTVSPost2010PropOp57
 70
     1
102
RTVSPropertyOp0
 70
     1
102
RTVSPropertyOp1
 70
     1
102
RTVSPropertyOp2
 70
     1
102
RTVSPropertyOp3
 70
     1
102
RTVSPropertyOp4
 70
     1
102
RTVSPropertyOp5
 70
     1
102
RTVSPropertyOp6
 70
     1
102
RTVSPropertyOp7
 70
     1
102
RTVSPropertyOp8
 70
     1
102
RTVSPropertyOp9
 70
     1
102
RTVSPropertyOp10
 70
     1
102
RTVSPropertyOp11
 70
     1
102
RTVSPropertyOp12
 70
     1
102
RTVSPropertyOp13
 70
     1
102
RTVSPropertyOp14
 70
     1
102
RTVSPropertyOp15
 70
     1
102
RTVSPropertyOp16
 70
     1
102
RTVSPropertyOp17
 70
     1
102
RTVSPropertyOp18
 70
     1
102
RTVSPropertyOp19
 70
     1
102
RTVSPropertyOp20
 70
     1
102
RTVSPropertyOp21
 70
     1
102
RTVSPropertyOp22
 70
     1
102
RTVSPropertyOp23
 70
     1
102
RTVSPropertyOp24
 70
     1
102
RTVSPropertyOp25
 70
     1
102
RTVSPropertyOp26
 70
     1
102
RTVSPropertyOp27
 70
     1
102
RTVSPropertyOp28
 70
     1
102
RTVSPropertyOp29
 70
     1
102
RTVSPropertyOp30
 70
     1
102
RTVSPropertyOp31
 70
     1
102
RTVSPropertyOp32
 70
     1
102
RTVSPropertyOp33
 70
     1
102
RTVSPropertyOp34
 70
     1
102
RTVSPropertyOp35
 70
     1
102
RTVSPropertyOp36
 70
     1
102
RTVSPropertyOp37
 70
     1
102
RTVSPropertyOp38
 70
     1
102
RTVSPropertyOp39
 70
     1
102
RTVSPropertyOp40
 70
     1
102
RTVSPropertyOp41
 70
     1
102
RTVSPropertyOp42
 70
     1
102
RTVSPropertyOp43
 70
     1
102
RTVSPropertyOp44
 70
     1
102
RTVSPropertyOp45
 70
     1
102
RTVSPropertyOp46
 70
     1
102
RTVSPropertyOp47
 70
     1
102
RTVSPropertyOp48
 70
     1
102
RTVSPropertyOp49
 70
     1
102
RTVSPropertyOp50
 70
     1
102
RTVSPropertyOp51
 70
     0
102
RTVSPropertyOp52
 70
     0
102
RTVSPropertyOp53
 70
     1
102
RTVSPropertyOp54
 70
     1
102
RTVSPropertyOp55
 70
     1
102
RTVSPropertyOp56
 70
     1
102
RTVSPropertyOp57
 70
     1
102
RTVSPropertyOp58
 70
     1
102
RTVSPropertyOp59
 70
     1
102
RTVSPropertyOp60
 70
     1
102
RTVSPropertyOp61
 70
     1
102
RTVSPropertyOp62
 70
     1
  0
XRECORD
  5
3C0B
102
{ACAD_REACTORS
330
3C0A
102
}
330
3C0A
100
AcDbXrecord
280
     1
102
RTVSPost2010Prop28
280
     0
102
RTVSPost2010PropOp28
 70
     1
102
RTVSPost2010Prop29
280
     1
102
RTVSPost2010PropOp29
 70
     1
102
RTVSPost2010Prop30
280
     1
102
RTVSPost2010PropOp30
 70
     1
102
RTVSPost2010Prop31
280
     0
102
RTVSPost2010PropOp31
 70
     1
102
RTVSPost2010Prop32
280
     0
102
RTVSPost2010PropOp32
 70
     1
102
RTVSPost2010Prop33
280
     0
102
RTVSPost2010PropOp33
 70
     1
102
RTVSPost2010Prop34
280
     0
102
RTVSPost2010PropOp34
 70
     1
102
RTVSPost2010Prop35
280
     0
102
RTVSPost2010PropOp35
 70
     1
102
RTVSPost2010Prop36
280
     0
102
RTVSPost2010PropOp36
 70
     1
102
RTVSPost2010Prop37
 90
       50
102
RTVSPost2010PropOp37
 70
     1
102
RTVSPost2010Prop38
140
0.0
102
RTVSPost2010PropOp38
 70
     1
102
RTVSPost2010Prop39
140
1.0
102
RTVSPost2010PropOp39
 70
     1
102
RTVSPost2010Prop40
 90
        0
102
RTVSPost2010PropOp40
 70
     1
102
RTVSPost2010Prop41ColorIndex
 90
       18
102
RTVSPost2010Prop41ColorRGB
 90
        0
102
RTVSPost2010PropOp41
 70
     1
102
RTVSPost2010Prop42
 90
       50
102
RTVSPost2010PropOp42
 70
     1
102
RTVSPost2010Prop43
 90
        3
102
RTVSPost2010PropOp43
 70
     1
102
RTVSPost2010Prop44ColorIndex
 90
        5
102
RTVSPost2010Prop44ColorRGB
 90
      255
102
RTVSPost2010PropOp44
 70
     1
102
RTVSPost2010Prop45
280
     0
102
RTVSPost2010PropOp45
 70
     1
102
RTVSPost2010Prop46
 90
       50
102
RTVSPost2010PropOp46
 70
     1
102
RTVSPost2010Prop47
 90
       50
102
RTVSPost2010PropOp47
 70
     1
102
RTVSPost2010Prop48
 90
       50
102
RTVSPost2010PropOp48
 70
     1
102
RTVSPost2010Prop49
280
     0
102
RTVSPost2010PropOp49
 70
     1
102
RTVSPost2010Prop50
 90
       50
102
RTVSPost2010PropOp50
 70
     1
102
RTVSPost2010Prop51ColorIndex
 90
      256
102
RTVSPost2010Prop51ColorRGB
 90
-16777216
102
RTVSPost2010PropOp51
 70
     0
102
RTVSPost2010Prop52
140
1.0
102
RTVSPost2010PropOp52
 70
     0
102
RTVSPost2010Prop53
 90
        2
102
RTVSPost2010PropOp53
 70
     1
102
RTVSPost2010Prop54
  1
strokes_ogs.tif
102
RTVSPost2010PropOp54
 70
     1
102
RTVSPost2010Prop55
280
     0
102
RTVSPost2010PropOp55
 70
     1
102
RTVSPost2010Prop56
140
1.0
102
RTVSPost2010PropOp56
 70
     1
102
RTVSPost2010Prop57
140
1.0
102
RTVSPost2010PropOp57
 70
     1
102
RTVSPropertyOp0
 70
     1
102
RTVSPropertyOp1
 70
     1
102
RTVSPropertyOp2
 70
     1
102
RTVSPropertyOp3
 70
     1
102
RTVSPropertyOp4
 70
     1
102
RTVSPropertyOp5
 70
     1
102
RTVSPropertyOp6
 70
     1
102
RTVSPropertyOp7
 70
     1
102
RTVSPropertyOp8
 70
     1
102
RTVSPropertyOp9
 70
     1
102
RTVSPropertyOp10
 70
     1
102
RTVSPropertyOp11
 70
     1
102
RTVSPropertyOp12
 70
     1
102
RTVSPropertyOp13
 70
     1
102
RTVSPropertyOp14
 70
     1
102
RTVSPropertyOp15
 70
     1
102
RTVSPropertyOp16
 70
     1
102
RTVSPropertyOp17
 70
     1
102
RTVSPropertyOp18
 70
     1
102
RTVSPropertyOp19
 70
     1
102
RTVSPropertyOp20
 70
     1
102
RTVSPropertyOp21
 70
     1
102
RTVSPropertyOp22
 70
     1
102
RTVSPropertyOp23
 70
     1
102
RTVSPropertyOp24
 70
     1
102
RTVSPropertyOp25
 70
     1
102
RTVSPropertyOp26
 70
     1
102
RTVSPropertyOp27
 70
     1
102
RTVSPropertyOp28
 70
     1
102
RTVSPropertyOp29
 70
     1
102
RTVSPropertyOp30
 70
     1
102
RTVSPropertyOp31
 70
     1
102
RTVSPropertyOp32
 70
     1
102
RTVSPropertyOp33
 70
     1
102
RTVSPropertyOp34
 70
     1
102
RTVSPropertyOp35
 70
     1
102
RTVSPropertyOp36
 70
     1
102
RTVSPropertyOp37
 70
     1
102
RTVSPropertyOp38
 70
     1
102
RTVSPropertyOp39
 70
     1
102
RTVSPropertyOp40
 70
     1
102
RTVSPropertyOp41
 70
     1
102
RTVSPropertyOp42
 70
     1
102
RTVSPropertyOp43
 70
     1
102
RTVSPropertyOp44
 70
     1
102
RTVSPropertyOp45
 70
     1
102
RTVSPropertyOp46
 70
     1
102
RTVSPropertyOp47
 70
     1
102
RTVSPropertyOp48
 70
     1
102
RTVSPropertyOp49
 70
     1
102
RTVSPropertyOp50
 70
     1
102
RTVSPropertyOp51
 70
     0
102
RTVSPropertyOp52
 70
     0
102
RTVSPropertyOp53
 70
     1
102
RTVSPropertyOp54
 70
     1
102
RTVSPropertyOp55
 70
     1
102
RTVSPropertyOp56
 70
     1
102
RTVSPropertyOp57
 70
     1
102
RTVSPropertyOp58
 70
     1
102
RTVSPropertyOp59
 70
     1
102
RTVSPropertyOp60
 70
     1
102
RTVSPropertyOp61
 70
     1
102
RTVSPropertyOp62
 70
     1
  0
XRECORD
  5
3C0D
102
{ACAD_REACTORS
330
3C0C
102
}
330
3C0C
100
AcDbXrecord
280
     1
102
RTVSPost2010Prop28
280
     0
102
RTVSPost2010PropOp28
 70
     1
102
RTVSPost2010Prop29
280
     1
102
RTVSPost2010PropOp29
 70
     1
102
RTVSPost2010Prop30
280
     1
102
RTVSPost2010PropOp30
 70
     1
102
RTVSPost2010Prop31
280
     0
102
RTVSPost2010PropOp31
 70
     1
102
RTVSPost2010Prop32
280
     0
102
RTVSPost2010PropOp32
 70
     1
102
RTVSPost2010Prop33
280
     0
102
RTVSPost2010PropOp33
 70
     1
102
RTVSPost2010Prop34
280
     0
102
RTVSPost2010PropOp34
 70
     1
102
RTVSPost2010Prop35
280
     0
102
RTVSPost2010PropOp35
 70
     1
102
RTVSPost2010Prop36
280
     0
102
RTVSPost2010PropOp36
 70
     1
102
RTVSPost2010Prop37
 90
       50
102
RTVSPost2010PropOp37
 70
     1
102
RTVSPost2010Prop38
140
0.0
102
RTVSPost2010PropOp38
 70
     1
102
RTVSPost2010Prop39
140
1.0
102
RTVSPost2010PropOp39
 70
     1
102
RTVSPost2010Prop40
 90
        0
102
RTVSPost2010PropOp40
 70
     1
102
RTVSPost2010Prop41ColorIndex
 90
       18
102
RTVSPost2010Prop41ColorRGB
 90
        0
102
RTVSPost2010PropOp41
 70
     1
102
RTVSPost2010Prop42
 90
       50
102
RTVSPost2010PropOp42
 70
     1
102
RTVSPost2010Prop43
 90
        3
102
RTVSPost2010PropOp43
 70
     1
102
RTVSPost2010Prop44ColorIndex
 90
        5
102
RTVSPost2010Prop44ColorRGB
 90
      255
102
RTVSPost2010PropOp44
 70
     1
102
RTVSPost2010Prop45
280
     0
102
RTVSPost2010PropOp45
 70
     1
102
RTVSPost2010Prop46
 90
       50
102
RTVSPost2010PropOp46
 70
     1
102
RTVSPost2010Prop47
 90
       50
102
RTVSPost2010PropOp47
 70
     1
102
RTVSPost2010Prop48
 90
       50
102
RTVSPost2010PropOp48
 70
     1
102
RTVSPost2010Prop49
280
     0
102
RTVSPost2010PropOp49
 70
     1
102
RTVSPost2010Prop50
 90
       50
102
RTVSPost2010PropOp50
 70
     1
102
RTVSPost2010Prop51ColorIndex
 90
      256
102
RTVSPost2010Prop51ColorRGB
 90
-16777216
102
RTVSPost2010PropOp51
 70
     0
102
RTVSPost2010Prop52
140
1.0
102
RTVSPost2010PropOp52
 70
     0
102
RTVSPost2010Prop53
 90
        2
102
RTVSPost2010PropOp53
 70
     1
102
RTVSPost2010Prop54
  1
strokes_ogs.tif
102
RTVSPost2010PropOp54
 70
     1
102
RTVSPost2010Prop55
280
     0
102
RTVSPost2010PropOp55
 70
     1
102
RTVSPost2010Prop56
140
1.0
102
RTVSPost2010PropOp56
 70
     1
102
RTVSPost2010Prop57
140
1.0
102
RTVSPost2010PropOp57
 70
     1
102
RTVSPropertyOp0
 70
     1
102
RTVSPropertyOp1
 70
     1
102
RTVSPropertyOp2
 70
     1
102
RTVSPropertyOp3
 70
     1
102
RTVSPropertyOp4
 70
     1
102
RTVSPropertyOp5
 70
     1
102
RTVSPropertyOp6
 70
     1
102
RTVSPropertyOp7
 70
     1
102
RTVSPropertyOp8
 70
     1
102
RTVSPropertyOp9
 70
     1
102
RTVSPropertyOp10
 70
     1
102
RTVSPropertyOp11
 70
     1
102
RTVSPropertyOp12
 70
     1
102
RTVSPropertyOp13
 70
     1
102
RTVSPropertyOp14
 70
     1
102
RTVSPropertyOp15
 70
     1
102
RTVSPropertyOp16
 70
     1
102
RTVSPropertyOp17
 70
     1
102
RTVSPropertyOp18
 70
     1
102
RTVSPropertyOp19
 70
     1
102
RTVSPropertyOp20
 70
     1
102
RTVSPropertyOp21
 70
     1
102
RTVSPropertyOp22
 70
     1
102
RTVSPropertyOp23
 70
     1
102
RTVSPropertyOp24
 70
     1
102
RTVSPropertyOp25
 70
     1
102
RTVSPropertyOp26
 70
     1
102
RTVSPropertyOp27
 70
     1
102
RTVSPropertyOp28
 70
     1
102
RTVSPropertyOp29
 70
     1
102
RTVSPropertyOp30
 70
     1
102
RTVSPropertyOp31
 70
     1
102
RTVSPropertyOp32
 70
     1
102
RTVSPropertyOp33
 70
     1
102
RTVSPropertyOp34
 70
     1
102
RTVSPropertyOp35
 70
     1
102
RTVSPropertyOp36
 70
     1
102
RTVSPropertyOp37
 70
     1
102
RTVSPropertyOp38
 70
     1
102
RTVSPropertyOp39
 70
     1
102
RTVSPropertyOp40
 70
     1
102
RTVSPropertyOp41
 70
     1
102
RTVSPropertyOp42
 70
     1
102
RTVSPropertyOp43
 70
     1
102
RTVSPropertyOp44
 70
     1
102
RTVSPropertyOp45
 70
     1
102
RTVSPropertyOp46
 70
     1
102
RTVSPropertyOp47
 70
     1
102
RTVSPropertyOp48
 70
     1
102
RTVSPropertyOp49
 70
     1
102
RTVSPropertyOp50
 70
     1
102
RTVSPropertyOp51
 70
     0
102
RTVSPropertyOp52
 70
     0
102
RTVSPropertyOp53
 70
     1
102
RTVSPropertyOp54
 70
     1
102
RTVSPropertyOp55
 70
     1
102
RTVSPropertyOp56
 70
     1
102
RTVSPropertyOp57
 70
     1
102
RTVSPropertyOp58
 70
     1
102
RTVSPropertyOp59
 70
     1
102
RTVSPropertyOp60
 70
     1
102
RTVSPropertyOp61
 70
     1
102
RTVSPropertyOp62
 70
     1
  0
XRECORD
  5
3C0F
102
{ACAD_REACTORS
330
3C0E
102
}
330
3C0E
100
AcDbXrecord
280
     1
102
RTVSPost2010Prop28
280
     0
102
RTVSPost2010PropOp28
 70
     1
102
RTVSPost2010Prop29
280
     1
102
RTVSPost2010PropOp29
 70
     1
102
RTVSPost2010Prop30
280
     1
102
RTVSPost2010PropOp30
 70
     1
102
RTVSPost2010Prop31
280
     0
102
RTVSPost2010PropOp31
 70
     1
102
RTVSPost2010Prop32
280
     0
102
RTVSPost2010PropOp32
 70
     1
102
RTVSPost2010Prop33
280
     0
102
RTVSPost2010PropOp33
 70
     1
102
RTVSPost2010Prop34
280
     0
102
RTVSPost2010PropOp34
 70
     1
102
RTVSPost2010Prop35
280
     0
102
RTVSPost2010PropOp35
 70
     1
102
RTVSPost2010Prop36
280
     0
102
RTVSPost2010PropOp36
 70
     1
102
RTVSPost2010Prop37
 90
       50
102
RTVSPost2010PropOp37
 70
     1
102
RTVSPost2010Prop38
140
0.0
102
RTVSPost2010PropOp38
 70
     1
102
RTVSPost2010Prop39
140
1.0
102
RTVSPost2010PropOp39
 70
     1
102
RTVSPost2010Prop40
 90
        0
102
RTVSPost2010PropOp40
 70
     1
102
RTVSPost2010Prop41ColorIndex
 90
       18
102
RTVSPost2010Prop41ColorRGB
 90
        0
102
RTVSPost2010PropOp41
 70
     1
102
RTVSPost2010Prop42
 90
       50
102
RTVSPost2010PropOp42
 70
     1
102
RTVSPost2010Prop43
 90
        3
102
RTVSPost2010PropOp43
 70
     1
102
RTVSPost2010Prop44ColorIndex
 90
        5
102
RTVSPost2010Prop44ColorRGB
 90
      255
102
RTVSPost2010PropOp44
 70
     1
102
RTVSPost2010Prop45
280
     0
102
RTVSPost2010PropOp45
 70
     1
102
RTVSPost2010Prop46
 90
       50
102
RTVSPost2010PropOp46
 70
     1
102
RTVSPost2010Prop47
 90
       50
102
RTVSPost2010PropOp47
 70
     1
102
RTVSPost2010Prop48
 90
       50
102
RTVSPost2010PropOp48
 70
     1
102
RTVSPost2010Prop49
280
     0
102
RTVSPost2010PropOp49
 70
     1
102
RTVSPost2010Prop50
 90
       50
102
RTVSPost2010PropOp50
 70
     1
102
RTVSPost2010Prop51ColorIndex
 90
      256
102
RTVSPost2010Prop51ColorRGB
 90
-16777216
102
RTVSPost2010PropOp51
 70
     0
102
RTVSPost2010Prop52
140
1.0
102
RTVSPost2010PropOp52
 70
     0
102
RTVSPost2010Prop53
 90
        2
102
RTVSPost2010PropOp53
 70
     1
102
RTVSPost2010Prop54
  1
strokes_ogs.tif
102
RTVSPost2010PropOp54
 70
     1
102
RTVSPost2010Prop55
280
     0
102
RTVSPost2010PropOp55
 70
     1
102
RTVSPost2010Prop56
140
1.0
102
RTVSPost2010PropOp56
 70
     1
102
RTVSPost2010Prop57
140
1.0
102
RTVSPost2010PropOp57
 70
     1
102
RTVSPropertyOp0
 70
     1
102
RTVSPropertyOp1
 70
     1
102
RTVSPropertyOp2
 70
     1
102
RTVSPropertyOp3
 70
     1
102
RTVSPropertyOp4
 70
     1
102
RTVSPropertyOp5
 70
     1
102
RTVSPropertyOp6
 70
     1
102
RTVSPropertyOp7
 70
     1
102
RTVSPropertyOp8
 70
     1
102
RTVSPropertyOp9
 70
     1
102
RTVSPropertyOp10
 70
     1
102
RTVSPropertyOp11
 70
     1
102
RTVSPropertyOp12
 70
     1
102
RTVSPropertyOp13
 70
     1
102
RTVSPropertyOp14
 70
     1
102
RTVSPropertyOp15
 70
     1
102
RTVSPropertyOp16
 70
     1
102
RTVSPropertyOp17
 70
     1
102
RTVSPropertyOp18
 70
     1
102
RTVSPropertyOp19
 70
     1
102
RTVSPropertyOp20
 70
     1
102
RTVSPropertyOp21
 70
     1
102
RTVSPropertyOp22
 70
     1
102
RTVSPropertyOp23
 70
     1
102
RTVSPropertyOp24
 70
     1
102
RTVSPropertyOp25
 70
     1
102
RTVSPropertyOp26
 70
     1
102
RTVSPropertyOp27
 70
     1
102
RTVSPropertyOp28
 70
     1
102
RTVSPropertyOp29
 70
     1
102
RTVSPropertyOp30
 70
     1
102
RTVSPropertyOp31
 70
     1
102
RTVSPropertyOp32
 70
     1
102
RTVSPropertyOp33
 70
     1
102
RTVSPropertyOp34
 70
     1
102
RTVSPropertyOp35
 70
     1
102
RTVSPropertyOp36
 70
     1
102
RTVSPropertyOp37
 70
     1
102
RTVSPropertyOp38
 70
     1
102
RTVSPropertyOp39
 70
     1
102
RTVSPropertyOp40
 70
     1
102
RTVSPropertyOp41
 70
     1
102
RTVSPropertyOp42
 70
     1
102
RTVSPropertyOp43
 70
     1
102
RTVSPropertyOp44
 70
     1
102
RTVSPropertyOp45
 70
     1
102
RTVSPropertyOp46
 70
     1
102
RTVSPropertyOp47
 70
     1
102
RTVSPropertyOp48
 70
     1
102
RTVSPropertyOp49
 70
     1
102
RTVSPropertyOp50
 70
     1
102
RTVSPropertyOp51
 70
     0
102
RTVSPropertyOp52
 70
     0
102
RTVSPropertyOp53
 70
     1
102
RTVSPropertyOp54
 70
     1
102
RTVSPropertyOp55
 70
     1
102
RTVSPropertyOp56
 70
     1
102
RTVSPropertyOp57
 70
     1
102
RTVSPropertyOp58
 70
     1
102
RTVSPropertyOp59
 70
     1
102
RTVSPropertyOp60
 70
     1
102
RTVSPropertyOp61
 70
     1
102
RTVSPropertyOp62
 70
     1
  0
XRECORD
  5
3C11
102
{ACAD_REACTORS
330
3C10
102
}
330
3C10
100
AcDbXrecord
280
     1
102
RTVSPost2010Prop28
280
     0
102
RTVSPost2010PropOp28
 70
     1
102
RTVSPost2010Prop29
280
     1
102
RTVSPost2010PropOp29
 70
     1
102
RTVSPost2010Prop30
280
     1
102
RTVSPost2010PropOp30
 70
     1
102
RTVSPost2010Prop31
280
     0
102
RTVSPost2010PropOp31
 70
     1
102
RTVSPost2010Prop32
280
     0
102
RTVSPost2010PropOp32
 70
     1
102
RTVSPost2010Prop33
280
     0
102
RTVSPost2010PropOp33
 70
     1
102
RTVSPost2010Prop34
280
     0
102
RTVSPost2010PropOp34
 70
     1
102
RTVSPost2010Prop35
280
     0
102
RTVSPost2010PropOp35
 70
     1
102
RTVSPost2010Prop36
280
     0
102
RTVSPost2010PropOp36
 70
     1
102
RTVSPost2010Prop37
 90
       50
102
RTVSPost2010PropOp37
 70
     1
102
RTVSPost2010Prop38
140
0.0
102
RTVSPost2010PropOp38
 70
     1
102
RTVSPost2010Prop39
140
1.0
102
RTVSPost2010PropOp39
 70
     1
102
RTVSPost2010Prop40
 90
        0
102
RTVSPost2010PropOp40
 70
     1
102
RTVSPost2010Prop41ColorIndex
 90
       18
102
RTVSPost2010Prop41ColorRGB
 90
        0
102
RTVSPost2010PropOp41
 70
     1
102
RTVSPost2010Prop42
 90
       50
102
RTVSPost2010PropOp42
 70
     1
102
RTVSPost2010Prop43
 90
        3
102
RTVSPost2010PropOp43
 70
     1
102
RTVSPost2010Prop44ColorIndex
 90
        5
102
RTVSPost2010Prop44ColorRGB
 90
      255
102
RTVSPost2010PropOp44
 70
     1
102
RTVSPost2010Prop45
280
     0
102
RTVSPost2010PropOp45
 70
     1
102
RTVSPost2010Prop46
 90
       50
102
RTVSPost2010PropOp46
 70
     1
102
RTVSPost2010Prop47
 90
       50
102
RTVSPost2010PropOp47
 70
     1
102
RTVSPost2010Prop48
 90
       50
102
RTVSPost2010PropOp48
 70
     1
102
RTVSPost2010Prop49
280
     0
102
RTVSPost2010PropOp49
 70
     1
102
RTVSPost2010Prop50
 90
       50
102
RTVSPost2010PropOp50
 70
     1
102
RTVSPost2010Prop51ColorIndex
 90
      256
102
RTVSPost2010Prop51ColorRGB
 90
-16777216
102
RTVSPost2010PropOp51
 70
     0
102
RTVSPost2010Prop52
140
1.0
102
RTVSPost2010PropOp52
 70
     0
102
RTVSPost2010Prop53
 90
        2
102
RTVSPost2010PropOp53
 70
     1
102
RTVSPost2010Prop54
  1
strokes_ogs.tif
102
RTVSPost2010PropOp54
 70
     1
102
RTVSPost2010Prop55
280
     0
102
RTVSPost2010PropOp55
 70
     1
102
RTVSPost2010Prop56
140
1.0
102
RTVSPost2010PropOp56
 70
     1
102
RTVSPost2010Prop57
140
1.0
102
RTVSPost2010PropOp57
 70
     1
102
RTVSPropertyOp0
 70
     1
102
RTVSPropertyOp1
 70
     1
102
RTVSPropertyOp2
 70
     1
102
RTVSPropertyOp3
 70
     1
102
RTVSPropertyOp4
 70
     1
102
RTVSPropertyOp5
 70
     1
102
RTVSPropertyOp6
 70
     1
102
RTVSPropertyOp7
 70
     1
102
RTVSPropertyOp8
 70
     1
102
RTVSPropertyOp9
 70
     1
102
RTVSPropertyOp10
 70
     1
102
RTVSPropertyOp11
 70
     1
102
RTVSPropertyOp12
 70
     1
102
RTVSPropertyOp13
 70
     1
102
RTVSPropertyOp14
 70
     1
102
RTVSPropertyOp15
 70
     1
102
RTVSPropertyOp16
 70
     1
102
RTVSPropertyOp17
 70
     1
102
RTVSPropertyOp18
 70
     1
102
RTVSPropertyOp19
 70
     1
102
RTVSPropertyOp20
 70
     1
102
RTVSPropertyOp21
 70
     1
102
RTVSPropertyOp22
 70
     1
102
RTVSPropertyOp23
 70
     1
102
RTVSPropertyOp24
 70
     1
102
RTVSPropertyOp25
 70
     1
102
RTVSPropertyOp26
 70
     1
102
RTVSPropertyOp27
 70
     1
102
RTVSPropertyOp28
 70
     1
102
RTVSPropertyOp29
 70
     1
102
RTVSPropertyOp30
 70
     1
102
RTVSPropertyOp31
 70
     1
102
RTVSPropertyOp32
 70
     1
102
RTVSPropertyOp33
 70
     1
102
RTVSPropertyOp34
 70
     1
102
RTVSPropertyOp35
 70
     1
102
RTVSPropertyOp36
 70
     1
102
RTVSPropertyOp37
 70
     1
102
RTVSPropertyOp38
 70
     1
102
RTVSPropertyOp39
 70
     1
102
RTVSPropertyOp40
 70
     1
102
RTVSPropertyOp41
 70
     1
102
RTVSPropertyOp42
 70
     1
102
RTVSPropertyOp43
 70
     1
102
RTVSPropertyOp44
 70
     1
102
RTVSPropertyOp45
 70
     1
102
RTVSPropertyOp46
 70
     1
102
RTVSPropertyOp47
 70
     1
102
RTVSPropertyOp48
 70
     1
102
RTVSPropertyOp49
 70
     1
102
RTVSPropertyOp50
 70
     1
102
RTVSPropertyOp51
 70
     0
102
RTVSPropertyOp52
 70
     0
102
RTVSPropertyOp53
 70
     1
102
RTVSPropertyOp54
 70
     1
102
RTVSPropertyOp55
 70
     1
102
RTVSPropertyOp56
 70
     1
102
RTVSPropertyOp57
 70
     1
102
RTVSPropertyOp58
 70
     1
102
RTVSPropertyOp59
 70
     1
102
RTVSPropertyOp60
 70
     1
102
RTVSPropertyOp61
 70
     1
102
RTVSPropertyOp62
 70
     1
  0
XRECORD
  5
3C19
102
{ACAD_REACTORS
330
3C18
102
}
330
3C18
100
AcDbXrecord
280
     1
102
RTVSPost2010Prop28
280
     0
102
RTVSPost2010PropOp28
 70
     1
102
RTVSPost2010Prop29
280
     1
102
RTVSPost2010PropOp29
 70
     1
102
RTVSPost2010Prop30
280
     1
102
RTVSPost2010PropOp30
 70
     1
102
RTVSPost2010Prop31
280
     0
102
RTVSPost2010PropOp31
 70
     1
102
RTVSPost2010Prop32
280
     0
102
RTVSPost2010PropOp32
 70
     1
102
RTVSPost2010Prop33
280
     0
102
RTVSPost2010PropOp33
 70
     1
102
RTVSPost2010Prop34
280
     0
102
RTVSPost2010PropOp34
 70
     1
102
RTVSPost2010Prop35
280
     0
102
RTVSPost2010PropOp35
 70
     1
102
RTVSPost2010Prop36
280
     0
102
RTVSPost2010PropOp36
 70
     1
102
RTVSPost2010Prop37
 90
       50
102
RTVSPost2010PropOp37
 70
     1
102
RTVSPost2010Prop38
140
0.0
102
RTVSPost2010PropOp38
 70
     1
102
RTVSPost2010Prop39
140
1.0
102
RTVSPost2010PropOp39
 70
     1
102
RTVSPost2010Prop40
 90
        0
102
RTVSPost2010PropOp40
 70
     1
102
RTVSPost2010Prop41ColorIndex
 90
       18
102
RTVSPost2010Prop41ColorRGB
 90
        0
102
RTVSPost2010PropOp41
 70
     1
102
RTVSPost2010Prop42
 90
       50
102
RTVSPost2010PropOp42
 70
     1
102
RTVSPost2010Prop43
 90
        3
102
RTVSPost2010PropOp43
 70
     1
102
RTVSPost2010Prop44ColorIndex
 90
        5
102
RTVSPost2010Prop44ColorRGB
 90
      255
102
RTVSPost2010PropOp44
 70
     1
102
RTVSPost2010Prop45
280
     0
102
RTVSPost2010PropOp45
 70
     1
102
RTVSPost2010Prop46
 90
       50
102
RTVSPost2010PropOp46
 70
     1
102
RTVSPost2010Prop47
 90
       50
102
RTVSPost2010PropOp47
 70
     1
102
RTVSPost2010Prop48
 90
       50
102
RTVSPost2010PropOp48
 70
     1
102
RTVSPost2010Prop49
280
     0
102
RTVSPost2010PropOp49
 70
     1
102
RTVSPost2010Prop50
 90
       50
102
RTVSPost2010PropOp50
 70
     1
102
RTVSPost2010Prop51ColorIndex
 90
      256
102
RTVSPost2010Prop51ColorRGB
 90
-16777216
102
RTVSPost2010PropOp51
 70
     0
102
RTVSPost2010Prop52
140
1.0
102
RTVSPost2010PropOp52
 70
     0
102
RTVSPost2010Prop53
 90
        2
102
RTVSPost2010PropOp53
 70
     1
102
RTVSPost2010Prop54
  1
strokes_ogs.tif
102
RTVSPost2010PropOp54
 70
     1
102
RTVSPost2010Prop55
280
     0
102
RTVSPost2010PropOp55
 70
     1
102
RTVSPost2010Prop56
140
1.0
102
RTVSPost2010PropOp56
 70
     1
102
RTVSPost2010Prop57
140
1.0
102
RTVSPost2010PropOp57
 70
     1
102
RTVSPropertyOp0
 70
     1
102
RTVSPropertyOp1
 70
     1
102
RTVSPropertyOp2
 70
     1
102
RTVSPropertyOp3
 70
     1
102
RTVSPropertyOp4
 70
     1
102
RTVSPropertyOp5
 70
     1
102
RTVSPropertyOp6
 70
     1
102
RTVSPropertyOp7
 70
     1
102
RTVSPropertyOp8
 70
     1
102
RTVSPropertyOp9
 70
     1
102
RTVSPropertyOp10
 70
     1
102
RTVSPropertyOp11
 70
     1
102
RTVSPropertyOp12
 70
     1
102
RTVSPropertyOp13
 70
     1
102
RTVSPropertyOp14
 70
     1
102
RTVSPropertyOp15
 70
     1
102
RTVSPropertyOp16
 70
     1
102
RTVSPropertyOp17
 70
     1
102
RTVSPropertyOp18
 70
     1
102
RTVSPropertyOp19
 70
     1
102
RTVSPropertyOp20
 70
     1
102
RTVSPropertyOp21
 70
     1
102
RTVSPropertyOp22
 70
     1
102
RTVSPropertyOp23
 70
     1
102
RTVSPropertyOp24
 70
     1
102
RTVSPropertyOp25
 70
     1
102
RTVSPropertyOp26
 70
     1
102
RTVSPropertyOp27
 70
     1
102
RTVSPropertyOp28
 70
     1
102
RTVSPropertyOp29
 70
     1
102
RTVSPropertyOp30
 70
     1
102
RTVSPropertyOp31
 70
     1
102
RTVSPropertyOp32
 70
     1
102
RTVSPropertyOp33
 70
     1
102
RTVSPropertyOp34
 70
     1
102
RTVSPropertyOp35
 70
     1
102
RTVSPropertyOp36
 70
     1
102
RTVSPropertyOp37
 70
     1
102
RTVSPropertyOp38
 70
     1
102
RTVSPropertyOp39
 70
     1
102
RTVSPropertyOp40
 70
     1
102
RTVSPropertyOp41
 70
     1
102
RTVSPropertyOp42
 70
     1
102
RTVSPropertyOp43
 70
     1
102
RTVSPropertyOp44
 70
     1
102
RTVSPropertyOp45
 70
     1
102
RTVSPropertyOp46
 70
     1
102
RTVSPropertyOp47
 70
     1
102
RTVSPropertyOp48
 70
     1
102
RTVSPropertyOp49
 70
     1
102
RTVSPropertyOp50
 70
     1
102
RTVSPropertyOp51
 70
     0
102
RTVSPropertyOp52
 70
     0
102
RTVSPropertyOp53
 70
     1
102
RTVSPropertyOp54
 70
     1
102
RTVSPropertyOp55
 70
     1
102
RTVSPropertyOp56
 70
     1
102
RTVSPropertyOp57
 70
     1
102
RTVSPropertyOp58
 70
     1
102
RTVSPropertyOp59
 70
     1
102
RTVSPropertyOp60
 70
     1
102
RTVSPropertyOp61
 70
     1
102
RTVSPropertyOp62
 70
     1
  0
XRECORD
  5
3C35
102
{ACAD_REACTORS
330
3C34
102
}
330
3C34
100
AcDbXrecord
280
     1
102
RTVSPost2010Prop28
280
     0
102
RTVSPost2010PropOp28
 70
     1
102
RTVSPost2010Prop29
280
     1
102
RTVSPost2010PropOp29
 70
     1
102
RTVSPost2010Prop30
280
     1
102
RTVSPost2010PropOp30
 70
     1
102
RTVSPost2010Prop31
280
     0
102
RTVSPost2010PropOp31
 70
     1
102
RTVSPost2010Prop32
280
     0
102
RTVSPost2010PropOp32
 70
     1
102
RTVSPost2010Prop33
280
     0
102
RTVSPost2010PropOp33
 70
     1
102
RTVSPost2010Prop34
280
     0
102
RTVSPost2010PropOp34
 70
     1
102
RTVSPost2010Prop35
280
     0
102
RTVSPost2010PropOp35
 70
     1
102
RTVSPost2010Prop36
280
     0
102
RTVSPost2010PropOp36
 70
     1
102
RTVSPost2010Prop37
 90
       50
102
RTVSPost2010PropOp37
 70
     0
102
RTVSPost2010Prop38
140
0.0
102
RTVSPost2010PropOp38
 70
     0
102
RTVSPost2010Prop39
140
1.0
102
RTVSPost2010PropOp39
 70
     0
102
RTVSPost2010Prop40
 90
        0
102
RTVSPost2010PropOp40
 70
     0
102
RTVSPost2010Prop41ColorIndex
 90
       18
102
RTVSPost2010Prop41ColorRGB
 90
        0
102
RTVSPost2010PropOp41
 70
     0
102
RTVSPost2010Prop42
 90
       50
102
RTVSPost2010PropOp42
 70
     0
102
RTVSPost2010Prop43
 90
        3
102
RTVSPost2010PropOp43
 70
     0
102
RTVSPost2010Prop44ColorIndex
 90
        5
102
RTVSPost2010Prop44ColorRGB
 90
      255
102
RTVSPost2010PropOp44
 70
     0
102
RTVSPost2010Prop45
280
     0
102
RTVSPost2010PropOp45
 70
     1
102
RTVSPost2010Prop46
 90
       50
102
RTVSPost2010PropOp46
 70
     0
102
RTVSPost2010Prop47
 90
       50
102
RTVSPost2010PropOp47
 70
     0
102
RTVSPost2010Prop48
 90
       50
102
RTVSPost2010PropOp48
 70
     0
102
RTVSPost2010Prop49
280
     0
102
RTVSPost2010PropOp49
 70
     1
102
RTVSPost2010Prop50
 90
       50
102
RTVSPost2010PropOp50
 70
     0
102
RTVSPost2010Prop51ColorIndex
 90
      256
102
RTVSPost2010Prop51ColorRGB
 90
-16777216
102
RTVSPost2010PropOp51
 70
     0
102
RTVSPost2010Prop52
140
1.0
102
RTVSPost2010PropOp52
 70
     0
102
RTVSPost2010Prop53
 90
        2
102
RTVSPost2010PropOp53
 70
     0
102
RTVSPost2010Prop54
  1
strokes_ogs.tif
102
RTVSPost2010PropOp54
 70
     0
102
RTVSPost2010Prop55
280
     0
102
RTVSPost2010PropOp55
 70
     1
102
RTVSPost2010Prop56
140
1.0
102
RTVSPost2010PropOp56
 70
     0
102
RTVSPost2010Prop57
140
1.0
102
RTVSPost2010PropOp57
 70
     0
102
RTVSPropertyOp0
 70
     0
102
RTVSPropertyOp1
 70
     0
102
RTVSPropertyOp2
 70
     0
102
RTVSPropertyOp3
 70
     0
102
RTVSPropertyOp4
 70
     0
102
RTVSPropertyOp5
 70
     0
102
RTVSPropertyOp6
 70
     0
102
RTVSPropertyOp7
 70
     0
102
RTVSPropertyOp8
 70
     0
102
RTVSPropertyOp9
 70
     0
102
RTVSPropertyOp10
 70
     0
102
RTVSPropertyOp11
 70
     0
102
RTVSPropertyOp12
 70
     0
102
RTVSPropertyOp13
 70
     0
102
RTVSPropertyOp14
 70
     2
102
RTVSPropertyOp15
 70
     0
102
RTVSPropertyOp16
 70
     0
102
RTVSPropertyOp17
 70
     0
102
RTVSPropertyOp18
 70
     0
102
RTVSPropertyOp19
 70
     0
102
RTVSPropertyOp20
 70
     0
102
RTVSPropertyOp21
 70
     0
102
RTVSPropertyOp22
 70
     0
102
RTVSPropertyOp23
 70
     0
102
RTVSPropertyOp24
 70
     0
102
RTVSPropertyOp25
 70
     0
102
RTVSPropertyOp26
 70
     0
102
RTVSPropertyOp27
 70
     0
102
RTVSPropertyOp28
 70
     1
102
RTVSPropertyOp29
 70
     1
102
RTVSPropertyOp30
 70
     1
102
RTVSPropertyOp31
 70
     1
102
RTVSPropertyOp32
 70
     1
102
RTVSPropertyOp33
 70
     1
102
RTVSPropertyOp34
 70
     1
102
RTVSPropertyOp35
 70
     1
102
RTVSPropertyOp36
 70
     1
102
RTVSPropertyOp37
 70
     0
102
RTVSPropertyOp38
 70
     0
102
RTVSPropertyOp39
 70
     0
102
RTVSPropertyOp40
 70
     0
102
RTVSPropertyOp41
 70
     0
102
RTVSPropertyOp42
 70
     0
102
RTVSPropertyOp43
 70
     0
102
RTVSPropertyOp44
 70
     0
102
RTVSPropertyOp45
 70
     1
102
RTVSPropertyOp46
 70
     0
102
RTVSPropertyOp47
 70
     0
102
RTVSPropertyOp48
 70
     0
102
RTVSPropertyOp49
 70
     1
102
RTVSPropertyOp50
 70
     0
102
RTVSPropertyOp51
 70
     0
102
RTVSPropertyOp52
 70
     0
102
RTVSPropertyOp53
 70
     0
102
RTVSPropertyOp54
 70
     0
102
RTVSPropertyOp55
 70
     1
102
RTVSPropertyOp56
 70
     0
102
RTVSPropertyOp57
 70
     0
102
RTVSPropertyOp58
 70
     0
102
RTVSPropertyOp59
 70
     0
102
RTVSPropertyOp60
 70
     0
102
RTVSPropertyOp61
 70
     0
102
RTVSPropertyOp62
 70
     0
  0
XRECORD
  5
3C25
102
{ACAD_REACTORS
330
3C24
102
}
330
3C24
100
AcDbXrecord
280
     1
102
RTVSPost2010Prop28
280
     0
102
RTVSPost2010PropOp28
 70
     1
102
RTVSPost2010Prop29
280
     1
102
RTVSPost2010PropOp29
 70
     1
102
RTVSPost2010Prop30
280
     1
102
RTVSPost2010PropOp30
 70
     1
102
RTVSPost2010Prop31
280
     0
102
RTVSPost2010PropOp31
 70
     1
102
RTVSPost2010Prop32
280
     0
102
RTVSPost2010PropOp32
 70
     1
102
RTVSPost2010Prop33
280
     0
102
RTVSPost2010PropOp33
 70
     1
102
RTVSPost2010Prop34
280
     0
102
RTVSPost2010PropOp34
 70
     1
102
RTVSPost2010Prop35
280
     0
102
RTVSPost2010PropOp35
 70
     1
102
RTVSPost2010Prop36
280
     0
102
RTVSPost2010PropOp36
 70
     1
102
RTVSPost2010Prop37
 90
       50
102
RTVSPost2010PropOp37
 70
     1
102
RTVSPost2010Prop38
140
0.0
102
RTVSPost2010PropOp38
 70
     1
102
RTVSPost2010Prop39
140
1.0
102
RTVSPost2010PropOp39
 70
     1
102
RTVSPost2010Prop40
 90
        0
102
RTVSPost2010PropOp40
 70
     1
102
RTVSPost2010Prop41ColorIndex
 90
       18
102
RTVSPost2010Prop41ColorRGB
 90
        0
102
RTVSPost2010PropOp41
 70
     1
102
RTVSPost2010Prop42
 90
       50
102
RTVSPost2010PropOp42
 70
     1
102
RTVSPost2010Prop43
 90
        3
102
RTVSPost2010PropOp43
 70
     1
102
RTVSPost2010Prop44ColorIndex
 90
        5
102
RTVSPost2010Prop44ColorRGB
 90
      255
102
RTVSPost2010PropOp44
 70
     1
102
RTVSPost2010Prop45
280
     0
102
RTVSPost2010PropOp45
 70
     1
102
RTVSPost2010Prop46
 90
       50
102
RTVSPost2010PropOp46
 70
     1
102
RTVSPost2010Prop47
 90
       50
102
RTVSPost2010PropOp47
 70
     1
102
RTVSPost2010Prop48
 90
       50
102
RTVSPost2010PropOp48
 70
     1
102
RTVSPost2010Prop49
280
     0
102
RTVSPost2010PropOp49
 70
     1
102
RTVSPost2010Prop50
 90
       50
102
RTVSPost2010PropOp50
 70
     1
102
RTVSPost2010Prop51ColorIndex
 90
      256
102
RTVSPost2010Prop51ColorRGB
 90
-16777216
102
RTVSPost2010PropOp51
 70
     0
102
RTVSPost2010Prop52
140
1.0
102
RTVSPost2010PropOp52
 70
     0
102
RTVSPost2010Prop53
 90
        2
102
RTVSPost2010PropOp53
 70
     1
102
RTVSPost2010Prop54
  1
strokes_ogs.tif
102
RTVSPost2010PropOp54
 70
     1
102
RTVSPost2010Prop55
280
     0
102
RTVSPost2010PropOp55
 70
     1
102
RTVSPost2010Prop56
140
1.0
102
RTVSPost2010PropOp56
 70
     1
102
RTVSPost2010Prop57
140
1.0
102
RTVSPost2010PropOp57
 70
     1
102
RTVSPropertyOp0
 70
     1
102
RTVSPropertyOp1
 70
     1
102
RTVSPropertyOp2
 70
     1
102
RTVSPropertyOp3
 70
     1
102
RTVSPropertyOp4
 70
     1
102
RTVSPropertyOp5
 70
     1
102
RTVSPropertyOp6
 70
     1
102
RTVSPropertyOp7
 70
     1
102
RTVSPropertyOp8
 70
     1
102
RTVSPropertyOp9
 70
     1
102
RTVSPropertyOp10
 70
     1
102
RTVSPropertyOp11
 70
     1
102
RTVSPropertyOp12
 70
     1
102
RTVSPropertyOp13
 70
     1
102
RTVSPropertyOp14
 70
     1
102
RTVSPropertyOp15
 70
     1
102
RTVSPropertyOp16
 70
     1
102
RTVSPropertyOp17
 70
     1
102
RTVSPropertyOp18
 70
     1
102
RTVSPropertyOp19
 70
     1
102
RTVSPropertyOp20
 70
     1
102
RTVSPropertyOp21
 70
     1
102
RTVSPropertyOp22
 70
     1
102
RTVSPropertyOp23
 70
     1
102
RTVSPropertyOp24
 70
     1
102
RTVSPropertyOp25
 70
     1
102
RTVSPropertyOp26
 70
     1
102
RTVSPropertyOp27
 70
     1
102
RTVSPropertyOp28
 70
     1
102
RTVSPropertyOp29
 70
     1
102
RTVSPropertyOp30
 70
     1
102
RTVSPropertyOp31
 70
     1
102
RTVSPropertyOp32
 70
     1
102
RTVSPropertyOp33
 70
     1
102
RTVSPropertyOp34
 70
     1
102
RTVSPropertyOp35
 70
     1
102
RTVSPropertyOp36
 70
     1
102
RTVSPropertyOp37
 70
     1
102
RTVSPropertyOp38
 70
     1
102
RTVSPropertyOp39
 70
     1
102
RTVSPropertyOp40
 70
     1
102
RTVSPropertyOp41
 70
     1
102
RTVSPropertyOp42
 70
     1
102
RTVSPropertyOp43
 70
     1
102
RTVSPropertyOp44
 70
     1
102
RTVSPropertyOp45
 70
     1
102
RTVSPropertyOp46
 70
     1
102
RTVSPropertyOp47
 70
     1
102
RTVSPropertyOp48
 70
     1
102
RTVSPropertyOp49
 70
     1
102
RTVSPropertyOp50
 70
     1
102
RTVSPropertyOp51
 70
     0
102
RTVSPropertyOp52
 70
     0
102
RTVSPropertyOp53
 70
     1
102
RTVSPropertyOp54
 70
     1
102
RTVSPropertyOp55
 70
     1
102
RTVSPropertyOp56
 70
     1
102
RTVSPropertyOp57
 70
     1
102
RTVSPropertyOp58
 70
     1
102
RTVSPropertyOp59
 70
     1
102
RTVSPropertyOp60
 70
     1
102
RTVSPropertyOp61
 70
     1
102
RTVSPropertyOp62
 70
     1
  0
XRECORD
  5
3C37
102
{ACAD_REACTORS
330
3C36
102
}
330
3C36
100
AcDbXrecord
280
     1
102
RTVSPost2010Prop28
280
     0
102
RTVSPost2010PropOp28
 70
     1
102
RTVSPost2010Prop29
280
     1
102
RTVSPost2010PropOp29
 70
     1
102
RTVSPost2010Prop30
280
     1
102
RTVSPost2010PropOp30
 70
     1
102
RTVSPost2010Prop31
280
     0
102
RTVSPost2010PropOp31
 70
     1
102
RTVSPost2010Prop32
280
     0
102
RTVSPost2010PropOp32
 70
     1
102
RTVSPost2010Prop33
280
     0
102
RTVSPost2010PropOp33
 70
     1
102
RTVSPost2010Prop34
280
     0
102
RTVSPost2010PropOp34
 70
     1
102
RTVSPost2010Prop35
280
     0
102
RTVSPost2010PropOp35
 70
     1
102
RTVSPost2010Prop36
280
     0
102
RTVSPost2010PropOp36
 70
     1
102
RTVSPost2010Prop37
 90
       50
102
RTVSPost2010PropOp37
 70
     0
102
RTVSPost2010Prop38
140
0.0
102
RTVSPost2010PropOp38
 70
     0
102
RTVSPost2010Prop39
140
1.0
102
RTVSPost2010PropOp39
 70
     0
102
RTVSPost2010Prop40
 90
        0
102
RTVSPost2010PropOp40
 70
     0
102
RTVSPost2010Prop41ColorIndex
 90
       18
102
RTVSPost2010Prop41ColorRGB
 90
        0
102
RTVSPost2010PropOp41
 70
     0
102
RTVSPost2010Prop42
 90
       50
102
RTVSPost2010PropOp42
 70
     0
102
RTVSPost2010Prop43
 90
        3
102
RTVSPost2010PropOp43
 70
     0
102
RTVSPost2010Prop44ColorIndex
 90
        5
102
RTVSPost2010Prop44ColorRGB
 90
      255
102
RTVSPost2010PropOp44
 70
     0
102
RTVSPost2010Prop45
280
     0
102
RTVSPost2010PropOp45
 70
     1
102
RTVSPost2010Prop46
 90
       50
102
RTVSPost2010PropOp46
 70
     0
102
RTVSPost2010Prop47
 90
       50
102
RTVSPost2010PropOp47
 70
     0
102
RTVSPost2010Prop48
 90
       50
102
RTVSPost2010PropOp48
 70
     0
102
RTVSPost2010Prop49
280
     0
102
RTVSPost2010PropOp49
 70
     1
102
RTVSPost2010Prop50
 90
       50
102
RTVSPost2010PropOp50
 70
     0
102
RTVSPost2010Prop51ColorIndex
 90
      256
102
RTVSPost2010Prop51ColorRGB
 90
-16777216
102
RTVSPost2010PropOp51
 70
     0
102
RTVSPost2010Prop52
140
1.0
102
RTVSPost2010PropOp52
 70
     0
102
RTVSPost2010Prop53
 90
        2
102
RTVSPost2010PropOp53
 70
     0
102
RTVSPost2010Prop54
  1
strokes_ogs.tif
102
RTVSPost2010PropOp54
 70
     0
102
RTVSPost2010Prop55
280
     0
102
RTVSPost2010PropOp55
 70
     1
102
RTVSPost2010Prop56
140
1.0
102
RTVSPost2010PropOp56
 70
     0
102
RTVSPost2010Prop57
140
1.0
102
RTVSPost2010PropOp57
 70
     0
102
RTVSPropertyOp0
 70
     0
102
RTVSPropertyOp1
 70
     0
102
RTVSPropertyOp2
 70
     0
102
RTVSPropertyOp3
 70
     0
102
RTVSPropertyOp4
 70
     0
102
RTVSPropertyOp5
 70
     0
102
RTVSPropertyOp6
 70
     0
102
RTVSPropertyOp7
 70
     0
102
RTVSPropertyOp8
 70
     0
102
RTVSPropertyOp9
 70
     0
102
RTVSPropertyOp10
 70
     0
102
RTVSPropertyOp11
 70
     0
102
RTVSPropertyOp12
 70
     0
102
RTVSPropertyOp13
 70
     0
102
RTVSPropertyOp14
 70
     2
102
RTVSPropertyOp15
 70
     0
102
RTVSPropertyOp16
 70
     0
102
RTVSPropertyOp17
 70
     0
102
RTVSPropertyOp18
 70
     0
102
RTVSPropertyOp19
 70
     0
102
RTVSPropertyOp20
 70
     0
102
RTVSPropertyOp21
 70
     0
102
RTVSPropertyOp22
 70
     0
102
RTVSPropertyOp23
 70
     0
102
RTVSPropertyOp24
 70
     0
102
RTVSPropertyOp25
 70
     0
102
RTVSPropertyOp26
 70
     0
102
RTVSPropertyOp27
 70
     0
102
RTVSPropertyOp28
 70
     1
102
RTVSPropertyOp29
 70
     1
102
RTVSPropertyOp30
 70
     1
102
RTVSPropertyOp31
 70
     1
102
RTVSPropertyOp32
 70
     1
102
RTVSPropertyOp33
 70
     1
102
RTVSPropertyOp34
 70
     1
102
RTVSPropertyOp35
 70
     1
102
RTVSPropertyOp36
 70
     1
102
RTVSPropertyOp37
 70
     0
102
RTVSPropertyOp38
 70
     0
102
RTVSPropertyOp39
 70
     0
102
RTVSPropertyOp40
 70
     0
102
RTVSPropertyOp41
 70
     0
102
RTVSPropertyOp42
 70
     0
102
RTVSPropertyOp43
 70
     0
102
RTVSPropertyOp44
 70
     0
102
RTVSPropertyOp45
 70
     1
102
RTVSPropertyOp46
 70
     0
102
RTVSPropertyOp47
 70
     0
102
RTVSPropertyOp48
 70
     0
102
RTVSPropertyOp49
 70
     1
102
RTVSPropertyOp50
 70
     0
102
RTVSPropertyOp51
 70
     0
102
RTVSPropertyOp52
 70
     0
102
RTVSPropertyOp53
 70
     0
102
RTVSPropertyOp54
 70
     0
102
RTVSPropertyOp55
 70
     1
102
RTVSPropertyOp56
 70
     0
102
RTVSPropertyOp57
 70
     0
102
RTVSPropertyOp58
 70
     0
102
RTVSPropertyOp59
 70
     0
102
RTVSPropertyOp60
 70
     0
102
RTVSPropertyOp61
 70
     0
102
RTVSPropertyOp62
 70
     0
  0
XRECORD
  5
3C1D
102
{ACAD_REACTORS
330
3C1C
102
}
330
3C1C
100
AcDbXrecord
280
     1
102
RTVSPost2010Prop28
280
     0
102
RTVSPost2010PropOp28
 70
     1
102
RTVSPost2010Prop29
280
     1
102
RTVSPost2010PropOp29
 70
     1
102
RTVSPost2010Prop30
280
     1
102
RTVSPost2010PropOp30
 70
     1
102
RTVSPost2010Prop31
280
     0
102
RTVSPost2010PropOp31
 70
     1
102
RTVSPost2010Prop32
280
     0
102
RTVSPost2010PropOp32
 70
     1
102
RTVSPost2010Prop33
280
     0
102
RTVSPost2010PropOp33
 70
     1
102
RTVSPost2010Prop34
280
     0
102
RTVSPost2010PropOp34
 70
     1
102
RTVSPost2010Prop35
280
     0
102
RTVSPost2010PropOp35
 70
     1
102
RTVSPost2010Prop36
280
     0
102
RTVSPost2010PropOp36
 70
     1
102
RTVSPost2010Prop37
 90
       50
102
RTVSPost2010PropOp37
 70
     1
102
RTVSPost2010Prop38
140
0.0
102
RTVSPost2010PropOp38
 70
     1
102
RTVSPost2010Prop39
140
1.0
102
RTVSPost2010PropOp39
 70
     1
102
RTVSPost2010Prop40
 90
        0
102
RTVSPost2010PropOp40
 70
     1
102
RTVSPost2010Prop41ColorIndex
 90
       18
102
RTVSPost2010Prop41ColorRGB
 90
        0
102
RTVSPost2010PropOp41
 70
     1
102
RTVSPost2010Prop42
 90
       50
102
RTVSPost2010PropOp42
 70
     1
102
RTVSPost2010Prop43
 90
        3
102
RTVSPost2010PropOp43
 70
     1
102
RTVSPost2010Prop44ColorIndex
 90
        5
102
RTVSPost2010Prop44ColorRGB
 90
      255
102
RTVSPost2010PropOp44
 70
     1
102
RTVSPost2010Prop45
280
     0
102
RTVSPost2010PropOp45
 70
     1
102
RTVSPost2010Prop46
 90
       50
102
RTVSPost2010PropOp46
 70
     1
102
RTVSPost2010Prop47
 90
       50
102
RTVSPost2010PropOp47
 70
     1
102
RTVSPost2010Prop48
 90
       50
102
RTVSPost2010PropOp48
 70
     1
102
RTVSPost2010Prop49
280
     0
102
RTVSPost2010PropOp49
 70
     1
102
RTVSPost2010Prop50
 90
       50
102
RTVSPost2010PropOp50
 70
     1
102
RTVSPost2010Prop51ColorIndex
 90
      256
102
RTVSPost2010Prop51ColorRGB
 90
-16777216
102
RTVSPost2010PropOp51
 70
     0
102
RTVSPost2010Prop52
140
1.0
102
RTVSPost2010PropOp52
 70
     0
102
RTVSPost2010Prop53
 90
        2
102
RTVSPost2010PropOp53
 70
     1
102
RTVSPost2010Prop54
  1
strokes_ogs.tif
102
RTVSPost2010PropOp54
 70
     1
102
RTVSPost2010Prop55
280
     0
102
RTVSPost2010PropOp55
 70
     1
102
RTVSPost2010Prop56
140
1.0
102
RTVSPost2010PropOp56
 70
     1
102
RTVSPost2010Prop57
140
1.0
102
RTVSPost2010PropOp57
 70
     1
102
RTVSPropertyOp0
 70
     1
102
RTVSPropertyOp1
 70
     1
102
RTVSPropertyOp2
 70
     1
102
RTVSPropertyOp3
 70
     1
102
RTVSPropertyOp4
 70
     1
102
RTVSPropertyOp5
 70
     1
102
RTVSPropertyOp6
 70
     1
102
RTVSPropertyOp7
 70
     1
102
RTVSPropertyOp8
 70
     1
102
RTVSPropertyOp9
 70
     1
102
RTVSPropertyOp10
 70
     1
102
RTVSPropertyOp11
 70
     1
102
RTVSPropertyOp12
 70
     1
102
RTVSPropertyOp13
 70
     1
102
RTVSPropertyOp14
 70
     1
102
RTVSPropertyOp15
 70
     1
102
RTVSPropertyOp16
 70
     1
102
RTVSPropertyOp17
 70
     1
102
RTVSPropertyOp18
 70
     1
102
RTVSPropertyOp19
 70
     1
102
RTVSPropertyOp20
 70
     1
102
RTVSPropertyOp21
 70
     1
102
RTVSPropertyOp22
 70
     1
102
RTVSPropertyOp23
 70
     1
102
RTVSPropertyOp24
 70
     1
102
RTVSPropertyOp25
 70
     1
102
RTVSPropertyOp26
 70
     1
102
RTVSPropertyOp27
 70
     1
102
RTVSPropertyOp28
 70
     1
102
RTVSPropertyOp29
 70
     1
102
RTVSPropertyOp30
 70
     1
102
RTVSPropertyOp31
 70
     1
102
RTVSPropertyOp32
 70
     1
102
RTVSPropertyOp33
 70
     1
102
RTVSPropertyOp34
 70
     1
102
RTVSPropertyOp35
 70
     1
102
RTVSPropertyOp36
 70
     1
102
RTVSPropertyOp37
 70
     1
102
RTVSPropertyOp38
 70
     1
102
RTVSPropertyOp39
 70
     1
102
RTVSPropertyOp40
 70
     1
102
RTVSPropertyOp41
 70
     1
102
RTVSPropertyOp42
 70
     1
102
RTVSPropertyOp43
 70
     1
102
RTVSPropertyOp44
 70
     1
102
RTVSPropertyOp45
 70
     1
102
RTVSPropertyOp46
 70
     1
102
RTVSPropertyOp47
 70
     1
102
RTVSPropertyOp48
 70
     1
102
RTVSPropertyOp49
 70
     1
102
RTVSPropertyOp50
 70
     1
102
RTVSPropertyOp51
 70
     0
102
RTVSPropertyOp52
 70
     0
102
RTVSPropertyOp53
 70
     1
102
RTVSPropertyOp54
 70
     1
102
RTVSPropertyOp55
 70
     1
102
RTVSPropertyOp56
 70
     1
102
RTVSPropertyOp57
 70
     1
102
RTVSPropertyOp58
 70
     1
102
RTVSPropertyOp59
 70
     1
102
RTVSPropertyOp60
 70
     1
102
RTVSPropertyOp61
 70
     1
102
RTVSPropertyOp62
 70
     1
  0
XRECORD
  5
3C33
102
{ACAD_REACTORS
330
3C32
102
}
330
3C32
100
AcDbXrecord
280
     1
102
RTVSPost2010Prop28
280
     0
102
RTVSPost2010PropOp28
 70
     1
102
RTVSPost2010Prop29
280
     1
102
RTVSPost2010PropOp29
 70
     1
102
RTVSPost2010Prop30
280
     1
102
RTVSPost2010PropOp30
 70
     1
102
RTVSPost2010Prop31
280
     0
102
RTVSPost2010PropOp31
 70
     1
102
RTVSPost2010Prop32
280
     0
102
RTVSPost2010PropOp32
 70
     1
102
RTVSPost2010Prop33
280
     0
102
RTVSPost2010PropOp33
 70
     1
102
RTVSPost2010Prop34
280
     0
102
RTVSPost2010PropOp34
 70
     1
102
RTVSPost2010Prop35
280
     0
102
RTVSPost2010PropOp35
 70
     1
102
RTVSPost2010Prop36
280
     0
102
RTVSPost2010PropOp36
 70
     1
102
RTVSPost2010Prop37
 90
       50
102
RTVSPost2010PropOp37
 70
     1
102
RTVSPost2010Prop38
140
0.0
102
RTVSPost2010PropOp38
 70
     1
102
RTVSPost2010Prop39
140
1.0
102
RTVSPost2010PropOp39
 70
     1
102
RTVSPost2010Prop40
 90
        0
102
RTVSPost2010PropOp40
 70
     1
102
RTVSPost2010Prop41ColorIndex
 90
       18
102
RTVSPost2010Prop41ColorRGB
 90
        0
102
RTVSPost2010PropOp41
 70
     1
102
RTVSPost2010Prop42
 90
       50
102
RTVSPost2010PropOp42
 70
     1
102
RTVSPost2010Prop43
 90
        3
102
RTVSPost2010PropOp43
 70
     1
102
RTVSPost2010Prop44ColorIndex
 90
        5
102
RTVSPost2010Prop44ColorRGB
 90
      255
102
RTVSPost2010PropOp44
 70
     1
102
RTVSPost2010Prop45
280
     0
102
RTVSPost2010PropOp45
 70
     1
102
RTVSPost2010Prop46
 90
       50
102
RTVSPost2010PropOp46
 70
     1
102
RTVSPost2010Prop47
 90
       50
102
RTVSPost2010PropOp47
 70
     1
102
RTVSPost2010Prop48
 90
       50
102
RTVSPost2010PropOp48
 70
     1
102
RTVSPost2010Prop49
280
     0
102
RTVSPost2010PropOp49
 70
     1
102
RTVSPost2010Prop50
 90
       50
102
RTVSPost2010PropOp50
 70
     1
102
RTVSPost2010Prop51ColorIndex
 90
      256
102
RTVSPost2010Prop51ColorRGB
 90
-16777216
102
RTVSPost2010PropOp51
 70
     0
102
RTVSPost2010Prop52
140
1.0
102
RTVSPost2010PropOp52
 70
     0
102
RTVSPost2010Prop53
 90
        2
102
RTVSPost2010PropOp53
 70
     1
102
RTVSPost2010Prop54
  1
strokes_ogs.tif
102
RTVSPost2010PropOp54
 70
     1
102
RTVSPost2010Prop55
280
     0
102
RTVSPost2010PropOp55
 70
     1
102
RTVSPost2010Prop56
140
1.0
102
RTVSPost2010PropOp56
 70
     1
102
RTVSPost2010Prop57
140
1.0
102
RTVSPost2010PropOp57
 70
     1
102
RTVSPropertyOp0
 70
     1
102
RTVSPropertyOp1
 70
     1
102
RTVSPropertyOp2
 70
     1
102
RTVSPropertyOp3
 70
     1
102
RTVSPropertyOp4
 70
     1
102
RTVSPropertyOp5
 70
     1
102
RTVSPropertyOp6
 70
     1
102
RTVSPropertyOp7
 70
     1
102
RTVSPropertyOp8
 70
     1
102
RTVSPropertyOp9
 70
     1
102
RTVSPropertyOp10
 70
     1
102
RTVSPropertyOp11
 70
     1
102
RTVSPropertyOp12
 70
     1
102
RTVSPropertyOp13
 70
     1
102
RTVSPropertyOp14
 70
     1
102
RTVSPropertyOp15
 70
     1
102
RTVSPropertyOp16
 70
     1
102
RTVSPropertyOp17
 70
     1
102
RTVSPropertyOp18
 70
     1
102
RTVSPropertyOp19
 70
     1
102
RTVSPropertyOp20
 70
     1
102
RTVSPropertyOp21
 70
     1
102
RTVSPropertyOp22
 70
     1
102
RTVSPropertyOp23
 70
     1
102
RTVSPropertyOp24
 70
     1
102
RTVSPropertyOp25
 70
     1
102
RTVSPropertyOp26
 70
     1
102
RTVSPropertyOp27
 70
     1
102
RTVSPropertyOp28
 70
     1
102
RTVSPropertyOp29
 70
     1
102
RTVSPropertyOp30
 70
     1
102
RTVSPropertyOp31
 70
     1
102
RTVSPropertyOp32
 70
     1
102
RTVSPropertyOp33
 70
     1
102
RTVSPropertyOp34
 70
     1
102
RTVSPropertyOp35
 70
     1
102
RTVSPropertyOp36
 70
     1
102
RTVSPropertyOp37
 70
     1
102
RTVSPropertyOp38
 70
     1
102
RTVSPropertyOp39
 70
     1
102
RTVSPropertyOp40
 70
     1
102
RTVSPropertyOp41
 70
     1
102
RTVSPropertyOp42
 70
     1
102
RTVSPropertyOp43
 70
     1
102
RTVSPropertyOp44
 70
     1
102
RTVSPropertyOp45
 70
     1
102
RTVSPropertyOp46
 70
     1
102
RTVSPropertyOp47
 70
     1
102
RTVSPropertyOp48
 70
     1
102
RTVSPropertyOp49
 70
     1
102
RTVSPropertyOp50
 70
     1
102
RTVSPropertyOp51
 70
     0
102
RTVSPropertyOp52
 70
     0
102
RTVSPropertyOp53
 70
     1
102
RTVSPropertyOp54
 70
     1
102
RTVSPropertyOp55
 70
     1
102
RTVSPropertyOp56
 70
     1
102
RTVSPropertyOp57
 70
     1
102
RTVSPropertyOp58
 70
     1
102
RTVSPropertyOp59
 70
     1
102
RTVSPropertyOp60
 70
     1
102
RTVSPropertyOp61
 70
     1
102
RTVSPropertyOp62
 70
     1
  0
XRECORD
  5
3C31
102
{ACAD_REACTORS
330
3C30
102
}
330
3C30
100
AcDbXrecord
280
     1
102
RTVSPost2010Prop28
280
     0
102
RTVSPost2010PropOp28
 70
     1
102
RTVSPost2010Prop29
280
     1
102
RTVSPost2010PropOp29
 70
     1
102
RTVSPost2010Prop30
280
     1
102
RTVSPost2010PropOp30
 70
     1
102
RTVSPost2010Prop31
280
     0
102
RTVSPost2010PropOp31
 70
     1
102
RTVSPost2010Prop32
280
     0
102
RTVSPost2010PropOp32
 70
     1
102
RTVSPost2010Prop33
280
     0
102
RTVSPost2010PropOp33
 70
     1
102
RTVSPost2010Prop34
280
     0
102
RTVSPost2010PropOp34
 70
     1
102
RTVSPost2010Prop35
280
     0
102
RTVSPost2010PropOp35
 70
     1
102
RTVSPost2010Prop36
280
     0
102
RTVSPost2010PropOp36
 70
     1
102
RTVSPost2010Prop37
 90
       50
102
RTVSPost2010PropOp37
 70
     1
102
RTVSPost2010Prop38
140
0.0
102
RTVSPost2010PropOp38
 70
     1
102
RTVSPost2010Prop39
140
1.0
102
RTVSPost2010PropOp39
 70
     1
102
RTVSPost2010Prop40
 90
        0
102
RTVSPost2010PropOp40
 70
     1
102
RTVSPost2010Prop41ColorIndex
 90
       18
102
RTVSPost2010Prop41ColorRGB
 90
        0
102
RTVSPost2010PropOp41
 70
     1
102
RTVSPost2010Prop42
 90
       50
102
RTVSPost2010PropOp42
 70
     1
102
RTVSPost2010Prop43
 90
        3
102
RTVSPost2010PropOp43
 70
     1
102
RTVSPost2010Prop44ColorIndex
 90
        5
102
RTVSPost2010Prop44ColorRGB
 90
      255
102
RTVSPost2010PropOp44
 70
     1
102
RTVSPost2010Prop45
280
     0
102
RTVSPost2010PropOp45
 70
     1
102
RTVSPost2010Prop46
 90
       50
102
RTVSPost2010PropOp46
 70
     1
102
RTVSPost2010Prop47
 90
       50
102
RTVSPost2010PropOp47
 70
     1
102
RTVSPost2010Prop48
 90
       50
102
RTVSPost2010PropOp48
 70
     1
102
RTVSPost2010Prop49
280
     0
102
RTVSPost2010PropOp49
 70
     1
102
RTVSPost2010Prop50
 90
       50
102
RTVSPost2010PropOp50
 70
     1
102
RTVSPost2010Prop51ColorIndex
 90
      256
102
RTVSPost2010Prop51ColorRGB
 90
-16777216
102
RTVSPost2010PropOp51
 70
     0
102
RTVSPost2010Prop52
140
1.0
102
RTVSPost2010PropOp52
 70
     0
102
RTVSPost2010Prop53
 90
        2
102
RTVSPost2010PropOp53
 70
     1
102
RTVSPost2010Prop54
  1
strokes_ogs.tif
102
RTVSPost2010PropOp54
 70
     1
102
RTVSPost2010Prop55
280
     0
102
RTVSPost2010PropOp55
 70
     1
102
RTVSPost2010Prop56
140
1.0
102
RTVSPost2010PropOp56
 70
     1
102
RTVSPost2010Prop57
140
1.0
102
RTVSPost2010PropOp57
 70
     1
102
RTVSPropertyOp0
 70
     1
102
RTVSPropertyOp1
 70
     1
102
RTVSPropertyOp2
 70
     1
102
RTVSPropertyOp3
 70
     1
102
RTVSPropertyOp4
 70
     1
102
RTVSPropertyOp5
 70
     1
102
RTVSPropertyOp6
 70
     1
102
RTVSPropertyOp7
 70
     1
102
RTVSPropertyOp8
 70
     1
102
RTVSPropertyOp9
 70
     1
102
RTVSPropertyOp10
 70
     1
102
RTVSPropertyOp11
 70
     1
102
RTVSPropertyOp12
 70
     1
102
RTVSPropertyOp13
 70
     1
102
RTVSPropertyOp14
 70
     1
102
RTVSPropertyOp15
 70
     1
102
RTVSPropertyOp16
 70
     1
102
RTVSPropertyOp17
 70
     1
102
RTVSPropertyOp18
 70
     1
102
RTVSPropertyOp19
 70
     1
102
RTVSPropertyOp20
 70
     1
102
RTVSPropertyOp21
 70
     1
102
RTVSPropertyOp22
 70
     1
102
RTVSPropertyOp23
 70
     1
102
RTVSPropertyOp24
 70
     1
102
RTVSPropertyOp25
 70
     1
102
RTVSPropertyOp26
 70
     1
102
RTVSPropertyOp27
 70
     1
102
RTVSPropertyOp28
 70
     1
102
RTVSPropertyOp29
 70
     1
102
RTVSPropertyOp30
 70
     1
102
RTVSPropertyOp31
 70
     1
102
RTVSPropertyOp32
 70
     1
102
RTVSPropertyOp33
 70
     1
102
RTVSPropertyOp34
 70
     1
102
RTVSPropertyOp35
 70
     1
102
RTVSPropertyOp36
 70
     1
102
RTVSPropertyOp37
 70
     1
102
RTVSPropertyOp38
 70
     1
102
RTVSPropertyOp39
 70
     1
102
RTVSPropertyOp40
 70
     1
102
RTVSPropertyOp41
 70
     1
102
RTVSPropertyOp42
 70
     1
102
RTVSPropertyOp43
 70
     1
102
RTVSPropertyOp44
 70
     1
102
RTVSPropertyOp45
 70
     1
102
RTVSPropertyOp46
 70
     1
102
RTVSPropertyOp47
 70
     1
102
RTVSPropertyOp48
 70
     1
102
RTVSPropertyOp49
 70
     1
102
RTVSPropertyOp50
 70
     1
102
RTVSPropertyOp51
 70
     0
102
RTVSPropertyOp52
 70
     0
102
RTVSPropertyOp53
 70
     1
102
RTVSPropertyOp54
 70
     1
102
RTVSPropertyOp55
 70
     1
102
RTVSPropertyOp56
 70
     1
102
RTVSPropertyOp57
 70
     1
102
RTVSPropertyOp58
 70
     1
102
RTVSPropertyOp59
 70
     1
102
RTVSPropertyOp60
 70
     1
102
RTVSPropertyOp61
 70
     1
102
RTVSPropertyOp62
 70
     1
  0
XRECORD
  5
3C2B
102
{ACAD_REACTORS
330
3C2A
102
}
330
3C2A
100
AcDbXrecord
280
     1
102
RTVSPost2010Prop28
280
     0
102
RTVSPost2010PropOp28
 70
     1
102
RTVSPost2010Prop29
280
     1
102
RTVSPost2010PropOp29
 70
     1
102
RTVSPost2010Prop30
280
     1
102
RTVSPost2010PropOp30
 70
     1
102
RTVSPost2010Prop31
280
     0
102
RTVSPost2010PropOp31
 70
     1
102
RTVSPost2010Prop32
280
     0
102
RTVSPost2010PropOp32
 70
     1
102
RTVSPost2010Prop33
280
     0
102
RTVSPost2010PropOp33
 70
     1
102
RTVSPost2010Prop34
280
     0
102
RTVSPost2010PropOp34
 70
     1
102
RTVSPost2010Prop35
280
     0
102
RTVSPost2010PropOp35
 70
     1
102
RTVSPost2010Prop36
280
     0
102
RTVSPost2010PropOp36
 70
     1
102
RTVSPost2010Prop37
 90
       50
102
RTVSPost2010PropOp37
 70
     1
102
RTVSPost2010Prop38
140
0.0
102
RTVSPost2010PropOp38
 70
     1
102
RTVSPost2010Prop39
140
1.0
102
RTVSPost2010PropOp39
 70
     1
102
RTVSPost2010Prop40
 90
        0
102
RTVSPost2010PropOp40
 70
     1
102
RTVSPost2010Prop41ColorIndex
 90
       18
102
RTVSPost2010Prop41ColorRGB
 90
        0
102
RTVSPost2010PropOp41
 70
     1
102
RTVSPost2010Prop42
 90
       50
102
RTVSPost2010PropOp42
 70
     1
102
RTVSPost2010Prop43
 90
        3
102
RTVSPost2010PropOp43
 70
     1
102
RTVSPost2010Prop44ColorIndex
 90
        5
102
RTVSPost2010Prop44ColorRGB
 90
      255
102
RTVSPost2010PropOp44
 70
     1
102
RTVSPost2010Prop45
280
     0
102
RTVSPost2010PropOp45
 70
     1
102
RTVSPost2010Prop46
 90
       50
102
RTVSPost2010PropOp46
 70
     1
102
RTVSPost2010Prop47
 90
       50
102
RTVSPost2010PropOp47
 70
     1
102
RTVSPost2010Prop48
 90
       50
102
RTVSPost2010PropOp48
 70
     1
102
RTVSPost2010Prop49
280
     0
102
RTVSPost2010PropOp49
 70
     1
102
RTVSPost2010Prop50
 90
       50
102
RTVSPost2010PropOp50
 70
     1
102
RTVSPost2010Prop51ColorIndex
 90
      256
102
RTVSPost2010Prop51ColorRGB
 90
-16777216
102
RTVSPost2010PropOp51
 70
     0
102
RTVSPost2010Prop52
140
1.0
102
RTVSPost2010PropOp52
 70
     0
102
RTVSPost2010Prop53
 90
        2
102
RTVSPost2010PropOp53
 70
     1
102
RTVSPost2010Prop54
  1
strokes_ogs.tif
102
RTVSPost2010PropOp54
 70
     1
102
RTVSPost2010Prop55
280
     0
102
RTVSPost2010PropOp55
 70
     1
102
RTVSPost2010Prop56
140
1.0
102
RTVSPost2010PropOp56
 70
     1
102
RTVSPost2010Prop57
140
1.0
102
RTVSPost2010PropOp57
 70
     1
102
RTVSPropertyOp0
 70
     1
102
RTVSPropertyOp1
 70
     1
102
RTVSPropertyOp2
 70
     1
102
RTVSPropertyOp3
 70
     1
102
RTVSPropertyOp4
 70
     1
102
RTVSPropertyOp5
 70
     1
102
RTVSPropertyOp6
 70
     1
102
RTVSPropertyOp7
 70
     1
102
RTVSPropertyOp8
 70
     1
102
RTVSPropertyOp9
 70
     1
102
RTVSPropertyOp10
 70
     1
102
RTVSPropertyOp11
 70
     1
102
RTVSPropertyOp12
 70
     1
102
RTVSPropertyOp13
 70
     1
102
RTVSPropertyOp14
 70
     1
102
RTVSPropertyOp15
 70
     1
102
RTVSPropertyOp16
 70
     1
102
RTVSPropertyOp17
 70
     1
102
RTVSPropertyOp18
 70
     1
102
RTVSPropertyOp19
 70
     1
102
RTVSPropertyOp20
 70
     1
102
RTVSPropertyOp21
 70
     1
102
RTVSPropertyOp22
 70
     1
102
RTVSPropertyOp23
 70
     1
102
RTVSPropertyOp24
 70
     1
102
RTVSPropertyOp25
 70
     1
102
RTVSPropertyOp26
 70
     1
102
RTVSPropertyOp27
 70
     1
102
RTVSPropertyOp28
 70
     1
102
RTVSPropertyOp29
 70
     1
102
RTVSPropertyOp30
 70
     1
102
RTVSPropertyOp31
 70
     1
102
RTVSPropertyOp32
 70
     1
102
RTVSPropertyOp33
 70
     1
102
RTVSPropertyOp34
 70
     1
102
RTVSPropertyOp35
 70
     1
102
RTVSPropertyOp36
 70
     1
102
RTVSPropertyOp37
 70
     1
102
RTVSPropertyOp38
 70
     1
102
RTVSPropertyOp39
 70
     1
102
RTVSPropertyOp40
 70
     1
102
RTVSPropertyOp41
 70
     1
102
RTVSPropertyOp42
 70
     1
102
RTVSPropertyOp43
 70
     1
102
RTVSPropertyOp44
 70
     1
102
RTVSPropertyOp45
 70
     1
102
RTVSPropertyOp46
 70
     1
102
RTVSPropertyOp47
 70
     1
102
RTVSPropertyOp48
 70
     1
102
RTVSPropertyOp49
 70
     1
102
RTVSPropertyOp50
 70
     1
102
RTVSPropertyOp51
 70
     0
102
RTVSPropertyOp52
 70
     0
102
RTVSPropertyOp53
 70
     1
102
RTVSPropertyOp54
 70
     1
102
RTVSPropertyOp55
 70
     1
102
RTVSPropertyOp56
 70
     1
102
RTVSPropertyOp57
 70
     1
102
RTVSPropertyOp58
 70
     1
102
RTVSPropertyOp59
 70
     1
102
RTVSPropertyOp60
 70
     1
102
RTVSPropertyOp61
 70
     1
102
RTVSPropertyOp62
 70
     1
  0
XRECORD
  5
3C2D
102
{ACAD_REACTORS
330
3C2C
102
}
330
3C2C
100
AcDbXrecord
280
     1
102
RTVSPost2010Prop28
280
     0
102
RTVSPost2010PropOp28
 70
     1
102
RTVSPost2010Prop29
280
     1
102
RTVSPost2010PropOp29
 70
     1
102
RTVSPost2010Prop30
280
     1
102
RTVSPost2010PropOp30
 70
     1
102
RTVSPost2010Prop31
280
     0
102
RTVSPost2010PropOp31
 70
     1
102
RTVSPost2010Prop32
280
     0
102
RTVSPost2010PropOp32
 70
     1
102
RTVSPost2010Prop33
280
     0
102
RTVSPost2010PropOp33
 70
     1
102
RTVSPost2010Prop34
280
     0
102
RTVSPost2010PropOp34
 70
     1
102
RTVSPost2010Prop35
280
     0
102
RTVSPost2010PropOp35
 70
     1
102
RTVSPost2010Prop36
280
     0
102
RTVSPost2010PropOp36
 70
     1
102
RTVSPost2010Prop37
 90
       50
102
RTVSPost2010PropOp37
 70
     1
102
RTVSPost2010Prop38
140
0.0
102
RTVSPost2010PropOp38
 70
     1
102
RTVSPost2010Prop39
140
1.0
102
RTVSPost2010PropOp39
 70
     1
102
RTVSPost2010Prop40
 90
        0
102
RTVSPost2010PropOp40
 70
     1
102
RTVSPost2010Prop41ColorIndex
 90
       18
102
RTVSPost2010Prop41ColorRGB
 90
        0
102
RTVSPost2010PropOp41
 70
     1
102
RTVSPost2010Prop42
 90
       50
102
RTVSPost2010PropOp42
 70
     1
102
RTVSPost2010Prop43
 90
        3
102
RTVSPost2010PropOp43
 70
     1
102
RTVSPost2010Prop44ColorIndex
 90
        5
102
RTVSPost2010Prop44ColorRGB
 90
      255
102
RTVSPost2010PropOp44
 70
     1
102
RTVSPost2010Prop45
280
     0
102
RTVSPost2010PropOp45
 70
     1
102
RTVSPost2010Prop46
 90
       50
102
RTVSPost2010PropOp46
 70
     1
102
RTVSPost2010Prop47
 90
       50
102
RTVSPost2010PropOp47
 70
     1
102
RTVSPost2010Prop48
 90
       50
102
RTVSPost2010PropOp48
 70
     1
102
RTVSPost2010Prop49
280
     0
102
RTVSPost2010PropOp49
 70
     1
102
RTVSPost2010Prop50
 90
       50
102
RTVSPost2010PropOp50
 70
     1
102
RTVSPost2010Prop51ColorIndex
 90
      256
102
RTVSPost2010Prop51ColorRGB
 90
-16777216
102
RTVSPost2010PropOp51
 70
     0
102
RTVSPost2010Prop52
140
1.0
102
RTVSPost2010PropOp52
 70
     0
102
RTVSPost2010Prop53
 90
        2
102
RTVSPost2010PropOp53
 70
     1
102
RTVSPost2010Prop54
  1
strokes_ogs.tif
102
RTVSPost2010PropOp54
 70
     1
102
RTVSPost2010Prop55
280
     0
102
RTVSPost2010PropOp55
 70
     1
102
RTVSPost2010Prop56
140
1.0
102
RTVSPost2010PropOp56
 70
     1
102
RTVSPost2010Prop57
140
1.0
102
RTVSPost2010PropOp57
 70
     1
102
RTVSPropertyOp0
 70
     1
102
RTVSPropertyOp1
 70
     1
102
RTVSPropertyOp2
 70
     1
102
RTVSPropertyOp3
 70
     1
102
RTVSPropertyOp4
 70
     1
102
RTVSPropertyOp5
 70
     1
102
RTVSPropertyOp6
 70
     1
102
RTVSPropertyOp7
 70
     1
102
RTVSPropertyOp8
 70
     1
102
RTVSPropertyOp9
 70
     1
102
RTVSPropertyOp10
 70
     1
102
RTVSPropertyOp11
 70
     1
102
RTVSPropertyOp12
 70
     1
102
RTVSPropertyOp13
 70
     1
102
RTVSPropertyOp14
 70
     1
102
RTVSPropertyOp15
 70
     1
102
RTVSPropertyOp16
 70
     1
102
RTVSPropertyOp17
 70
     1
102
RTVSPropertyOp18
 70
     1
102
RTVSPropertyOp19
 70
     1
102
RTVSPropertyOp20
 70
     1
102
RTVSPropertyOp21
 70
     1
102
RTVSPropertyOp22
 70
     1
102
RTVSPropertyOp23
 70
     1
102
RTVSPropertyOp24
 70
     1
102
RTVSPropertyOp25
 70
     1
102
RTVSPropertyOp26
 70
     1
102
RTVSPropertyOp27
 70
     1
102
RTVSPropertyOp28
 70
     1
102
RTVSPropertyOp29
 70
     1
102
RTVSPropertyOp30
 70
     1
102
RTVSPropertyOp31
 70
     1
102
RTVSPropertyOp32
 70
     1
102
RTVSPropertyOp33
 70
     1
102
RTVSPropertyOp34
 70
     1
102
RTVSPropertyOp35
 70
     1
102
RTVSPropertyOp36
 70
     1
102
RTVSPropertyOp37
 70
     1
102
RTVSPropertyOp38
 70
     1
102
RTVSPropertyOp39
 70
     1
102
RTVSPropertyOp40
 70
     1
102
RTVSPropertyOp41
 70
     1
102
RTVSPropertyOp42
 70
     1
102
RTVSPropertyOp43
 70
     1
102
RTVSPropertyOp44
 70
     1
102
RTVSPropertyOp45
 70
     1
102
RTVSPropertyOp46
 70
     1
102
RTVSPropertyOp47
 70
     1
102
RTVSPropertyOp48
 70
     1
102
RTVSPropertyOp49
 70
     1
102
RTVSPropertyOp50
 70
     1
102
RTVSPropertyOp51
 70
     0
102
RTVSPropertyOp52
 70
     0
102
RTVSPropertyOp53
 70
     1
102
RTVSPropertyOp54
 70
     1
102
RTVSPropertyOp55
 70
     1
102
RTVSPropertyOp56
 70
     1
102
RTVSPropertyOp57
 70
     1
102
RTVSPropertyOp58
 70
     1
102
RTVSPropertyOp59
 70
     1
102
RTVSPropertyOp60
 70
     1
102
RTVSPropertyOp61
 70
     1
102
RTVSPropertyOp62
 70
     1
  0
XRECORD
  5
3C23
102
{ACAD_REACTORS
330
3C22
102
}
330
3C22
100
AcDbXrecord
280
     1
102
RTVSPost2010Prop28
280
     0
102
RTVSPost2010PropOp28
 70
     1
102
RTVSPost2010Prop29
280
     1
102
RTVSPost2010PropOp29
 70
     1
102
RTVSPost2010Prop30
280
     1
102
RTVSPost2010PropOp30
 70
     1
102
RTVSPost2010Prop31
280
     0
102
RTVSPost2010PropOp31
 70
     1
102
RTVSPost2010Prop32
280
     0
102
RTVSPost2010PropOp32
 70
     1
102
RTVSPost2010Prop33
280
     0
102
RTVSPost2010PropOp33
 70
     1
102
RTVSPost2010Prop34
280
     0
102
RTVSPost2010PropOp34
 70
     1
102
RTVSPost2010Prop35
280
     0
102
RTVSPost2010PropOp35
 70
     1
102
RTVSPost2010Prop36
280
     0
102
RTVSPost2010PropOp36
 70
     1
102
RTVSPost2010Prop37
 90
       50
102
RTVSPost2010PropOp37
 70
     1
102
RTVSPost2010Prop38
140
0.0
102
RTVSPost2010PropOp38
 70
     1
102
RTVSPost2010Prop39
140
1.0
102
RTVSPost2010PropOp39
 70
     1
102
RTVSPost2010Prop40
 90
        0
102
RTVSPost2010PropOp40
 70
     1
102
RTVSPost2010Prop41ColorIndex
 90
       18
102
RTVSPost2010Prop41ColorRGB
 90
        0
102
RTVSPost2010PropOp41
 70
     1
102
RTVSPost2010Prop42
 90
       50
102
RTVSPost2010PropOp42
 70
     1
102
RTVSPost2010Prop43
 90
        3
102
RTVSPost2010PropOp43
 70
     1
102
RTVSPost2010Prop44ColorIndex
 90
        5
102
RTVSPost2010Prop44ColorRGB
 90
      255
102
RTVSPost2010PropOp44
 70
     1
102
RTVSPost2010Prop45
280
     0
102
RTVSPost2010PropOp45
 70
     1
102
RTVSPost2010Prop46
 90
       50
102
RTVSPost2010PropOp46
 70
     1
102
RTVSPost2010Prop47
 90
       50
102
RTVSPost2010PropOp47
 70
     1
102
RTVSPost2010Prop48
 90
       50
102
RTVSPost2010PropOp48
 70
     1
102
RTVSPost2010Prop49
280
     0
102
RTVSPost2010PropOp49
 70
     1
102
RTVSPost2010Prop50
 90
       50
102
RTVSPost2010PropOp50
 70
     1
102
RTVSPost2010Prop51ColorIndex
 90
      256
102
RTVSPost2010Prop51ColorRGB
 90
-16777216
102
RTVSPost2010PropOp51
 70
     0
102
RTVSPost2010Prop52
140
1.0
102
RTVSPost2010PropOp52
 70
     0
102
RTVSPost2010Prop53
 90
        2
102
RTVSPost2010PropOp53
 70
     1
102
RTVSPost2010Prop54
  1
strokes_ogs.tif
102
RTVSPost2010PropOp54
 70
     1
102
RTVSPost2010Prop55
280
     0
102
RTVSPost2010PropOp55
 70
     1
102
RTVSPost2010Prop56
140
1.0
102
RTVSPost2010PropOp56
 70
     1
102
RTVSPost2010Prop57
140
1.0
102
RTVSPost2010PropOp57
 70
     1
102
RTVSPropertyOp0
 70
     1
102
RTVSPropertyOp1
 70
     1
102
RTVSPropertyOp2
 70
     1
102
RTVSPropertyOp3
 70
     1
102
RTVSPropertyOp4
 70
     1
102
RTVSPropertyOp5
 70
     1
102
RTVSPropertyOp6
 70
     1
102
RTVSPropertyOp7
 70
     1
102
RTVSPropertyOp8
 70
     1
102
RTVSPropertyOp9
 70
     1
102
RTVSPropertyOp10
 70
     1
102
RTVSPropertyOp11
 70
     1
102
RTVSPropertyOp12
 70
     1
102
RTVSPropertyOp13
 70
     1
102
RTVSPropertyOp14
 70
     1
102
RTVSPropertyOp15
 70
     1
102
RTVSPropertyOp16
 70
     1
102
RTVSPropertyOp17
 70
     1
102
RTVSPropertyOp18
 70
     1
102
RTVSPropertyOp19
 70
     1
102
RTVSPropertyOp20
 70
     1
102
RTVSPropertyOp21
 70
     1
102
RTVSPropertyOp22
 70
     1
102
RTVSPropertyOp23
 70
     1
102
RTVSPropertyOp24
 70
     1
102
RTVSPropertyOp25
 70
     1
102
RTVSPropertyOp26
 70
     1
102
RTVSPropertyOp27
 70
     1
102
RTVSPropertyOp28
 70
     1
102
RTVSPropertyOp29
 70
     1
102
RTVSPropertyOp30
 70
     1
102
RTVSPropertyOp31
 70
     1
102
RTVSPropertyOp32
 70
     1
102
RTVSPropertyOp33
 70
     1
102
RTVSPropertyOp34
 70
     1
102
RTVSPropertyOp35
 70
     1
102
RTVSPropertyOp36
 70
     1
102
RTVSPropertyOp37
 70
     1
102
RTVSPropertyOp38
 70
     1
102
RTVSPropertyOp39
 70
     1
102
RTVSPropertyOp40
 70
     1
102
RTVSPropertyOp41
 70
     1
102
RTVSPropertyOp42
 70
     1
102
RTVSPropertyOp43
 70
     1
102
RTVSPropertyOp44
 70
     1
102
RTVSPropertyOp45
 70
     1
102
RTVSPropertyOp46
 70
     1
102
RTVSPropertyOp47
 70
     1
102
RTVSPropertyOp48
 70
     1
102
RTVSPropertyOp49
 70
     1
102
RTVSPropertyOp50
 70
     1
102
RTVSPropertyOp51
 70
     0
102
RTVSPropertyOp52
 70
     0
102
RTVSPropertyOp53
 70
     1
102
RTVSPropertyOp54
 70
     1
102
RTVSPropertyOp55
 70
     1
102
RTVSPropertyOp56
 70
     1
102
RTVSPropertyOp57
 70
     1
102
RTVSPropertyOp58
 70
     1
102
RTVSPropertyOp59
 70
     1
102
RTVSPropertyOp60
 70
     1
102
RTVSPropertyOp61
 70
     1
102
RTVSPropertyOp62
 70
     1
  0
XRECORD
  5
3C17
102
{ACAD_REACTORS
330
3C16
102
}
330
3C16
100
AcDbXrecord
280
     1
102
RTVSPost2010Prop28
280
     0
102
RTVSPost2010PropOp28
 70
     1
102
RTVSPost2010Prop29
280
     1
102
RTVSPost2010PropOp29
 70
     1
102
RTVSPost2010Prop30
280
     1
102
RTVSPost2010PropOp30
 70
     1
102
RTVSPost2010Prop31
280
     0
102
RTVSPost2010PropOp31
 70
     1
102
RTVSPost2010Prop32
280
     0
102
RTVSPost2010PropOp32
 70
     1
102
RTVSPost2010Prop33
280
     0
102
RTVSPost2010PropOp33
 70
     1
102
RTVSPost2010Prop34
280
     0
102
RTVSPost2010PropOp34
 70
     1
102
RTVSPost2010Prop35
280
     0
102
RTVSPost2010PropOp35
 70
     1
102
RTVSPost2010Prop36
280
     0
102
RTVSPost2010PropOp36
 70
     1
102
RTVSPost2010Prop37
 90
       50
102
RTVSPost2010PropOp37
 70
     1
102
RTVSPost2010Prop38
140
0.0
102
RTVSPost2010PropOp38
 70
     1
102
RTVSPost2010Prop39
140
1.0
102
RTVSPost2010PropOp39
 70
     1
102
RTVSPost2010Prop40
 90
        0
102
RTVSPost2010PropOp40
 70
     1
102
RTVSPost2010Prop41ColorIndex
 90
       18
102
RTVSPost2010Prop41ColorRGB
 90
        0
102
RTVSPost2010PropOp41
 70
     1
102
RTVSPost2010Prop42
 90
       50
102
RTVSPost2010PropOp42
 70
     1
102
RTVSPost2010Prop43
 90
        3
102
RTVSPost2010PropOp43
 70
     1
102
RTVSPost2010Prop44ColorIndex
 90
        5
102
RTVSPost2010Prop44ColorRGB
 90
      255
102
RTVSPost2010PropOp44
 70
     1
102
RTVSPost2010Prop45
280
     0
102
RTVSPost2010PropOp45
 70
     1
102
RTVSPost2010Prop46
 90
       50
102
RTVSPost2010PropOp46
 70
     1
102
RTVSPost2010Prop47
 90
       50
102
RTVSPost2010PropOp47
 70
     1
102
RTVSPost2010Prop48
 90
       50
102
RTVSPost2010PropOp48
 70
     1
102
RTVSPost2010Prop49
280
     0
102
RTVSPost2010PropOp49
 70
     1
102
RTVSPost2010Prop50
 90
       50
102
RTVSPost2010PropOp50
 70
     1
102
RTVSPost2010Prop51ColorIndex
 90
      256
102
RTVSPost2010Prop51ColorRGB
 90
-16777216
102
RTVSPost2010PropOp51
 70
     0
102
RTVSPost2010Prop52
140
1.0
102
RTVSPost2010PropOp52
 70
     0
102
RTVSPost2010Prop53
 90
        2
102
RTVSPost2010PropOp53
 70
     1
102
RTVSPost2010Prop54
  1
strokes_ogs.tif
102
RTVSPost2010PropOp54
 70
     1
102
RTVSPost2010Prop55
280
     0
102
RTVSPost2010PropOp55
 70
     1
102
RTVSPost2010Prop56
140
1.0
102
RTVSPost2010PropOp56
 70
     1
102
RTVSPost2010Prop57
140
1.0
102
RTVSPost2010PropOp57
 70
     1
102
RTVSPropertyOp0
 70
     1
102
RTVSPropertyOp1
 70
     1
102
RTVSPropertyOp2
 70
     1
102
RTVSPropertyOp3
 70
     1
102
RTVSPropertyOp4
 70
     1
102
RTVSPropertyOp5
 70
     1
102
RTVSPropertyOp6
 70
     1
102
RTVSPropertyOp7
 70
     1
102
RTVSPropertyOp8
 70
     1
102
RTVSPropertyOp9
 70
     1
102
RTVSPropertyOp10
 70
     1
102
RTVSPropertyOp11
 70
     1
102
RTVSPropertyOp12
 70
     1
102
RTVSPropertyOp13
 70
     1
102
RTVSPropertyOp14
 70
     1
102
RTVSPropertyOp15
 70
     1
102
RTVSPropertyOp16
 70
     1
102
RTVSPropertyOp17
 70
     1
102
RTVSPropertyOp18
 70
     1
102
RTVSPropertyOp19
 70
     1
102
RTVSPropertyOp20
 70
     1
102
RTVSPropertyOp21
 70
     1
102
RTVSPropertyOp22
 70
     1
102
RTVSPropertyOp23
 70
     1
102
RTVSPropertyOp24
 70
     1
102
RTVSPropertyOp25
 70
     1
102
RTVSPropertyOp26
 70
     1
102
RTVSPropertyOp27
 70
     1
102
RTVSPropertyOp28
 70
     1
102
RTVSPropertyOp29
 70
     1
102
RTVSPropertyOp30
 70
     1
102
RTVSPropertyOp31
 70
     1
102
RTVSPropertyOp32
 70
     1
102
RTVSPropertyOp33
 70
     1
102
RTVSPropertyOp34
 70
     1
102
RTVSPropertyOp35
 70
     1
102
RTVSPropertyOp36
 70
     1
102
RTVSPropertyOp37
 70
     1
102
RTVSPropertyOp38
 70
     1
102
RTVSPropertyOp39
 70
     1
102
RTVSPropertyOp40
 70
     1
102
RTVSPropertyOp41
 70
     1
102
RTVSPropertyOp42
 70
     1
102
RTVSPropertyOp43
 70
     1
102
RTVSPropertyOp44
 70
     1
102
RTVSPropertyOp45
 70
     1
102
RTVSPropertyOp46
 70
     1
102
RTVSPropertyOp47
 70
     1
102
RTVSPropertyOp48
 70
     1
102
RTVSPropertyOp49
 70
     1
102
RTVSPropertyOp50
 70
     1
102
RTVSPropertyOp51
 70
     0
102
RTVSPropertyOp52
 70
     0
102
RTVSPropertyOp53
 70
     1
102
RTVSPropertyOp54
 70
     1
102
RTVSPropertyOp55
 70
     1
102
RTVSPropertyOp56
 70
     1
102
RTVSPropertyOp57
 70
     1
102
RTVSPropertyOp58
 70
     1
102
RTVSPropertyOp59
 70
     1
102
RTVSPropertyOp60
 70
     1
102
RTVSPropertyOp61
 70
     1
102
RTVSPropertyOp62
 70
     1
  0
XRECORD
  5
3C2F
102
{ACAD_REACTORS
330
3C2E
102
}
330
3C2E
100
AcDbXrecord
280
     1
102
RTVSPost2010Prop28
280
     0
102
RTVSPost2010PropOp28
 70
     1
102
RTVSPost2010Prop29
280
     1
102
RTVSPost2010PropOp29
 70
     1
102
RTVSPost2010Prop30
280
     1
102
RTVSPost2010PropOp30
 70
     1
102
RTVSPost2010Prop31
280
     0
102
RTVSPost2010PropOp31
 70
     1
102
RTVSPost2010Prop32
280
     0
102
RTVSPost2010PropOp32
 70
     1
102
RTVSPost2010Prop33
280
     0
102
RTVSPost2010PropOp33
 70
     1
102
RTVSPost2010Prop34
280
     0
102
RTVSPost2010PropOp34
 70
     1
102
RTVSPost2010Prop35
280
     0
102
RTVSPost2010PropOp35
 70
     1
102
RTVSPost2010Prop36
280
     0
102
RTVSPost2010PropOp36
 70
     1
102
RTVSPost2010Prop37
 90
       50
102
RTVSPost2010PropOp37
 70
     1
102
RTVSPost2010Prop38
140
0.0
102
RTVSPost2010PropOp38
 70
     1
102
RTVSPost2010Prop39
140
1.0
102
RTVSPost2010PropOp39
 70
     1
102
RTVSPost2010Prop40
 90
        0
102
RTVSPost2010PropOp40
 70
     1
102
RTVSPost2010Prop41ColorIndex
 90
       18
102
RTVSPost2010Prop41ColorRGB
 90
        0
102
RTVSPost2010PropOp41
 70
     1
102
RTVSPost2010Prop42
 90
       50
102
RTVSPost2010PropOp42
 70
     1
102
RTVSPost2010Prop43
 90
        3
102
RTVSPost2010PropOp43
 70
     1
102
RTVSPost2010Prop44ColorIndex
 90
        5
102
RTVSPost2010Prop44ColorRGB
 90
      255
102
RTVSPost2010PropOp44
 70
     1
102
RTVSPost2010Prop45
280
     0
102
RTVSPost2010PropOp45
 70
     1
102
RTVSPost2010Prop46
 90
       50
102
RTVSPost2010PropOp46
 70
     1
102
RTVSPost2010Prop47
 90
       50
102
RTVSPost2010PropOp47
 70
     1
102
RTVSPost2010Prop48
 90
       50
102
RTVSPost2010PropOp48
 70
     1
102
RTVSPost2010Prop49
280
     0
102
RTVSPost2010PropOp49
 70
     1
102
RTVSPost2010Prop50
 90
       50
102
RTVSPost2010PropOp50
 70
     1
102
RTVSPost2010Prop51ColorIndex
 90
      256
102
RTVSPost2010Prop51ColorRGB
 90
-16777216
102
RTVSPost2010PropOp51
 70
     0
102
RTVSPost2010Prop52
140
1.0
102
RTVSPost2010PropOp52
 70
     0
102
RTVSPost2010Prop53
 90
        2
102
RTVSPost2010PropOp53
 70
     1
102
RTVSPost2010Prop54
  1
strokes_ogs.tif
102
RTVSPost2010PropOp54
 70
     1
102
RTVSPost2010Prop55
280
     0
102
RTVSPost2010PropOp55
 70
     1
102
RTVSPost2010Prop56
140
1.0
102
RTVSPost2010PropOp56
 70
     1
102
RTVSPost2010Prop57
140
1.0
102
RTVSPost2010PropOp57
 70
     1
102
RTVSPropertyOp0
 70
     1
102
RTVSPropertyOp1
 70
     1
102
RTVSPropertyOp2
 70
     1
102
RTVSPropertyOp3
 70
     1
102
RTVSPropertyOp4
 70
     1
102
RTVSPropertyOp5
 70
     1
102
RTVSPropertyOp6
 70
     1
102
RTVSPropertyOp7
 70
     1
102
RTVSPropertyOp8
 70
     1
102
RTVSPropertyOp9
 70
     1
102
RTVSPropertyOp10
 70
     1
102
RTVSPropertyOp11
 70
     1
102
RTVSPropertyOp12
 70
     1
102
RTVSPropertyOp13
 70
     1
102
RTVSPropertyOp14
 70
     1
102
RTVSPropertyOp15
 70
     1
102
RTVSPropertyOp16
 70
     1
102
RTVSPropertyOp17
 70
     1
102
RTVSPropertyOp18
 70
     1
102
RTVSPropertyOp19
 70
     1
102
RTVSPropertyOp20
 70
     1
102
RTVSPropertyOp21
 70
     1
102
RTVSPropertyOp22
 70
     1
102
RTVSPropertyOp23
 70
     1
102
RTVSPropertyOp24
 70
     1
102
RTVSPropertyOp25
 70
     1
102
RTVSPropertyOp26
 70
     1
102
RTVSPropertyOp27
 70
     1
102
RTVSPropertyOp28
 70
     1
102
RTVSPropertyOp29
 70
     1
102
RTVSPropertyOp30
 70
     1
102
RTVSPropertyOp31
 70
     1
102
RTVSPropertyOp32
 70
     1
102
RTVSPropertyOp33
 70
     1
102
RTVSPropertyOp34
 70
     1
102
RTVSPropertyOp35
 70
     1
102
RTVSPropertyOp36
 70
     1
102
RTVSPropertyOp37
 70
     1
102
RTVSPropertyOp38
 70
     1
102
RTVSPropertyOp39
 70
     1
102
RTVSPropertyOp40
 70
     1
102
RTVSPropertyOp41
 70
     1
102
RTVSPropertyOp42
 70
     1
102
RTVSPropertyOp43
 70
     1
102
RTVSPropertyOp44
 70
     1
102
RTVSPropertyOp45
 70
     1
102
RTVSPropertyOp46
 70
     1
102
RTVSPropertyOp47
 70
     1
102
RTVSPropertyOp48
 70
     1
102
RTVSPropertyOp49
 70
     1
102
RTVSPropertyOp50
 70
     1
102
RTVSPropertyOp51
 70
     0
102
RTVSPropertyOp52
 70
     0
102
RTVSPropertyOp53
 70
     1
102
RTVSPropertyOp54
 70
     1
102
RTVSPropertyOp55
 70
     1
102
RTVSPropertyOp56
 70
     1
102
RTVSPropertyOp57
 70
     1
102
RTVSPropertyOp58
 70
     1
102
RTVSPropertyOp59
 70
     1
102
RTVSPropertyOp60
 70
     1
102
RTVSPropertyOp61
 70
     1
102
RTVSPropertyOp62
 70
     1
  0
ENDSEC
  0
EOF
