  0
SECTION
  2
HEADER
  9
$ACADVER
  1
AC1015
  9
$ACADMAINTVER
 70
    20
  9
$DWGCODEPAGE
  3
ANSI_936
  9
$INSBASE
 10
0.0
 20
0.0
 30
0.0
  9
$EXTMIN
 10
-399.1259291343379
 20
-399.1259291343379
 30
0.0
  9
$EXTMAX
 10
399.1259291343379
 20
399.1259291343379
 30
0.0
  9
$LIMMIN
 10
0.0
 20
0.0
  9
$LIMMAX
 10
12.0
 20
9.0
  9
$ORTHOMODE
 70
     0
  9
$REGENMODE
 70
     1
  9
$FILLMODE
 70
     1
  9
$QTEXTMODE
 70
     0
  9
$MIRRTEXT
 70
     0
  9
$LTSCALE
 40
1.0
  9
$ATTMODE
 70
     1
  9
$TEXTSIZE
 40
0.2
  9
$TRACEWID
 40
0.05
  9
$TEXTSTYLE
  7
STANDARD
  9
$CLAYER
  8
0
  9
$CELTYPE
  6
ByLayer
  9
$CECOLOR
 62
   256
  9
$CELTSCALE
 40
1.0
  9
$DISPSILH
 70
     0
  9
$DIMSCALE
 40
1.0
  9
$DIMASZ
 40
0.18
  9
$DIMEXO
 40
0.0625
  9
$DIMDLI
 40
0.38
  9
$DIMRND
 40
0.0
  9
$DIMDLE
 40
0.0
  9
$DIMEXE
 40
0.18
  9
$DIMTP
 40
0.0
  9
$DIMTM
 40
0.0
  9
$DIMTXT
 40
0.18
  9
$DIMCEN
 40
0.09
  9
$DIMTSZ
 40
0.0
  9
$DIMTOL
 70
     0
  9
$DIMLIM
 70
     0
  9
$DIMTIH
 70
     1
  9
$DIMTOH
 70
     1
  9
$DIMSE1
 70
     0
  9
$DIMSE2
 70
     0
  9
$DIMTAD
 70
     0
  9
$DIMZIN
 70
     0
  9
$DIMBLK
  1

  9
$DIMASO
 70
     1
  9
$DIMSHO
 70
     1
  9
$DIMPOST
  1

  9
$DIMAPOST
  1

  9
$DIMALT
 70
     0
  9
$DIMALTD
 70
     2
  9
$DIMALTF
 40
25.4
  9
$DIMLFAC
 40
1.0
  9
$DIMTOFL
 70
     0
  9
$DIMTVP
 40
0.0
  9
$DIMTIX
 70
     0
  9
$DIMSOXD
 70
     0
  9
$DIMSAH
 70
     0
  9
$DIMBLK1
  1

  9
$DIMBLK2
  1

  9
$DIMSTYLE
  2
STANDARD
  9
$DIMCLRD
 70
     0
  9
$DIMCLRE
 70
     0
  9
$DIMCLRT
 70
     0
  9
$DIMTFAC
 40
1.0
  9
$DIMGAP
 40
0.09
  9
$DIMJUST
 70
     0
  9
$DIMSD1
 70
     0
  9
$DIMSD2
 70
     0
  9
$DIMTOLJ
 70
     1
  9
$DIMTZIN
 70
     0
  9
$DIMALTZ
 70
     0
  9
$DIMALTTZ
 70
     0
  9
$DIMUPT
 70
     0
  9
$DIMDEC
 70
     4
  9
$DIMTDEC
 70
     4
  9
$DIMALTU
 70
     2
  9
$DIMALTTD
 70
     2
  9
$DIMTXSTY
  7
STANDARD
  9
$DIMAUNIT
 70
     0
  9
$DIMADEC
 70
     0
  9
$DIMALTRND
 40
0.0
  9
$DIMAZIN
 70
     0
  9
$DIMDSEP
 70
    46
  9
$DIMATFIT
 70
     3
  9
$DIMFRAC
 70
     0
  9
$DIMLDRBLK
  1

  9
$DIMLUNIT
 70
     2
  9
$DIMLWD
 70
    -2
  9
$DIMLWE
 70
    -2
  9
$DIMTMOVE
 70
     0
  9
$LUNITS
 70
     2
  9
$LUPREC
 70
     4
  9
$SKETCHINC
 40
0.1
  9
$FILLETRAD
 40
30.0
  9
$AUNITS
 70
     0
  9
$AUPREC
 70
     0
  9
$MENU
  1
.
  9
$ELEVATION
 40
0.0
  9
$PELEVATION
 40
0.0
  9
$THICKNESS
 40
0.0
  9
$LIMCHECK
 70
     0
  9
$CHAMFERA
 40
0.0
  9
$CHAMFERB
 40
0.0
  9
$CHAMFERC
 40
0.0
  9
$CHAMFERD
 40
0.0
  9
$SKPOLY
 70
     0
  9
$TDCREATE
 40
2460961.768958334
  9
$TDUCREATE
 40
2460961.435625000
  9
$TDUPDATE
 40
2460977.823113426
  9
$TDUUPDATE
 40
2460977.489780093
  9
$TDINDWG
 40
2.2333101852
  9
$TDUSRTIMER
 40
2.2333101852
  9
$USRTIMER
 70
     1
  9
$ANGBASE
 50
0.0
  9
$ANGDIR
 70
     0
  9
$PDMODE
 70
     0
  9
$PDSIZE
 40
0.0
  9
$PLINEWID
 40
0.0
  9
$SPLFRAME
 70
     0
  9
$SPLINETYPE
 70
     6
  9
$SPLINESEGS
 70
     8
  9
$HANDSEED
  5
40CA
  9
$SURFTAB1
 70
     6
  9
$SURFTAB2
 70
     6
  9
$SURFTYPE
 70
     6
  9
$SURFU
 70
     6
  9
$SURFV
 70
     6
  9
$UCSBASE
  2

  9
$UCSNAME
  2

  9
$UCSORG
 10
0.0
 20
0.0
 30
0.0
  9
$UCSXDIR
 10
1.0
 20
0.0
 30
0.0
  9
$UCSYDIR
 10
0.0
 20
1.0
 30
0.0
  9
$UCSORTHOREF
  2

  9
$UCSORTHOVIEW
 70
     0
  9
$UCSORGTOP
 10
0.0
 20
0.0
 30
0.0
  9
$UCSORGBOTTOM
 10
0.0
 20
0.0
 30
0.0
  9
$UCSORGLEFT
 10
0.0
 20
0.0
 30
0.0
  9
$UCSORGRIGHT
 10
0.0
 20
0.0
 30
0.0
  9
$UCSORGFRONT
 10
0.0
 20
0.0
 30
0.0
  9
$UCSORGBACK
 10
0.0
 20
0.0
 30
0.0
  9
$PUCSBASE
  2

  9
$PUCSNAME
  2

  9
$PUCSORG
 10
0.0
 20
0.0
 30
0.0
  9
$PUCSXDIR
 10
1.0
 20
0.0
 30
0.0
  9
$PUCSYDIR
 10
0.0
 20
1.0
 30
0.0
  9
$PUCSORTHOREF
  2

  9
$PUCSORTHOVIEW
 70
     0
  9
$PUCSORGTOP
 10
0.0
 20
0.0
 30
0.0
  9
$PUCSORGBOTTOM
 10
0.0
 20
0.0
 30
0.0
  9
$PUCSORGLEFT
 10
0.0
 20
0.0
 30
0.0
  9
$PUCSORGRIGHT
 10
0.0
 20
0.0
 30
0.0
  9
$PUCSORGFRONT
 10
0.0
 20
0.0
 30
0.0
  9
$PUCSORGBACK
 10
0.0
 20
0.0
 30
0.0
  9
$USERI1
 70
     0
  9
$USERI2
 70
     0
  9
$USERI3
 70
     0
  9
$USERI4
 70
     0
  9
$USERI5
 70
     0
  9
$USERR1
 40
0.0
  9
$USERR2
 40
0.0
  9
$USERR3
 40
0.0
  9
$USERR4
 40
0.0
  9
$USERR5
 40
0.0
  9
$WORLDVIEW
 70
     1
  9
$SHADEDGE
 70
     3
  9
$SHADEDIF
 70
    70
  9
$TILEMODE
 70
     1
  9
$MAXACTVP
 70
    64
  9
$PINSBASE
 10
0.0
 20
0.0
 30
0.0
  9
$PLIMCHECK
 70
     0
  9
$PEXTMIN
 10
0.0
 20
0.0
 30
0.0
  9
$PEXTMAX
 10
0.0
 20
0.0
 30
0.0
  9
$PLIMMIN
 10
0.0
 20
0.0
  9
$PLIMMAX
 10
12.0
 20
9.0
  9
$UNITMODE
 70
     0
  9
$VISRETAIN
 70
     1
  9
$PLINEGEN
 70
     0
  9
$PSLTSCALE
 70
     1
  9
$TREEDEPTH
 70
  3020
  9
$CMLSTYLE
  2
Standard
  9
$CMLJUST
 70
     0
  9
$CMLSCALE
 40
1.0
  9
$PROXYGRAPHICS
 70
     1
  9
$MEASUREMENT
 70
     0
  9
$CELWEIGHT
370
    -1
  9
$ENDCAPS
280
     0
  9
$JOINSTYLE
280
     0
  9
$LWDISPLAY
290
     0
  9
$INSUNITS
 70
     0
  9
$HYPERLINKBASE
  1

  9
$STYLESHEET
  1

  9
$XEDIT
290
     1
  9
$CEPSNTYPE
380
     0
  9
$PSTYLEMODE
290
     1
  9
$FINGERPRINTGUID
  2
{309D1E51-9AD4-D948-A8A0-E637098F51D3}
  9
$VERSIONGUID
  2
{8DEA27AF-3DE3-AB4B-B7C6-23135B167E57}
  9
$EXTNAMES
290
     1
  9
$PSVPSCALE
 40
0.0
  9
$OLESTARTUP
290
     0
  0
ENDSEC
  0
SECTION
  2
CLASSES
  0
CLASS
  1
ACDBDICTIONARYWDFLT
  2
AcDbDictionaryWithDefault
  3
ObjectDBX Classes
 90
        0
280
     0
281
     0
  0
CLASS
  1
MATERIAL
  2
AcDbMaterial
  3
ObjectDBX Classes
 90
     1153
280
     0
281
     0
  0
CLASS
  1
VISUALSTYLE
  2
AcDbVisualStyle
  3
ObjectDBX Classes
 90
     4095
280
     0
281
     0
  0
CLASS
  1
SCALE
  2
AcDbScale
  3
ObjectDBX Classes
 90
     1153
280
     0
281
     0
  0
CLASS
  1
TABLESTYLE
  2
AcDbTableStyle
  3
ObjectDBX Classes
 90
     4095
280
     0
281
     0
  0
CLASS
  1
MLEADERSTYLE
  2
AcDbMLeaderStyle
  3
ACDB_MLEADERSTYLE_CLASS
 90
     4095
280
     0
281
     0
  0
CLASS
  1
ACDBSECTIONVIEWSTYLE
  2
AcDbSectionViewStyle
  3
ObjectDBX Classes
 90
     1025
280
     0
281
     0
  0
CLASS
  1
ACDBDETAILVIEWSTYLE
  2
AcDbDetailViewStyle
  3
ObjectDBX Classes
 90
     1025
280
     0
281
     0
  0
CLASS
  1
SORTENTSTABLE
  2
AcDbSortentsTable
  3
ObjectDBX Classes
 90
        0
280
     0
281
     0
  0
CLASS
  1
DICTIONARYVAR
  2
AcDbDictionaryVar
  3
ObjectDBX Classes
 90
        0
280
     0
281
     0
  0
CLASS
  1
CELLSTYLEMAP
  2
AcDbCellStyleMap
  3
ObjectDBX Classes
 90
     1152
280
     0
281
     0
  0
CLASS
  1
ACDBPLACEHOLDER
  2
AcDbPlaceHolder
  3
ObjectDBX Classes
 90
        0
280
     0
281
     0
  0
CLASS
  1
LAYOUT
  2
AcDbLayout
  3
ObjectDBX Classes
 90
        0
280
     0
281
     0
  0
CLASS
  1
ACARRAYJIGENTITY
  2
AcArrayJigEntity
  3
ACAD_ARRAY
 90
      129
280
     0
281
     1
  0
CLASS
  1
ACDBASSOCNETWORK
  2
AcDbAssocNetwork
  3
ObjectDBX Classes
 90
     1025
280
     0
281
     0
  0
CLASS
  1
ACDBASSOCACTION
  2
AcDbAssocAction
  3
ObjectDBX Classes
 90
     1025
280
     0
281
     0
  0
CLASS
  1
ACDBASSOCARRAYACTIONBODY
  2
AcDbAssocArrayActionBody
  3
ObjectDBX Classes
 90
     1025
280
     0
281
     0
  0
CLASS
  1
ACDBASSOCVERTEXACTIONPARAM
  2
AcDbAssocVertexActionParam
  3
ObjectDBX Classes
 90
     1025
280
     0
281
     0
  0
CLASS
  1
ACDBASSOCDEPENDENCY
  2
AcDbAssocDependency
  3
ObjectDBX Classes
 90
     1025
280
     0
281
     0
  0
CLASS
  1
ACDBASSOCARRAYPOLARPARAMETERS
  2
AcDbAssocArrayPolarParameters
  3
ObjectDBX Classes
 90
    33793
280
     0
281
     0
  0
ENDSEC
  0
SECTION
  2
TABLES
  0
TABLE
  2
VPORT
  5
3AA
330
0
100
AcDbSymbolTable
 70
     1
  0
VPORT
  5
415
330
3AA
100
AcDbSymbolTableRecord
100
AcDbViewportTableRecord
  2
*ACTIVE
 70
     0
 10
0.0
 20
0.0
 11
1.0
 21
1.0
 12
-11.79872031822015
 22
-18.94721317616125
 13
0.0
 23
0.0
 14
0.5
 24
0.5
 15
0.5
 25
0.5
 16
0.0
 26
0.0
 36
1.0
 17
0.0
 27
0.0
 37
0.0
 40
923.7215242434196
 41
2.176303854875283
 42
50.0
 43
0.0
 44
0.0
 50
0.0
 51
0.0
 71
     0
 72
  1000
 73
     1
 74
     3
 75
     0
 76
     0
 77
     0
 78
     0
281
     0
 65
     1
110
0.0
120
0.0
130
0.0
111
1.0
121
0.0
131
0.0
112
0.0
122
1.0
132
0.0
 79
     0
146
0.0
1001
ACAD_NAV_VCDISPLAY
1070
     3
  0
ENDTAB
  0
TABLE
  2
LTYPE
  5
3A7
330
0
100
AcDbSymbolTable
 70
     2
  0
LTYPE
  5
3FC
330
3A7
100
AcDbSymbolTableRecord
100
AcDbLinetypeTableRecord
  2
ByBlock
 70
     0
  3

 72
    65
 73
     0
 40
0.0
  0
LTYPE
  5
3FD
330
3A7
100
AcDbSymbolTableRecord
100
AcDbLinetypeTableRecord
  2
ByLayer
 70
     0
  3

 72
    65
 73
     0
 40
0.0
  0
LTYPE
  5
3FE
330
3A7
100
AcDbSymbolTableRecord
100
AcDbLinetypeTableRecord
  2
CONTINUOUS
 70
     0
  3
Solid line
 72
    65
 73
     0
 40
0.0
  0
ENDTAB
  0
TABLE
  2
LAYER
  5
3A4
330
0
100
AcDbSymbolTable
 70
     2
  0
LAYER
  5
3F6
102
{ACAD_XDICTIONARY
360
435
102
}
330
3A4
100
AcDbSymbolTableRecord
100
AcDbLayerTableRecord
  2
0
 70
     0
 62
     7
  6
CONTINUOUS
370
    -3
390
3B1
  0
LAYER
  5
784
330
3A4
100
AcDbSymbolTableRecord
100
AcDbLayerTableRecord
  2
Defpoints
 70
     0
 62
     7
  6
CONTINUOUS
290
     0
370
    -3
390
3B1
  0
ENDTAB
  0
TABLE
  2
STYLE
  5
3A5
330
0
100
AcDbSymbolTable
 70
     2
  0
STYLE
  5
3F7
330
3A5
100
AcDbSymbolTableRecord
100
AcDbTextStyleTableRecord
  2
STANDARD
 70
     0
 40
10.0
 41
1.0
 50
0.0
 71
     0
 42
0.2
  3
txt.shx
  4

  0
STYLE
  5
3FB
330
3A5
100
AcDbSymbolTableRecord
100
AcDbTextStyleTableRecord
  2
ANNOTATIVE
 70
     0
 40
0.0
 41
1.0
 50
0.0
 71
     0
 42
0.2
  3
txt
  4

1001
ACADANNOTATIVE
1000
AnnotativeData
1002
{
1070
     1
1070
     1
1002
}
  0
ENDTAB
  0
TABLE
  2
VIEW
  5
3A8
330
0
100
AcDbSymbolTable
 70
     0
  0
ENDTAB
  0
TABLE
  2
UCS
  5
3A9
330
0
100
AcDbSymbolTable
 70
     0
  0
ENDTAB
  0
TABLE
  2
APPID
  5
3AB
330
0
100
AcDbSymbolTable
 70
    10
  0
APPID
  5
3F8
330
3AB
100
AcDbSymbolTableRecord
100
AcDbRegAppTableRecord
  2
ACAD
 70
     0
  0
APPID
  5
3FF
330
3AB
100
AcDbSymbolTableRecord
100
AcDbRegAppTableRecord
  2
ACADANNOTATIVE
 70
     0
  0
APPID
  5
416
330
3AB
100
AcDbSymbolTableRecord
100
AcDbRegAppTableRecord
  2
ACADANNOPO
 70
     0
  0
APPID
  5
417
330
3AB
100
AcDbSymbolTableRecord
100
AcDbRegAppTableRecord
  2
ACAD_DSTYLE_DIMJAG
 70
     0
  0
APPID
  5
418
330
3AB
100
AcDbSymbolTableRecord
100
AcDbRegAppTableRecord
  2
ACAD_DSTYLE_DIMTALN
 70
     0
  0
APPID
  5
419
330
3AB
100
AcDbSymbolTableRecord
100
AcDbRegAppTableRecord
  2
ACAD_MLEADERVER
 70
     0
  0
APPID
  5
41A
330
3AB
100
AcDbSymbolTableRecord
100
AcDbRegAppTableRecord
  2
ACAD_NAV_VCDISPLAY
 70
     0
  0
APPID
  5
41B
330
3AB
100
AcDbSymbolTableRecord
100
AcDbRegAppTableRecord
  2
ACAD_EXEMPT_FROM_CAD_STANDARDS
 70
     0
  0
APPID
  5
423
330
3AB
100
AcDbSymbolTableRecord
100
AcDbRegAppTableRecord
  2
Acad_TC
 70
     0
  0
APPID
  5
159D
330
3AB
100
AcDbSymbolTableRecord
100
AcDbRegAppTableRecord
  2
ACAD_DSTYLE_DIMRADIAL_EXTENSION
 70
     0
  0
ENDTAB
  0
TABLE
  2
DIMSTYLE
  5
3AC
330
0
100
AcDbSymbolTable
 70
     3
100
AcDbDimStyleTable
 71
     1
340
3F9
  0
DIMSTYLE
105
3F9
330
3AC
100
AcDbSymbolTableRecord
100
AcDbDimStyleTableRecord
  2
STANDARD
 70
     0
279
     2
340
3F7
  0
DIMSTYLE
105
3FA
330
3AC
100
AcDbSymbolTableRecord
100
AcDbDimStyleTableRecord
  2
ANNOTATIVE
 70
     0
 40
0.0
279
     2
340
3F7
1001
ACADANNOTATIVE
1000
AnnotativeData
1002
{
1070
     1
1070
     1
1002
}
  0
ENDTAB
  0
TABLE
  2
BLOCK_RECORD
  5
3A3
330
0
100
AcDbSymbolTable
 70
    20
  0
BLOCK_RECORD
  5
411
102
{ACAD_XDICTIONARY
360
42B
102
}
330
3A3
100
AcDbSymbolTableRecord
100
AcDbBlockTableRecord
  2
*Model_Space
340
414
  0
BLOCK_RECORD
  5
40D
330
3A3
100
AcDbSymbolTableRecord
100
AcDbBlockTableRecord
  2
*Paper_Space
340
410
  0
BLOCK_RECORD
  5
41D
330
3A3
100
AcDbSymbolTableRecord
100
AcDbBlockTableRecord
  2
$MODEL_SPACE
340
0
  0
BLOCK_RECORD
  5
41F
330
3A3
100
AcDbSymbolTableRecord
100
AcDbBlockTableRecord
  2
$PAPER_SPACE
340
0
  0
BLOCK_RECORD
  5
785
330
3A3
100
AcDbSymbolTableRecord
100
AcDbBlockTableRecord
  2
*D2
340
0
  0
BLOCK_RECORD
  5
2DBE
330
3A3
100
AcDbSymbolTableRecord
100
AcDbBlockTableRecord
  2
*D3
340
0
  0
BLOCK_RECORD
  5
3498
102
{ACAD_XDICTIONARY
360
3603
102
}
330
3A3
100
AcDbSymbolTableRecord
100
AcDbBlockTableRecord
  2
A$C46fb6b1a
340
0
  0
BLOCK_RECORD
  5
3C91
330
3A3
100
AcDbSymbolTableRecord
100
AcDbBlockTableRecord
  2
*D5
340
0
  0
BLOCK_RECORD
  5
3C9B
330
3A3
100
AcDbSymbolTableRecord
100
AcDbBlockTableRecord
  2
*D6
340
0
  0
BLOCK_RECORD
  5
3CB2
330
3A3
100
AcDbSymbolTableRecord
100
AcDbBlockTableRecord
  2
*U7
340
0
102
{BLKREFS
331
3CCE
331
3CCF
331
3CD0
331
3CD1
102
}
  0
BLOCK_RECORD
  5
3CB5
102
{ACAD_XDICTIONARY
360
3E80
102
}
330
3A3
100
AcDbSymbolTableRecord
100
AcDbBlockTableRecord
  2
*U8
340
0
  0
BLOCK_RECORD
  5
3CDA
330
3A3
100
AcDbSymbolTableRecord
100
AcDbBlockTableRecord
  2
*U9
340
0
102
{BLKREFS
331
3CED
331
3CEE
331
3CEF
331
3CF0
102
}
  0
BLOCK_RECORD
  5
3CDD
102
{ACAD_XDICTIONARY
360
3E83
102
}
330
3A3
100
AcDbSymbolTableRecord
100
AcDbBlockTableRecord
  2
*U10
340
0
  0
BLOCK_RECORD
  5
3D21
330
3A3
100
AcDbSymbolTableRecord
100
AcDbBlockTableRecord
  2
*U11
340
0
102
{BLKREFS
331
3D3E
331
3D3F
331
3D40
331
3D41
102
}
  0
BLOCK_RECORD
  5
3D24
102
{ACAD_XDICTIONARY
360
3E86
102
}
330
3A3
100
AcDbSymbolTableRecord
100
AcDbBlockTableRecord
  2
*U12
340
0
  0
BLOCK_RECORD
  5
3D80
330
3A3
100
AcDbSymbolTableRecord
100
AcDbBlockTableRecord
  2
*U13
340
0
102
{BLKREFS
331
3D9B
331
3D9C
331
3D9D
331
3D9E
102
}
  0
BLOCK_RECORD
  5
3D83
102
{ACAD_XDICTIONARY
360
3E89
102
}
330
3A3
100
AcDbSymbolTableRecord
100
AcDbBlockTableRecord
  2
*U14
340
0
  0
BLOCK_RECORD
  5
3DD3
330
3A3
100
AcDbSymbolTableRecord
100
AcDbBlockTableRecord
  2
*U15
340
0
102
{BLKREFS
331
3DEC
102
}
  0
BLOCK_RECORD
  5
3DD6
102
{ACAD_XDICTIONARY
360
3E8C
102
}
330
3A3
100
AcDbSymbolTableRecord
100
AcDbBlockTableRecord
  2
*U16
340
0
  0
BLOCK_RECORD
  5
3EC2
330
3A3
100
AcDbSymbolTableRecord
100
AcDbBlockTableRecord
  2
*U18
340
0
102
{BLKREFS
331
3EDB
331
3EDC
331
3EDD
331
3EDE
102
}
  0
BLOCK_RECORD
  5
3EC5
102
{ACAD_XDICTIONARY
360
40C7
102
}
330
3A3
100
AcDbSymbolTableRecord
100
AcDbBlockTableRecord
  2
*U19
340
0
  0
ENDTAB
  0
ENDSEC
  0
SECTION
  2
BLOCKS
  0
BLOCK
  5
412
330
411
100
AcDbEntity
  8
0
100
AcDbBlockBegin
  2
*Model_Space
 70
     0
 10
0.0
 20
0.0
 30
0.0
  3
*Model_Space
  1

  0
ENDBLK
  5
413
330
411
100
AcDbEntity
  8
0
100
AcDbBlockEnd
  0
BLOCK
  5
40E
330
40D
100
AcDbEntity
 67
     1
  8
0
100
AcDbBlockBegin
  2
*Paper_Space
 70
     0
 10
0.0
 20
0.0
 30
0.0
  3
*Paper_Space
  1

  0
ENDBLK
  5
40F
330
40D
100
AcDbEntity
 67
     1
  8
0
100
AcDbBlockEnd
  0
BLOCK
  5
41E
330
41D
100
AcDbEntity
  8
0
100
AcDbBlockBegin
  2
$MODEL_SPACE
 70
     0
 10
0.0
 20
0.0
 30
0.0
  3
$MODEL_SPACE
  1

  0
ENDBLK
  5
21
330
41D
100
AcDbEntity
  8
0
100
AcDbBlockEnd
  0
BLOCK
  5
420
330
41F
100
AcDbEntity
  8
0
100
AcDbBlockBegin
  2
$PAPER_SPACE
 70
     0
 10
0.0
 20
0.0
 30
0.0
  3
$PAPER_SPACE
  1

  0
ENDBLK
  5
5B
330
41F
100
AcDbEntity
  8
0
100
AcDbBlockEnd
  0
BLOCK
  5
786
330
785
100
AcDbEntity
  8
0
100
AcDbBlockBegin
  2
*D2
 70
     1
 10
0.0
 20
0.0
 30
0.0
  3
*D2
  1

  0
LINE
  5
788
330
785
100
AcDbEntity
  8
0
 62
     0
370
    -2
100
AcDbLine
 10
87.62857833444288
 20
105.0
 30
0.0
 11
87.51107833444288
 21
105.0
 31
0.0
  0
LINE
  5
789
330
785
100
AcDbEntity
  8
0
 62
     0
370
    -2
100
AcDbLine
 10
87.62857833444288
 20
-5.0
 30
0.0
 11
87.51107833444288
 21
-5.0
 31
0.0
  0
LINE
  5
78A
330
785
100
AcDbEntity
  8
0
 62
     0
370
    -2
100
AcDbLine
 10
87.69107833444287
 20
104.82
 30
0.0
 11
87.69107833444287
 21
50.18000000000003
 31
0.0
  0
LINE
  5
78B
330
785
100
AcDbEntity
  8
0
 62
     0
370
    -2
100
AcDbLine
 10
87.69107833444291
 20
-4.820000000000002
 30
0.0
 11
87.69107833444287
 21
49.82000000000002
 31
0.0
  0
SOLID
  5
78C
330
785
100
AcDbEntity
  8
0
 62
     0
100
AcDbTrace
 10
87.66107833444287
 20
104.82
 30
0.0
 11
87.72107833444287
 21
104.82
 31
0.0
 12
87.69107833444287
 22
105.0
 32
0.0
 13
87.69107833444287
 23
105.0
 33
0.0
  0
SOLID
  5
78D
330
785
100
AcDbEntity
  8
0
 62
     0
100
AcDbTrace
 10
87.66107833444291
 20
-4.820000000000002
 30
0.0
 11
87.72107833444291
 21
-4.820000000000002
 31
0.0
 12
87.69107833444291
 22
-5.0
 32
0.0
 13
87.69107833444291
 23
-5.0
 33
0.0
  0
MTEXT
  5
78E
330
785
100
AcDbEntity
  8
0
 62
     0
100
AcDbMText
 10
87.69107833444287
 20
50.0
 30
0.0
 40
0.18
 41
0.0
 71
     5
 72
     1
  1
\A1;110.0000
 73
     1
 44
1.0
1001
ACAD
1000
MTEXTBEGIN
1070
    73
1070
     1
1070
    44
1040
1.0
1070
    74
1070
     0
1000
MTEXTEND
  0
POINT
  5
78F
330
785
100
AcDbEntity
  8
Defpoints
 62
     0
100
AcDbPoint
 10
87.69107833444287
 20
105.0
 30
0.0
  0
POINT
  5
790
330
785
100
AcDbEntity
  8
Defpoints
 62
     0
100
AcDbPoint
 10
87.69107833444287
 20
-5.0
 30
0.0
  0
POINT
  5
791
330
785
100
AcDbEntity
  8
Defpoints
 62
     0
100
AcDbPoint
 10
87.69107833444291
 20
-5.0
 30
0.0
  0
ENDBLK
  5
787
330
785
100
AcDbEntity
  8
0
100
AcDbBlockEnd
  0
BLOCK
  5
2DBF
330
2DBE
100
AcDbEntity
  8
0
100
AcDbBlockBegin
  2
*D3
 70
     1
 10
0.0
 20
0.0
 30
0.0
  3
*D3
  1

  0
LINE
  5
2DC1
330
2DBE
100
AcDbEntity
  8
0
 62
     0
370
    -2
100
AcDbLine
 10
-5.0
 20
90.06250000000001
 30
0.0
 11
-4.999999999999999
 21
137.2586486151282
 31
0.0
  0
LINE
  5
2DC2
330
2DBE
100
AcDbEntity
  8
0
 62
     0
370
    -2
100
AcDbLine
 10
385.0000000000002
 20
90.06249999999994
 30
0.0
 11
385.0000000000002
 21
137.2586486151282
 31
0.0
  0
LINE
  5
2DC3
330
2DBE
100
AcDbEntity
  8
0
 62
     0
370
    -2
100
AcDbLine
 10
-4.819999999999998
 20
137.0786486151282
 30
0.0
 11
159.0766666666667
 21
137.0786486151282
 31
0.0
  0
LINE
  5
2DC4
330
2DBE
100
AcDbEntity
  8
0
 62
     0
370
    -2
100
AcDbLine
 10
384.8200000000002
 20
137.0786486151282
 30
0.0
 11
220.9233333333334
 21
137.0786486151282
 31
0.0
  0
SOLID
  5
2DC5
330
2DBE
100
AcDbEntity
  8
0
 62
     0
100
AcDbTrace
 10
-4.819999999999998
 20
137.1086486151282
 30
0.0
 11
-4.819999999999998
 21
137.0486486151282
 31
0.0
 12
-4.999999999999999
 22
137.0786486151282
 32
0.0
 13
-4.999999999999999
 23
137.0786486151282
 33
0.0
  0
SOLID
  5
2DC6
330
2DBE
100
AcDbEntity
  8
0
 62
     0
100
AcDbTrace
 10
384.8200000000002
 20
137.1086486151282
 30
0.0
 11
384.8200000000002
 21
137.0486486151282
 31
0.0
 12
385.0000000000002
 22
137.0786486151282
 32
0.0
 13
385.0000000000002
 23
137.0786486151282
 33
0.0
  0
MTEXT
  5
2DC7
330
2DBE
100
AcDbEntity
  8
0
 62
     0
100
AcDbMText
 10
190.0
 20
137.0786486151282
 30
0.0
 40
10.0
 41
0.0
 71
     5
 72
     1
  1
\A1;390.0000
 73
     1
 44
1.0
1001
ACAD
1000
MTEXTBEGIN
1070
    73
1070
     1
1070
    44
1040
1.0
1070
    74
1070
     0
1000
MTEXTEND
  0
POINT
  5
2DC8
330
2DBE
100
AcDbEntity
  8
Defpoints
 62
     0
100
AcDbPoint
 10
-5.0
 20
90.00000000000001
 30
0.0
  0
POINT
  5
2DC9
330
2DBE
100
AcDbEntity
  8
Defpoints
 62
     0
100
AcDbPoint
 10
385.0000000000002
 20
89.99999999999994
 30
0.0
  0
POINT
  5
2DCA
330
2DBE
100
AcDbEntity
  8
Defpoints
 62
     0
100
AcDbPoint
 10
385.0000000000002
 20
137.0786486151282
 30
0.0
  0
ENDBLK
  5
2DC0
330
2DBE
100
AcDbEntity
  8
0
100
AcDbBlockEnd
  0
BLOCK
  5
3605
330
3498
100
AcDbEntity
  8
0
100
AcDbBlockBegin
  2
A$C46fb6b1a
 70
     0
 10
0.0
 20
0.0
 30
0.0
  3
A$C46fb6b1a
  1

  0
LINE
  5
3499
330
3498
100
AcDbEntity
  8
0
100
AcDbLine
 10
15.72794310642376
 20
204.9986752426971
 30
0.0
 11
95.72794310642377
 21
204.9986752426971
 31
0.0
  0
LINE
  5
349A
330
3498
100
AcDbEntity
  8
0
100
AcDbLine
 10
15.72794310642376
 20
199.9986752426971
 30
0.0
 11
45.72794310642374
 21
199.9986752426971
 31
0.0
  0
ARC
  5
349B
330
3498
100
AcDbEntity
  8
0
100
AcDbCircle
 10
45.72794310642374
 20
189.9986752426971
 30
0.0
 40
10.0
100
AcDbArc
 50
0.0
 51
90.0
  0
ARC
  5
349C
330
3498
100
AcDbEntity
  8
0
100
AcDbCircle
 10
45.72794310642374
 20
189.9986752426971
 30
0.0
 40
15.0
100
AcDbArc
 50
0.0
 51
90.0
  0
LINE
  5
349D
330
3498
100
AcDbEntity
  8
0
100
AcDbLine
 10
105.7279431064237
 20
262.4986752426972
 30
0.0
 11
105.7279431064237
 21
294.9986752426971
 31
0.0
  0
LINE
  5
349E
330
3498
100
AcDbEntity
  8
0
100
AcDbLine
 10
110.7279431064237
 20
267.4986752426971
 30
0.0
 11
110.7279431064237
 21
294.9986752426971
 31
0.0
  0
LINE
  5
349F
330
3498
100
AcDbEntity
  8
0
100
AcDbLine
 10
95.72794310642377
 20
304.9986752426971
 30
0.0
 11
15.72794310642378
 21
304.9986752426971
 31
0.0
  0
LINE
  5
34A0
330
3498
100
AcDbEntity
  8
0
100
AcDbLine
 10
95.72794310642377
 20
309.9986752426971
 30
0.0
 11
15.72794310642378
 21
309.9986752426971
 31
0.0
  0
LINE
  5
34A1
330
3498
100
AcDbEntity
  8
0
100
AcDbLine
 10
5.727943106423778
 20
294.9986752426972
 30
0.0
 11
5.727943106423762
 21
214.9986752426972
 31
0.0
  0
LINE
  5
34A2
330
3498
100
AcDbEntity
  8
0
100
AcDbLine
 10
0.7279431064237807
 20
294.9986752426972
 30
0.0
 11
0.7279431064237656
 21
214.9986752426972
 31
0.0
  0
ARC
  5
34A3
330
3498
100
AcDbEntity
  8
0
100
AcDbCircle
 10
15.72794310642378
 20
294.9986752426972
 30
0.0
 40
10.0
100
AcDbArc
 50
90.0
 51
180.0
  0
ARC
  5
34A4
330
3498
100
AcDbEntity
  8
0
100
AcDbCircle
 10
15.72794310642378
 20
294.9986752426972
 30
0.0
 40
15.0
100
AcDbArc
 50
90.0
 51
180.0
  0
ARC
  5
34A5
330
3498
100
AcDbEntity
  8
0
100
AcDbCircle
 10
95.72794310642377
 20
294.9986752426971
 30
0.0
 40
10.0
100
AcDbArc
 50
0.0
 51
90.0
  0
ARC
  5
34A6
330
3498
100
AcDbEntity
  8
0
100
AcDbCircle
 10
95.72794310642377
 20
294.9986752426971
 30
0.0
 40
15.0
100
AcDbArc
 50
0.0
 51
90.0
  0
ARC
  5
34A7
330
3498
100
AcDbEntity
  8
0
100
AcDbCircle
 10
95.72794310642377
 20
214.9986752426972
 30
0.0
 40
10.0
100
AcDbArc
 50
270.0
 51
0.0
  0
ARC
  5
34A8
330
3498
100
AcDbEntity
  8
0
100
AcDbCircle
 10
95.72794310642377
 20
214.9986752426972
 30
0.0
 40
15.0
100
AcDbArc
 50
270.0
 51
0.0
  0
ARC
  5
34A9
330
3498
100
AcDbEntity
  8
0
100
AcDbCircle
 10
15.72794310642376
 20
214.9986752426972
 30
0.0
 40
10.0
100
AcDbArc
 50
180.0
 51
270.0
  0
ARC
  5
34AA
330
3498
100
AcDbEntity
  8
0
100
AcDbCircle
 10
15.72794310642376
 20
214.9986752426972
 30
0.0
 40
15.0
100
AcDbArc
 50
180.0
 51
270.0
  0
LINE
  5
34AB
330
3498
100
AcDbEntity
  8
0
100
AcDbLine
 10
95.72794310642377
 20
309.9986752426971
 30
0.0
 11
195.7279431064238
 21
309.9986752426971
 31
0.0
  0
LINE
  5
34AC
330
3498
100
AcDbEntity
  8
0
100
AcDbLine
 10
95.72794310642377
 20
304.9986752426971
 30
0.0
 11
195.7279431064238
 21
304.9986752426971
 31
0.0
  0
LINE
  5
34AD
330
3498
100
AcDbEntity
  8
0
100
AcDbLine
 10
95.72794310642377
 20
204.9986752426971
 30
0.0
 11
195.7279431064238
 21
204.9986752426971
 31
0.0
  0
LINE
  5
34AE
330
3498
100
AcDbEntity
  8
0
100
AcDbLine
 10
95.72794310642377
 20
199.9986752426971
 30
0.0
 11
195.7279431064238
 21
199.9986752426971
 31
0.0
  0
CIRCLE
  5
34AF
330
3498
100
AcDbEntity
  8
0
100
AcDbCircle
 10
195.7279431064238
 20
254.9986752426971
 30
0.0
 40
50.0
  0
ARC
  5
34B0
330
3498
100
AcDbEntity
  8
0
100
AcDbCircle
 10
136.1985386074705
 20
262.4986752426972
 30
0.0
 40
10.0
100
AcDbArc
 50
270.0
 51
352.8192442185417
  0
CIRCLE
  5
34B1
330
3498
100
AcDbEntity
  8
0
100
AcDbCircle
 10
195.7279431064238
 20
254.9986752426971
 30
0.0
 40
55.0
  0
ARC
  5
34B2
330
3498
100
AcDbEntity
  8
0
100
AcDbCircle
 10
131.9411889955584
 20
267.4986752426971
 30
0.0
 40
10.0
100
AcDbArc
 50
270.0
 51
348.9125107890302
  0
LINE
  5
34B3
330
3498
100
AcDbEntity
  8
0
100
AcDbLine
 10
136.1985386074705
 20
252.4986752426972
 30
0.0
 11
120.7279431064238
 21
252.4986752426972
 31
0.0
  0
LINE
  5
34B4
330
3498
100
AcDbEntity
  8
0
100
AcDbLine
 10
131.9411889955584
 20
257.4986752426971
 30
0.0
 11
120.7279431064238
 21
257.4986752426971
 31
0.0
  0
ARC
  5
34B5
330
3498
100
AcDbEntity
  8
0
100
AcDbCircle
 10
120.7279431064238
 20
267.4986752426971
 30
0.0
 40
10.0
100
AcDbArc
 50
180.0
 51
270.0
  0
ARC
  5
34B6
330
3498
100
AcDbEntity
  8
0
100
AcDbCircle
 10
120.7279431064238
 20
267.4986752426971
 30
0.0
 40
15.0
100
AcDbArc
 50
180.0
 51
270.0
  0
LINE
  5
34B7
330
3498
100
AcDbEntity
  8
0
100
AcDbLine
 10
110.7279431064237
 20
267.4986752426971
 30
0.0
 11
110.7279431064238
 21
214.9986752426972
 31
0.0
  0
LINE
  5
34B8
330
3498
100
AcDbEntity
  8
0
100
AcDbLine
 10
105.7279431064237
 20
262.4986752426972
 30
0.0
 11
105.7279431064237
 21
214.9986752426972
 31
0.0
  0
ARC
  5
34B9
330
3498
100
AcDbEntity
  8
0
100
AcDbCircle
 10
136.1985386074705
 20
247.4986752426971
 30
0.0
 40
10.0
100
AcDbArc
 50
7.180755781458278
 51
90.0
  0
ARC
  5
34BA
330
3498
100
AcDbEntity
  8
0
100
AcDbCircle
 10
131.9411889955584
 20
242.4986752426972
 30
0.0
 40
10.0
100
AcDbArc
 50
11.08748921096988
 51
90.0
  0
LINE
  5
34BB
330
3498
100
AcDbEntity
  8
0
100
AcDbLine
 10
136.1985386074705
 20
257.4986752426972
 30
0.0
 11
120.7279431064238
 21
257.4986752426972
 31
0.0
  0
LINE
  5
34BC
330
3498
100
AcDbEntity
  8
0
100
AcDbLine
 10
131.9411889955584
 20
252.4986752426972
 30
0.0
 11
120.7279431064237
 21
252.4986752426972
 31
0.0
  0
ARC
  5
34BD
330
3498
100
AcDbEntity
  8
0
100
AcDbCircle
 10
120.7279431064237
 20
242.4986752426972
 30
0.0
 40
10.0
100
AcDbArc
 50
90.0
 51
180.0
  0
ARC
  5
34BE
330
3498
100
AcDbEntity
  8
0
100
AcDbCircle
 10
120.7279431064237
 20
242.4986752426972
 30
0.0
 40
15.0
100
AcDbArc
 50
90.0
 51
180.0
  0
LINE
  5
34BF
330
3498
100
AcDbEntity
  8
0
100
AcDbLine
 10
375.7279431064238
 20
204.9986752426971
 30
0.0
 11
295.7279431064238
 21
204.9986752426971
 31
0.0
  0
LINE
  5
34C0
330
3498
100
AcDbEntity
  8
0
100
AcDbLine
 10
375.7279431064238
 20
199.9986752426971
 30
0.0
 11
295.7279431064238
 21
199.9986752426971
 31
0.0
  0
LINE
  5
34C1
330
3498
100
AcDbEntity
  8
0
100
AcDbLine
 10
285.7279431064238
 20
262.4986752426971
 30
0.0
 11
285.7279431064238
 21
294.9986752426971
 31
0.0
  0
LINE
  5
34C2
330
3498
100
AcDbEntity
  8
0
100
AcDbLine
 10
280.7279431064237
 20
267.4986752426971
 30
0.0
 11
280.7279431064237
 21
294.9986752426971
 31
0.0
  0
LINE
  5
34C3
330
3498
100
AcDbEntity
  8
0
100
AcDbLine
 10
295.7279431064238
 20
304.9986752426971
 30
0.0
 11
375.7279431064238
 21
304.9986752426971
 31
0.0
  0
LINE
  5
34C4
330
3498
100
AcDbEntity
  8
0
100
AcDbLine
 10
295.7279431064238
 20
309.9986752426971
 30
0.0
 11
375.7279431064238
 21
309.9986752426971
 31
0.0
  0
LINE
  5
34C5
330
3498
100
AcDbEntity
  8
0
100
AcDbLine
 10
385.7279431064238
 20
294.9986752426971
 30
0.0
 11
385.7279431064238
 21
214.9986752426971
 31
0.0
  0
LINE
  5
34C6
330
3498
100
AcDbEntity
  8
0
100
AcDbLine
 10
390.7279431064239
 20
294.9986752426971
 30
0.0
 11
390.7279431064237
 21
214.9986752426971
 31
0.0
  0
ARC
  5
34C7
330
3498
100
AcDbEntity
  8
0
100
AcDbCircle
 10
375.7279431064238
 20
294.9986752426971
 30
0.0
 40
10.0
100
AcDbArc
 50
0.0
 51
90.0
  0
ARC
  5
34C8
330
3498
100
AcDbEntity
  8
0
100
AcDbCircle
 10
375.7279431064238
 20
294.9986752426971
 30
0.0
 40
15.0
100
AcDbArc
 50
0.0
 51
90.0
  0
ARC
  5
34C9
330
3498
100
AcDbEntity
  8
0
100
AcDbCircle
 10
295.7279431064238
 20
294.9986752426971
 30
0.0
 40
10.0
100
AcDbArc
 50
90.0
 51
180.0
  0
ARC
  5
34CA
330
3498
100
AcDbEntity
  8
0
100
AcDbCircle
 10
295.7279431064238
 20
294.9986752426971
 30
0.0
 40
15.0
100
AcDbArc
 50
90.0
 51
180.0
  0
ARC
  5
34CB
330
3498
100
AcDbEntity
  8
0
100
AcDbCircle
 10
295.7279431064238
 20
214.9986752426971
 30
0.0
 40
10.0
100
AcDbArc
 50
180.0
 51
270.0
  0
ARC
  5
34CC
330
3498
100
AcDbEntity
  8
0
100
AcDbCircle
 10
295.7279431064238
 20
214.9986752426971
 30
0.0
 40
15.0
100
AcDbArc
 50
180.0
 51
270.0
  0
ARC
  5
34CD
330
3498
100
AcDbEntity
  8
0
100
AcDbCircle
 10
375.7279431064238
 20
214.9986752426971
 30
0.0
 40
10.0
100
AcDbArc
 50
270.0
 51
0.0
  0
ARC
  5
34CE
330
3498
100
AcDbEntity
  8
0
100
AcDbCircle
 10
375.7279431064238
 20
214.9986752426971
 30
0.0
 40
15.0
100
AcDbArc
 50
270.0
 51
0.0
  0
LINE
  5
34CF
330
3498
100
AcDbEntity
  8
0
100
AcDbLine
 10
295.7279431064238
 20
309.9986752426971
 30
0.0
 11
195.7279431064238
 21
309.9986752426971
 31
0.0
  0
LINE
  5
34D0
330
3498
100
AcDbEntity
  8
0
100
AcDbLine
 10
295.7279431064238
 20
304.9986752426971
 30
0.0
 11
195.7279431064238
 21
304.9986752426971
 31
0.0
  0
LINE
  5
34D1
330
3498
100
AcDbEntity
  8
0
100
AcDbLine
 10
295.7279431064238
 20
204.9986752426971
 30
0.0
 11
265.6712511261098
 21
204.9986752426971
 31
0.0
  0
ARC
  5
34D2
330
3498
100
AcDbEntity
  8
0
100
AcDbCircle
 10
265.6712511261098
 20
194.9986752426971
 30
0.0
 40
10.0
100
AcDbArc
 50
90.0
 51
109.0042286711322
  0
ARC
  5
34D3
330
3498
100
AcDbEntity
  8
0
100
AcDbCircle
 10
250.3167747759462
 20
194.9986752426971
 30
0.0
 40
10.0
100
AcDbArc
 50
90.0
 51
109.0042286711322
  0
LINE
  5
34D4
330
3498
100
AcDbEntity
  8
0
100
AcDbLine
 10
295.7279431064238
 20
199.9986752426971
 30
0.0
 11
195.7279431064238
 21
199.9986752426971
 31
0.0
  0
LINE
  5
34D5
330
3498
100
AcDbEntity
  8
0
100
AcDbLine
 10
280.7279431064237
 20
267.4986752426971
 30
0.0
 11
280.7279431064237
 21
214.9986752426971
 31
0.0
  0
LINE
  5
34D6
330
3498
100
AcDbEntity
  8
0
100
AcDbLine
 10
285.7279431064238
 20
262.4986752426971
 30
0.0
 11
285.7279431064238
 21
214.9986752426971
 31
0.0
  0
LINE
  5
34D7
330
3498
100
AcDbEntity
  8
0
100
AcDbLine
 10
15.0
 20
5.000000000000056
 30
0.0
 11
95.0
 21
5.000000000000056
 31
0.0
  0
LINE
  5
34D8
330
3498
100
AcDbEntity
  8
0
100
AcDbLine
 10
15.0
 20
0.0000000000000568
 30
0.0
 11
95.0
 21
0.0000000000000568
 31
0.0
  0
LINE
  5
34D9
330
3498
100
AcDbEntity
  8
0
100
AcDbLine
 10
105.0
 20
62.50000000000007
 30
0.0
 11
105.0
 21
95.00000000000005
 31
0.0
  0
LINE
  5
34DA
330
3498
100
AcDbEntity
  8
0
100
AcDbLine
 10
110.0
 20
67.50000000000007
 30
0.0
 11
110.0
 21
95.00000000000005
 31
0.0
  0
LINE
  5
34DB
330
3498
100
AcDbEntity
  8
0
100
AcDbLine
 10
95.0
 20
105.0
 30
0.0
 11
15.00000000000001
 21
105.0
 31
0.0
  0
LINE
  5
34DC
330
3498
100
AcDbEntity
  8
0
100
AcDbLine
 10
95.0
 20
110.0
 30
0.0
 11
15.00000000000001
 21
110.0
 31
0.0
  0
LINE
  5
34DD
330
3498
100
AcDbEntity
  8
0
100
AcDbLine
 10
5.000000000000015
 20
95.00000000000007
 30
0.0
 11
5.0
 21
15.00000000000006
 31
0.0
  0
LINE
  5
34DE
330
3498
100
AcDbEntity
  8
0
100
AcDbLine
 10
0.0000000000000151
 20
95.00000000000007
 30
0.0
 11
0.0
 21
15.00000000000006
 31
0.0
  0
ARC
  5
34DF
330
3498
100
AcDbEntity
  8
0
100
AcDbCircle
 10
15.00000000000001
 20
95.00000000000007
 30
0.0
 40
10.0
100
AcDbArc
 50
90.0
 51
180.0
  0
ARC
  5
34E0
330
3498
100
AcDbEntity
  8
0
100
AcDbCircle
 10
15.00000000000001
 20
95.00000000000007
 30
0.0
 40
15.0
100
AcDbArc
 50
90.0
 51
180.0
  0
ARC
  5
34E1
330
3498
100
AcDbEntity
  8
0
100
AcDbCircle
 10
95.0
 20
95.00000000000005
 30
0.0
 40
10.0
100
AcDbArc
 50
0.0
 51
90.0
  0
ARC
  5
34E2
330
3498
100
AcDbEntity
  8
0
100
AcDbCircle
 10
95.0
 20
95.00000000000005
 30
0.0
 40
15.0
100
AcDbArc
 50
0.0
 51
90.0
  0
ARC
  5
34E3
330
3498
100
AcDbEntity
  8
0
100
AcDbCircle
 10
95.0
 20
15.00000000000006
 30
0.0
 40
10.0
100
AcDbArc
 50
270.0
 51
0.0
  0
ARC
  5
34E4
330
3498
100
AcDbEntity
  8
0
100
AcDbCircle
 10
95.0
 20
15.00000000000006
 30
0.0
 40
15.0
100
AcDbArc
 50
270.0
 51
0.0
  0
ARC
  5
34E5
330
3498
100
AcDbEntity
  8
0
100
AcDbCircle
 10
15.0
 20
15.00000000000006
 30
0.0
 40
10.0
100
AcDbArc
 50
180.0
 51
270.0
  0
ARC
  5
34E6
330
3498
100
AcDbEntity
  8
0
100
AcDbCircle
 10
15.0
 20
15.00000000000006
 30
0.0
 40
15.0
100
AcDbArc
 50
180.0
 51
270.0
  0
LINE
  5
34E7
330
3498
100
AcDbEntity
  8
0
100
AcDbLine
 10
95.0
 20
110.0
 30
0.0
 11
195.0
 21
110.0
 31
0.0
  0
LINE
  5
34E8
330
3498
100
AcDbEntity
  8
0
100
AcDbLine
 10
95.0
 20
105.0
 30
0.0
 11
195.0
 21
105.0
 31
0.0
  0
LINE
  5
34E9
330
3498
100
AcDbEntity
  8
0
100
AcDbLine
 10
95.0
 20
5.000000000000056
 30
0.0
 11
195.0
 21
5.000000000000056
 31
0.0
  0
LINE
  5
34EA
330
3498
100
AcDbEntity
  8
0
100
AcDbLine
 10
95.0
 20
0.0000000000000568
 30
0.0
 11
195.0
 21
0.0000000000000568
 31
0.0
  0
CIRCLE
  5
34EB
330
3498
100
AcDbEntity
  8
0
100
AcDbCircle
 10
195.0
 20
55.00000000000007
 30
0.0
 40
50.0
  0
CIRCLE
  5
34EC
330
3498
100
AcDbEntity
  8
0
100
AcDbCircle
 10
195.0
 20
55.00000000000007
 30
0.0
 40
55.0
  0
LINE
  5
34ED
330
3498
100
AcDbEntity
  8
0
100
AcDbLine
 10
110.0
 20
67.50000000000007
 30
0.0
 11
110.0
 21
15.00000000000006
 31
0.0
  0
LINE
  5
34EE
330
3498
100
AcDbEntity
  8
0
100
AcDbLine
 10
105.0
 20
62.50000000000007
 30
0.0
 11
105.0
 21
15.00000000000006
 31
0.0
  0
LINE
  5
34EF
330
3498
100
AcDbEntity
  8
0
100
AcDbLine
 10
375.0
 20
5.0
 30
0.0
 11
295.0
 21
5.000000000000028
 31
0.0
  0
LINE
  5
34F0
330
3498
100
AcDbEntity
  8
0
100
AcDbLine
 10
375.0
 20
0.0
 30
0.0
 11
295.0
 21
0.0000000000000284
 31
0.0
  0
LINE
  5
34F1
330
3498
100
AcDbEntity
  8
0
100
AcDbLine
 10
285.0
 20
62.50000000000003
 30
0.0
 11
285.0
 21
95.00000000000005
 31
0.0
  0
LINE
  5
34F2
330
3498
100
AcDbEntity
  8
0
100
AcDbLine
 10
280.0
 20
67.50000000000003
 30
0.0
 11
280.0
 21
95.00000000000005
 31
0.0
  0
LINE
  5
34F3
330
3498
100
AcDbEntity
  8
0
100
AcDbLine
 10
295.0
 20
105.0
 30
0.0
 11
375.0
 21
105.0
 31
0.0
  0
LINE
  5
34F4
330
3498
100
AcDbEntity
  8
0
100
AcDbLine
 10
295.0
 20
110.0
 30
0.0
 11
375.0
 21
110.0
 31
0.0
  0
LINE
  5
34F5
330
3498
100
AcDbEntity
  8
0
100
AcDbLine
 10
385.0000000000002
 20
95.0
 30
0.0
 11
385.0
 21
15.0
 31
0.0
  0
LINE
  5
34F6
330
3498
100
AcDbEntity
  8
0
100
AcDbLine
 10
390.0000000000002
 20
95.0
 30
0.0
 11
390.0
 21
15.0
 31
0.0
  0
ARC
  5
34F7
330
3498
100
AcDbEntity
  8
0
100
AcDbCircle
 10
375.0
 20
95.0
 30
0.0
 40
10.0
100
AcDbArc
 50
0.0
 51
90.0
  0
ARC
  5
34F8
330
3498
100
AcDbEntity
  8
0
100
AcDbCircle
 10
375.0
 20
95.0
 30
0.0
 40
15.0
100
AcDbArc
 50
0.0
 51
90.0
  0
ARC
  5
34F9
330
3498
100
AcDbEntity
  8
0
100
AcDbCircle
 10
295.0
 20
95.00000000000005
 30
0.0
 40
10.0
100
AcDbArc
 50
90.0
 51
180.0
  0
ARC
  5
34FA
330
3498
100
AcDbEntity
  8
0
100
AcDbCircle
 10
295.0
 20
95.00000000000005
 30
0.0
 40
15.0
100
AcDbArc
 50
90.0
 51
180.0
  0
ARC
  5
34FB
330
3498
100
AcDbEntity
  8
0
100
AcDbCircle
 10
295.0
 20
15.00000000000003
 30
0.0
 40
10.0
100
AcDbArc
 50
180.0
 51
270.0
  0
ARC
  5
34FC
330
3498
100
AcDbEntity
  8
0
100
AcDbCircle
 10
295.0
 20
15.00000000000003
 30
0.0
 40
15.0
100
AcDbArc
 50
180.0
 51
270.0
  0
ARC
  5
34FD
330
3498
100
AcDbEntity
  8
0
100
AcDbCircle
 10
375.0
 20
15.0
 30
0.0
 40
10.0
100
AcDbArc
 50
270.0
 51
0.0
  0
ARC
  5
34FE
330
3498
100
AcDbEntity
  8
0
100
AcDbCircle
 10
375.0
 20
15.0
 30
0.0
 40
15.0
100
AcDbArc
 50
270.0
 51
0.0
  0
LINE
  5
34FF
330
3498
100
AcDbEntity
  8
0
100
AcDbLine
 10
295.0
 20
110.0
 30
0.0
 11
195.0
 21
110.0
 31
0.0
  0
LINE
  5
3500
330
3498
100
AcDbEntity
  8
0
100
AcDbLine
 10
295.0
 20
105.0
 30
0.0
 11
195.0
 21
105.0
 31
0.0
  0
LINE
  5
3501
330
3498
100
AcDbEntity
  8
0
100
AcDbLine
 10
295.0
 20
5.000000000000028
 30
0.0
 11
195.0
 21
5.000000000000056
 31
0.0
  0
LINE
  5
3502
330
3498
100
AcDbEntity
  8
0
100
AcDbLine
 10
295.0
 20
0.0000000000000284
 30
0.0
 11
195.0
 21
0.0000000000000568
 31
0.0
  0
LINE
  5
3503
330
3498
100
AcDbEntity
  8
0
100
AcDbLine
 10
280.0
 20
67.50000000000003
 30
0.0
 11
280.0
 21
15.00000000000003
 31
0.0
  0
LINE
  5
3504
330
3498
100
AcDbEntity
  8
0
100
AcDbLine
 10
285.0
 20
62.50000000000003
 30
0.0
 11
285.0
 21
15.00000000000003
 31
0.0
  0
LINE
  5
3505
330
3498
100
AcDbEntity
  8
0
100
AcDbLine
 10
55.72794310642375
 20
189.9986752426972
 30
0.0
 11
55.72794310642375
 21
162.4993376213486
 31
0.0
  0
LINE
  5
3506
330
3498
100
AcDbEntity
  8
0
100
AcDbLine
 10
60.72794310642375
 20
189.9986752426972
 30
0.0
 11
60.72794310642375
 21
167.4993376213486
 31
0.0
  0
LINE
  5
3507
330
3498
100
AcDbEntity
  8
0
100
AcDbLine
 10
65.72794310642375
 20
152.4993376213486
 30
0.0
 11
195.7279431064238
 21
152.4993376213486
 31
0.0
  0
ARC
  5
3508
330
3498
100
AcDbEntity
  8
0
100
AcDbCircle
 10
65.72794310642375
 20
162.4993376213486
 30
0.0
 40
10.0
100
AcDbArc
 50
180.0
 51
270.0
  0
LINE
  5
3509
330
3498
100
AcDbEntity
  8
0
100
AcDbLine
 10
70.72794310642375
 20
157.4993376213486
 30
0.0
 11
195.7279431064238
 21
157.4993376213486
 31
0.0
  0
ARC
  5
350A
330
3498
100
AcDbEntity
  8
0
100
AcDbCircle
 10
70.72794310642375
 20
167.4993376213486
 30
0.0
 40
10.0
100
AcDbArc
 50
180.0
 51
270.0
  0
LINE
  5
350B
330
3498
100
AcDbEntity
  8
0
100
AcDbLine
 10
45.72794310642374
 20
199.9986752426971
 30
0.0
 11
95.72794310642377
 21
199.9986752426971
 31
0.0
  0
ARC
  5
350C
330
3498
100
AcDbEntity
  8
0
100
AcDbCircle
 10
345.7279431064238
 20
189.9986752426971
 30
0.0
 40
10.0
100
AcDbArc
 50
90.0
 51
180.0
  0
ARC
  5
350D
330
3498
100
AcDbEntity
  8
0
100
AcDbCircle
 10
345.7279431064238
 20
189.9986752426971
 30
0.0
 40
15.0
100
AcDbArc
 50
90.0
 51
180.0
  0
LINE
  5
350E
330
3498
100
AcDbEntity
  8
0
100
AcDbLine
 10
335.7279431064238
 20
189.9986752426971
 30
0.0
 11
335.7279431064238
 21
162.4993376213485
 31
0.0
  0
LINE
  5
350F
330
3498
100
AcDbEntity
  8
0
100
AcDbLine
 10
330.7279431064238
 20
189.9986752426971
 30
0.0
 11
330.7279431064238
 21
167.4993376213485
 31
0.0
  0
LINE
  5
3510
330
3498
100
AcDbEntity
  8
0
100
AcDbLine
 10
325.7279431064238
 20
152.4993376213485
 30
0.0
 11
195.7279431064236
 21
152.4993376213486
 31
0.0
  0
ARC
  5
3511
330
3498
100
AcDbEntity
  8
0
100
AcDbCircle
 10
325.7279431064238
 20
162.4993376213485
 30
0.0
 40
10.0
100
AcDbArc
 50
270.0
 51
0.0
  0
LINE
  5
3512
330
3498
100
AcDbEntity
  8
0
100
AcDbLine
 10
320.7279431064238
 20
157.4993376213485
 30
0.0
 11
195.7279431064236
 21
157.4993376213486
 31
0.0
  0
ARC
  5
3513
330
3498
100
AcDbEntity
  8
0
100
AcDbCircle
 10
320.7279431064238
 20
167.4993376213485
 30
0.0
 40
10.0
100
AcDbArc
 50
270.0
 51
0.0
  0
ARC
  5
3514
330
3498
100
AcDbEntity
  8
0
100
AcDbCircle
 10
45.72794310642374
 20
120.0
 30
0.0
 40
10.0
100
AcDbArc
 50
270.0
 51
0.0
  0
ARC
  5
3515
330
3498
100
AcDbEntity
  8
0
100
AcDbCircle
 10
45.72794310642374
 20
120.0
 30
0.0
 40
15.0
100
AcDbArc
 50
270.0
 51
0.0
  0
LINE
  5
3516
330
3498
100
AcDbEntity
  8
0
100
AcDbLine
 10
55.72794310642375
 20
120.0
 30
0.0
 11
55.72794310642375
 21
147.4993376213486
 31
0.0
  0
LINE
  5
3517
330
3498
100
AcDbEntity
  8
0
100
AcDbLine
 10
60.72794310642375
 20
120.0
 30
0.0
 11
60.72794310642375
 21
142.4993376213486
 31
0.0
  0
LINE
  5
3518
330
3498
100
AcDbEntity
  8
0
100
AcDbLine
 10
65.72794310642375
 20
157.4993376213486
 30
0.0
 11
109.0541376581931
 21
157.4993376213486
 31
0.0
  0
ARC
  5
3519
330
3498
100
AcDbEntity
  8
0
100
AcDbCircle
 10
65.72794310642375
 20
147.4993376213486
 30
0.0
 40
10.0
100
AcDbArc
 50
90.0
 51
180.0
  0
LINE
  5
351A
330
3498
100
AcDbEntity
  8
0
100
AcDbLine
 10
70.72794310642375
 20
152.4993376213486
 30
0.0
 11
109.8910403823084
 21
152.4993376213486
 31
0.0
  0
ARC
  5
351B
330
3498
100
AcDbEntity
  8
0
100
AcDbCircle
 10
70.72794310642375
 20
142.4993376213486
 30
0.0
 40
10.0
100
AcDbArc
 50
90.0
 51
180.0
  0
ARC
  5
351C
330
3498
100
AcDbEntity
  8
0
100
AcDbCircle
 10
345.7279431064238
 20
120.0000000000001
 30
0.0
 40
10.0
100
AcDbArc
 50
180.0
 51
270.0
  0
ARC
  5
351D
330
3498
100
AcDbEntity
  8
0
100
AcDbCircle
 10
345.7279431064238
 20
120.0000000000001
 30
0.0
 40
15.0
100
AcDbArc
 50
180.0
 51
270.0
  0
LINE
  5
351E
330
3498
100
AcDbEntity
  8
0
100
AcDbLine
 10
335.7279431064238
 20
120.0000000000001
 30
0.0
 11
335.7279431064238
 21
147.4993376213486
 31
0.0
  0
LINE
  5
351F
330
3498
100
AcDbEntity
  8
0
100
AcDbLine
 10
330.7279431064238
 20
120.0000000000001
 30
0.0
 11
330.7279431064238
 21
142.4993376213486
 31
0.0
  0
LINE
  5
3520
330
3498
100
AcDbEntity
  8
0
100
AcDbLine
 10
325.7279431064238
 20
157.4993376213486
 30
0.0
 11
195.7279431064236
 21
157.4993376213486
 31
0.0
  0
ARC
  5
3521
330
3498
100
AcDbEntity
  8
0
100
AcDbCircle
 10
325.7279431064238
 20
147.4993376213486
 30
0.0
 40
10.0
100
AcDbArc
 50
0.0
 51
90.0
  0
LINE
  5
3522
330
3498
100
AcDbEntity
  8
0
100
AcDbLine
 10
320.7279431064238
 20
152.4993376213486
 30
0.0
 11
195.7279431064236
 21
152.4993376213486
 31
0.0
  0
ARC
  5
3523
330
3498
100
AcDbEntity
  8
0
100
AcDbCircle
 10
320.7279431064238
 20
142.4993376213486
 30
0.0
 40
10.0
100
AcDbArc
 50
0.0
 51
90.0
  0
ARC
  5
3524
330
3498
100
AcDbEntity
  8
0
100
AcDbCircle
 10
255.2573476053771
 20
262.4986752426972
 30
0.0
 40
10.0
100
AcDbArc
 50
187.1807557814583
 51
270.0
  0
ARC
  5
3525
330
3498
100
AcDbEntity
  8
0
100
AcDbCircle
 10
259.5146972172892
 20
267.4986752426972
 30
0.0
 40
10.0
100
AcDbArc
 50
191.0874892109715
 51
270.0
  0
LINE
  5
3526
330
3498
100
AcDbEntity
  8
0
100
AcDbLine
 10
255.2573476053771
 20
252.4986752426972
 30
0.0
 11
270.7279431064238
 21
252.4986752426972
 31
0.0
  0
LINE
  5
3527
330
3498
100
AcDbEntity
  8
0
100
AcDbLine
 10
259.5146972172892
 20
257.4986752426972
 30
0.0
 11
270.7279431064238
 21
257.4986752426972
 31
0.0
  0
ARC
  5
3528
330
3498
100
AcDbEntity
  8
0
100
AcDbCircle
 10
270.7279431064238
 20
267.4986752426972
 30
0.0
 40
10.0
100
AcDbArc
 50
270.0
 51
0.0
  0
ARC
  5
3529
330
3498
100
AcDbEntity
  8
0
100
AcDbCircle
 10
270.7279431064238
 20
267.4986752426972
 30
0.0
 40
15.0
100
AcDbArc
 50
270.0
 51
0.0
  0
ARC
  5
352A
330
3498
100
AcDbEntity
  8
0
100
AcDbCircle
 10
255.2573476053771
 20
247.4986752426972
 30
0.0
 40
10.0
100
AcDbArc
 50
90.0
 51
172.8192442185417
  0
ARC
  5
352B
330
3498
100
AcDbEntity
  8
0
100
AcDbCircle
 10
259.5146972172892
 20
242.4986752426972
 30
0.0
 40
10.0
100
AcDbArc
 50
90.0
 51
168.9125107890285
  0
LINE
  5
352C
330
3498
100
AcDbEntity
  8
0
100
AcDbLine
 10
255.2573476053771
 20
257.4986752426972
 30
0.0
 11
270.7279431064238
 21
257.4986752426972
 31
0.0
  0
LINE
  5
352D
330
3498
100
AcDbEntity
  8
0
100
AcDbLine
 10
259.5146972172892
 20
252.4986752426972
 30
0.0
 11
270.7279431064238
 21
252.4986752426972
 31
0.0
  0
ARC
  5
352E
330
3498
100
AcDbEntity
  8
0
100
AcDbCircle
 10
270.7279431064238
 20
242.4986752426972
 30
0.0
 40
10.0
100
AcDbArc
 50
0.0
 51
90.0
  0
ARC
  5
352F
330
3498
100
AcDbEntity
  8
0
100
AcDbCircle
 10
270.7279431064238
 20
242.4986752426972
 30
0.0
 40
15.0
100
AcDbArc
 50
0.0
 51
90.0
  0
ARC
  5
3530
330
3498
100
AcDbEntity
  8
0
100
AcDbCircle
 10
135.4705955010467
 20
47.50000000000002
 30
0.0
 40
10.0
100
AcDbArc
 50
7.180755781458278
 51
90.0
  0
ARC
  5
3531
330
3498
100
AcDbEntity
  8
0
100
AcDbCircle
 10
131.2132458891346
 20
42.50000000000006
 30
0.0
 40
10.0
100
AcDbArc
 50
11.08748921096988
 51
90.0
  0
LINE
  5
3532
330
3498
100
AcDbEntity
  8
0
100
AcDbLine
 10
135.4705955010467
 20
57.50000000000007
 30
0.0
 11
119.9999999999999
 21
57.50000000000007
 31
0.0
  0
LINE
  5
3533
330
3498
100
AcDbEntity
  8
0
100
AcDbLine
 10
131.2132458891346
 20
52.50000000000007
 30
0.0
 11
119.9999999999999
 21
52.50000000000007
 31
0.0
  0
ARC
  5
3534
330
3498
100
AcDbEntity
  8
0
100
AcDbCircle
 10
119.9999999999999
 20
42.50000000000006
 30
0.0
 40
10.0
100
AcDbArc
 50
90.0
 51
180.0
  0
ARC
  5
3535
330
3498
100
AcDbEntity
  8
0
100
AcDbCircle
 10
119.9999999999999
 20
42.50000000000006
 30
0.0
 40
15.0
100
AcDbArc
 50
90.0
 51
180.0
  0
ARC
  5
3536
330
3498
100
AcDbEntity
  8
0
100
AcDbCircle
 10
135.4705955010466
 20
62.50000000000007
 30
0.0
 40
10.0
100
AcDbArc
 50
270.0
 51
352.8192442185417
  0
ARC
  5
3537
330
3498
100
AcDbEntity
  8
0
100
AcDbCircle
 10
131.2132458891346
 20
67.50000000000003
 30
0.0
 40
10.0
100
AcDbArc
 50
270.0
 51
348.9125107890302
  0
LINE
  5
3538
330
3498
100
AcDbEntity
  8
0
100
AcDbLine
 10
135.4705955010467
 20
52.50000000000003
 30
0.0
 11
119.9999999999999
 21
52.50000000000007
 31
0.0
  0
LINE
  5
3539
330
3498
100
AcDbEntity
  8
0
100
AcDbLine
 10
131.2132458891346
 20
57.50000000000003
 30
0.0
 11
119.9999999999999
 21
57.50000000000003
 31
0.0
  0
ARC
  5
353A
330
3498
100
AcDbEntity
  8
0
100
AcDbCircle
 10
119.9999999999999
 20
67.50000000000003
 30
0.0
 40
10.0
100
AcDbArc
 50
180.0
 51
270.0
  0
ARC
  5
353B
330
3498
100
AcDbEntity
  8
0
100
AcDbCircle
 10
119.9999999999999
 20
67.50000000000003
 30
0.0
 40
15.0
100
AcDbArc
 50
180.0
 51
270.0
  0
ARC
  5
353C
330
3498
100
AcDbEntity
  8
0
100
AcDbCircle
 10
254.5294044989533
 20
47.5
 30
0.0
 40
10.0
100
AcDbArc
 50
90.0
 51
172.8192442185417
  0
ARC
  5
353D
330
3498
100
AcDbEntity
  8
0
100
AcDbCircle
 10
258.7867541108654
 20
42.50000000000002
 30
0.0
 40
10.0
100
AcDbArc
 50
90.0
 51
168.9125107890285
  0
LINE
  5
353E
330
3498
100
AcDbEntity
  8
0
100
AcDbLine
 10
254.5294044989533
 20
57.50000000000003
 30
0.0
 11
269.9999999999999
 21
57.5
 31
0.0
  0
LINE
  5
353F
330
3498
100
AcDbEntity
  8
0
100
AcDbLine
 10
258.7867541108654
 20
52.50000000000003
 30
0.0
 11
269.9999999999999
 21
52.50000000000003
 31
0.0
  0
ARC
  5
3540
330
3498
100
AcDbEntity
  8
0
100
AcDbCircle
 10
269.9999999999999
 20
42.50000000000002
 30
0.0
 40
10.0
100
AcDbArc
 50
0.0
 51
90.0
  0
ARC
  5
3541
330
3498
100
AcDbEntity
  8
0
100
AcDbCircle
 10
269.9999999999999
 20
42.50000000000002
 30
0.0
 40
15.0
100
AcDbArc
 50
0.0
 51
90.0
  0
ARC
  5
3542
330
3498
100
AcDbEntity
  8
0
100
AcDbCircle
 10
254.5294044989533
 20
62.50000000000003
 30
0.0
 40
10.0
100
AcDbArc
 50
187.1807557814583
 51
270.0
  0
ARC
  5
3543
330
3498
100
AcDbEntity
  8
0
100
AcDbCircle
 10
258.7867541108654
 20
67.5
 30
0.0
 40
10.0
100
AcDbArc
 50
191.0874892109698
 51
270.0
  0
LINE
  5
3544
330
3498
100
AcDbEntity
  8
0
100
AcDbLine
 10
254.5294044989533
 20
52.5
 30
0.0
 11
269.9999999999999
 21
52.5
 31
0.0
  0
LINE
  5
3545
330
3498
100
AcDbEntity
  8
0
100
AcDbLine
 10
258.7867541108654
 20
57.5
 30
0.0
 11
270.0
 21
57.49999999999997
 31
0.0
  0
ARC
  5
3546
330
3498
100
AcDbEntity
  8
0
100
AcDbCircle
 10
270.0
 20
67.49999999999997
 30
0.0
 40
10.0
100
AcDbArc
 50
270.0
 51
0.0
  0
ARC
  5
3547
330
3498
100
AcDbEntity
  8
0
100
AcDbCircle
 10
270.0
 20
67.49999999999997
 30
0.0
 40
15.0
100
AcDbArc
 50
270.0
 51
0.0
  0
LINE
  5
3548
330
3498
100
AcDbEntity
  8
0
100
AcDbLine
 10
112.3105170266414
 20
158.04439217419
 30
0.0
 11
247.060395407498
 21
204.4536206898557
 31
0.0
  0
ARC
  5
3549
330
3498
100
AcDbEntity
  8
0
100
AcDbCircle
 10
109.0541376581931
 20
167.4993376213486
 30
0.0
 40
10.0
100
AcDbArc
 50
270.0
 51
289.0042286711317
  0
LINE
  5
354A
330
3498
100
AcDbEntity
  8
0
100
AcDbLine
 10
113.1474197507567
 20
153.04439217419
 30
0.0
 11
262.4148717576616
 21
204.4536206898557
 31
0.0
  0
ARC
  5
354B
330
3498
100
AcDbEntity
  8
0
100
AcDbCircle
 10
109.8910403823084
 20
162.4993376213486
 30
0.0
 40
10.0
100
AcDbArc
 50
270.0
 51
289.0042286711317
  0
LINE
  5
354C
330
3498
100
AcDbEntity
  8
0
100
AcDbLine
 10
250.3167747759462
 20
204.9986752426971
 30
0.0
 11
195.7279431064238
 21
204.9986752426971
 31
0.0
  0
LINE
  5
354D
330
3498
100
AcDbEntity
  8
0
100
AcDbLine
 10
250.3167747759462
 20
204.9986752426971
 30
0.0
 11
265.6712511261098
 21
204.9986752426971
 31
0.0
  0
LINE
  5
354E
330
3498
100
AcDbEntity
  8
0
100
AcDbLine
 10
16.45588621284755
 20
514.9973504853942
 30
0.0
 11
96.45588621284757
 21
514.9973504853942
 31
0.0
  0
LINE
  5
354F
330
3498
100
AcDbEntity
  8
0
100
AcDbLine
 10
16.45588621284755
 20
509.9973504853942
 30
0.0
 11
46.45588621284754
 21
509.9973504853942
 31
0.0
  0
ARC
  5
3550
330
3498
100
AcDbEntity
  8
0
100
AcDbCircle
 10
46.45588621284754
 20
499.9973504853942
 30
0.0
 40
10.0
100
AcDbArc
 50
0.0
 51
90.0
  0
ARC
  5
3551
330
3498
100
AcDbEntity
  8
0
100
AcDbCircle
 10
46.45588621284754
 20
499.9973504853942
 30
0.0
 40
15.0
100
AcDbArc
 50
0.0
 51
90.0
  0
LINE
  5
3552
330
3498
100
AcDbEntity
  8
0
100
AcDbLine
 10
106.4558862128475
 20
572.4973504853942
 30
0.0
 11
106.4558862128475
 21
604.9973504853942
 31
0.0
  0
LINE
  5
3553
330
3498
100
AcDbEntity
  8
0
100
AcDbLine
 10
111.4558862128475
 20
577.4973504853942
 30
0.0
 11
111.4558862128475
 21
604.9973504853942
 31
0.0
  0
LINE
  5
3554
330
3498
100
AcDbEntity
  8
0
100
AcDbLine
 10
96.45588621284757
 20
614.9973504853942
 30
0.0
 11
16.45588621284757
 21
614.9973504853942
 31
0.0
  0
LINE
  5
3555
330
3498
100
AcDbEntity
  8
0
100
AcDbLine
 10
96.45588621284757
 20
619.9973504853942
 30
0.0
 11
16.45588621284757
 21
619.9973504853942
 31
0.0
  0
LINE
  5
3556
330
3498
100
AcDbEntity
  8
0
100
AcDbLine
 10
6.455886212847563
 20
604.9973504853942
 30
0.0
 11
6.455886212847547
 21
524.9973504853942
 31
0.0
  0
LINE
  5
3557
330
3498
100
AcDbEntity
  8
0
100
AcDbLine
 10
1.455886212847564
 20
604.9973504853942
 30
0.0
 11
1.455886212847548
 21
524.9973504853942
 31
0.0
  0
ARC
  5
3558
330
3498
100
AcDbEntity
  8
0
100
AcDbCircle
 10
16.45588621284757
 20
604.9973504853942
 30
0.0
 40
10.0
100
AcDbArc
 50
90.0
 51
180.0
  0
ARC
  5
3559
330
3498
100
AcDbEntity
  8
0
100
AcDbCircle
 10
16.45588621284757
 20
604.9973504853942
 30
0.0
 40
15.0
100
AcDbArc
 50
90.0
 51
180.0
  0
ARC
  5
355A
330
3498
100
AcDbEntity
  8
0
100
AcDbCircle
 10
96.45588621284757
 20
604.9973504853942
 30
0.0
 40
10.0
100
AcDbArc
 50
0.0
 51
90.0
  0
ARC
  5
355B
330
3498
100
AcDbEntity
  8
0
100
AcDbCircle
 10
96.45588621284757
 20
604.9973504853942
 30
0.0
 40
15.0
100
AcDbArc
 50
0.0
 51
90.0
  0
ARC
  5
355C
330
3498
100
AcDbEntity
  8
0
100
AcDbCircle
 10
96.45588621284757
 20
524.9973504853942
 30
0.0
 40
10.0
100
AcDbArc
 50
270.0
 51
0.0
  0
ARC
  5
355D
330
3498
100
AcDbEntity
  8
0
100
AcDbCircle
 10
96.45588621284757
 20
524.9973504853942
 30
0.0
 40
15.0
100
AcDbArc
 50
270.0
 51
0.0
  0
ARC
  5
355E
330
3498
100
AcDbEntity
  8
0
100
AcDbCircle
 10
16.45588621284755
 20
524.9973504853942
 30
0.0
 40
10.0
100
AcDbArc
 50
180.0
 51
270.0
  0
ARC
  5
355F
330
3498
100
AcDbEntity
  8
0
100
AcDbCircle
 10
16.45588621284755
 20
524.9973504853942
 30
0.0
 40
15.0
100
AcDbArc
 50
180.0
 51
270.0
  0
LINE
  5
3560
330
3498
100
AcDbEntity
  8
0
100
AcDbLine
 10
96.45588621284757
 20
619.9973504853942
 30
0.0
 11
196.4558862128476
 21
619.9973504853942
 31
0.0
  0
LINE
  5
3561
330
3498
100
AcDbEntity
  8
0
100
AcDbLine
 10
96.45588621284757
 20
614.9973504853942
 30
0.0
 11
196.4558862128476
 21
614.9973504853942
 31
0.0
  0
LINE
  5
3562
330
3498
100
AcDbEntity
  8
0
100
AcDbLine
 10
96.45588621284757
 20
514.9973504853942
 30
0.0
 11
196.4558862128476
 21
514.9973504853942
 31
0.0
  0
LINE
  5
3563
330
3498
100
AcDbEntity
  8
0
100
AcDbLine
 10
96.45588621284757
 20
509.9973504853942
 30
0.0
 11
196.4558862128476
 21
509.9973504853942
 31
0.0
  0
CIRCLE
  5
3564
330
3498
100
AcDbEntity
  8
0
100
AcDbCircle
 10
196.4558862128476
 20
564.9973504853942
 30
0.0
 40
50.0
  0
ARC
  5
3565
330
3498
100
AcDbEntity
  8
0
100
AcDbCircle
 10
136.9264817138943
 20
572.4973504853942
 30
0.0
 40
10.0
100
AcDbArc
 50
270.0
 51
352.8192442185417
  0
CIRCLE
  5
3566
330
3498
100
AcDbEntity
  8
0
100
AcDbCircle
 10
196.4558862128476
 20
564.9973504853942
 30
0.0
 40
55.0
  0
ARC
  5
3567
330
3498
100
AcDbEntity
  8
0
100
AcDbCircle
 10
132.6691321019822
 20
577.4973504853942
 30
0.0
 40
10.0
100
AcDbArc
 50
270.0
 51
348.9125107890302
  0
LINE
  5
3568
330
3498
100
AcDbEntity
  8
0
100
AcDbLine
 10
136.9264817138943
 20
562.4973504853942
 30
0.0
 11
121.4558862128475
 21
562.4973504853942
 31
0.0
  0
LINE
  5
3569
330
3498
100
AcDbEntity
  8
0
100
AcDbLine
 10
132.6691321019822
 20
567.4973504853942
 30
0.0
 11
121.4558862128475
 21
567.4973504853942
 31
0.0
  0
ARC
  5
356A
330
3498
100
AcDbEntity
  8
0
100
AcDbCircle
 10
121.4558862128475
 20
577.4973504853942
 30
0.0
 40
10.0
100
AcDbArc
 50
180.0
 51
270.0
  0
ARC
  5
356B
330
3498
100
AcDbEntity
  8
0
100
AcDbCircle
 10
121.4558862128475
 20
577.4973504853942
 30
0.0
 40
15.0
100
AcDbArc
 50
180.0
 51
270.0
  0
LINE
  5
356C
330
3498
100
AcDbEntity
  8
0
100
AcDbLine
 10
111.4558862128475
 20
577.4973504853942
 30
0.0
 11
111.4558862128475
 21
524.9973504853942
 31
0.0
  0
LINE
  5
356D
330
3498
100
AcDbEntity
  8
0
100
AcDbLine
 10
106.4558862128475
 20
572.4973504853942
 30
0.0
 11
106.4558862128475
 21
524.9973504853942
 31
0.0
  0
ARC
  5
356E
330
3498
100
AcDbEntity
  8
0
100
AcDbCircle
 10
136.9264817138942
 20
557.4973504853942
 30
0.0
 40
10.0
100
AcDbArc
 50
7.180755781458278
 51
90.0
  0
ARC
  5
356F
330
3498
100
AcDbEntity
  8
0
100
AcDbCircle
 10
132.6691321019822
 20
552.4973504853942
 30
0.0
 40
10.0
100
AcDbArc
 50
11.08748921096985
 51
90.0
  0
LINE
  5
3570
330
3498
100
AcDbEntity
  8
0
100
AcDbLine
 10
136.9264817138943
 20
567.4973504853942
 30
0.0
 11
121.4558862128475
 21
567.4973504853942
 31
0.0
  0
LINE
  5
3571
330
3498
100
AcDbEntity
  8
0
100
AcDbLine
 10
132.6691321019822
 20
562.4973504853942
 30
0.0
 11
121.4558862128475
 21
562.4973504853942
 31
0.0
  0
ARC
  5
3572
330
3498
100
AcDbEntity
  8
0
100
AcDbCircle
 10
121.4558862128475
 20
552.4973504853942
 30
0.0
 40
10.0
100
AcDbArc
 50
90.0
 51
180.0
  0
ARC
  5
3573
330
3498
100
AcDbEntity
  8
0
100
AcDbCircle
 10
121.4558862128475
 20
552.4973504853942
 30
0.0
 40
15.0
100
AcDbArc
 50
90.0
 51
180.0
  0
LINE
  5
3574
330
3498
100
AcDbEntity
  8
0
100
AcDbLine
 10
376.4558862128475
 20
514.9973504853942
 30
0.0
 11
296.4558862128475
 21
514.9973504853942
 31
0.0
  0
LINE
  5
3575
330
3498
100
AcDbEntity
  8
0
100
AcDbLine
 10
376.4558862128475
 20
509.9973504853942
 30
0.0
 11
296.4558862128475
 21
509.9973504853942
 31
0.0
  0
LINE
  5
3576
330
3498
100
AcDbEntity
  8
0
100
AcDbLine
 10
286.4558862128475
 20
572.4973504853942
 30
0.0
 11
286.4558862128475
 21
604.9973504853942
 31
0.0
  0
LINE
  5
3577
330
3498
100
AcDbEntity
  8
0
100
AcDbLine
 10
281.4558862128475
 20
577.4973504853942
 30
0.0
 11
281.4558862128475
 21
604.9973504853942
 31
0.0
  0
LINE
  5
3578
330
3498
100
AcDbEntity
  8
0
100
AcDbLine
 10
296.4558862128475
 20
614.9973504853942
 30
0.0
 11
376.4558862128476
 21
614.9973504853942
 31
0.0
  0
LINE
  5
3579
330
3498
100
AcDbEntity
  8
0
100
AcDbLine
 10
296.4558862128475
 20
619.9973504853942
 30
0.0
 11
376.4558862128476
 21
619.9973504853942
 31
0.0
  0
LINE
  5
357A
330
3498
100
AcDbEntity
  8
0
100
AcDbLine
 10
386.4558862128476
 20
604.9973504853942
 30
0.0
 11
386.4558862128475
 21
524.9973504853942
 31
0.0
  0
LINE
  5
357B
330
3498
100
AcDbEntity
  8
0
100
AcDbLine
 10
391.4558862128476
 20
604.9973504853942
 30
0.0
 11
391.4558862128475
 21
524.9973504853942
 31
0.0
  0
ARC
  5
357C
330
3498
100
AcDbEntity
  8
0
100
AcDbCircle
 10
376.4558862128476
 20
604.9973504853942
 30
0.0
 40
10.0
100
AcDbArc
 50
0.0
 51
90.0
  0
ARC
  5
357D
330
3498
100
AcDbEntity
  8
0
100
AcDbCircle
 10
376.4558862128476
 20
604.9973504853942
 30
0.0
 40
15.0
100
AcDbArc
 50
0.0
 51
90.0
  0
ARC
  5
357E
330
3498
100
AcDbEntity
  8
0
100
AcDbCircle
 10
296.4558862128475
 20
604.9973504853942
 30
0.0
 40
10.0
100
AcDbArc
 50
90.0
 51
180.0
  0
ARC
  5
357F
330
3498
100
AcDbEntity
  8
0
100
AcDbCircle
 10
296.4558862128475
 20
604.9973504853942
 30
0.0
 40
15.0
100
AcDbArc
 50
90.0
 51
180.0
  0
ARC
  5
3580
330
3498
100
AcDbEntity
  8
0
100
AcDbCircle
 10
296.4558862128475
 20
524.9973504853942
 30
0.0
 40
10.0
100
AcDbArc
 50
180.0
 51
270.0
  0
ARC
  5
3581
330
3498
100
AcDbEntity
  8
0
100
AcDbCircle
 10
296.4558862128475
 20
524.9973504853942
 30
0.0
 40
15.0
100
AcDbArc
 50
180.0
 51
270.0
  0
ARC
  5
3582
330
3498
100
AcDbEntity
  8
0
100
AcDbCircle
 10
376.4558862128475
 20
524.9973504853942
 30
0.0
 40
10.0
100
AcDbArc
 50
270.0
 51
0.0
  0
ARC
  5
3583
330
3498
100
AcDbEntity
  8
0
100
AcDbCircle
 10
376.4558862128475
 20
524.9973504853942
 30
0.0
 40
15.0
100
AcDbArc
 50
270.0
 51
0.0
  0
LINE
  5
3584
330
3498
100
AcDbEntity
  8
0
100
AcDbLine
 10
296.4558862128475
 20
619.9973504853942
 30
0.0
 11
196.4558862128476
 21
619.9973504853942
 31
0.0
  0
LINE
  5
3585
330
3498
100
AcDbEntity
  8
0
100
AcDbLine
 10
296.4558862128475
 20
614.9973504853942
 30
0.0
 11
196.4558862128476
 21
614.9973504853942
 31
0.0
  0
LINE
  5
3586
330
3498
100
AcDbEntity
  8
0
100
AcDbLine
 10
296.4558862128475
 20
514.9973504853942
 30
0.0
 11
266.3991942325336
 21
514.9973504853942
 31
0.0
  0
ARC
  5
3587
330
3498
100
AcDbEntity
  8
0
100
AcDbCircle
 10
266.3991942325336
 20
504.9973504853942
 30
0.0
 40
10.0
100
AcDbArc
 50
90.0
 51
109.0042286711315
  0
ARC
  5
3588
330
3498
100
AcDbEntity
  8
0
100
AcDbCircle
 10
251.04471788237
 20
504.9973504853942
 30
0.0
 40
10.0
100
AcDbArc
 50
90.0
 51
109.0042286711314
  0
LINE
  5
3589
330
3498
100
AcDbEntity
  8
0
100
AcDbLine
 10
296.4558862128475
 20
509.9973504853942
 30
0.0
 11
196.4558862128476
 21
509.9973504853942
 31
0.0
  0
LINE
  5
358A
330
3498
100
AcDbEntity
  8
0
100
AcDbLine
 10
281.4558862128475
 20
577.4973504853942
 30
0.0
 11
281.4558862128475
 21
524.9973504853942
 31
0.0
  0
LINE
  5
358B
330
3498
100
AcDbEntity
  8
0
100
AcDbLine
 10
286.4558862128475
 20
572.4973504853942
 30
0.0
 11
286.4558862128475
 21
524.9973504853942
 31
0.0
  0
LINE
  5
358C
330
3498
100
AcDbEntity
  8
0
100
AcDbLine
 10
15.72794310642378
 20
314.9986752426972
 30
0.0
 11
95.72794310642379
 21
314.9986752426972
 31
0.0
  0
LINE
  5
358D
330
3498
100
AcDbEntity
  8
0
100
AcDbLine
 10
15.72794310642378
 20
309.9986752426972
 30
0.0
 11
95.72794310642379
 21
309.9986752426972
 31
0.0
  0
LINE
  5
358E
330
3498
100
AcDbEntity
  8
0
100
AcDbLine
 10
105.7279431064238
 20
372.4986752426972
 30
0.0
 11
105.7279431064238
 21
404.9986752426971
 31
0.0
  0
LINE
  5
358F
330
3498
100
AcDbEntity
  8
0
100
AcDbLine
 10
110.7279431064238
 20
377.4986752426972
 30
0.0
 11
110.7279431064238
 21
404.9986752426971
 31
0.0
  0
LINE
  5
3590
330
3498
100
AcDbEntity
  8
0
100
AcDbLine
 10
95.72794310642379
 20
414.9986752426971
 30
0.0
 11
15.7279431064238
 21
414.9986752426971
 31
0.0
  0
LINE
  5
3591
330
3498
100
AcDbEntity
  8
0
100
AcDbLine
 10
95.72794310642379
 20
419.9986752426971
 30
0.0
 11
15.7279431064238
 21
419.9986752426971
 31
0.0
  0
LINE
  5
3592
330
3498
100
AcDbEntity
  8
0
100
AcDbLine
 10
5.727943106423797
 20
404.9986752426972
 30
0.0
 11
5.727943106423782
 21
324.9986752426972
 31
0.0
  0
LINE
  5
3593
330
3498
100
AcDbEntity
  8
0
100
AcDbLine
 10
0.7279431064237985
 20
404.9986752426972
 30
0.0
 11
0.7279431064237834
 21
324.9986752426972
 31
0.0
  0
ARC
  5
3594
330
3498
100
AcDbEntity
  8
0
100
AcDbCircle
 10
15.7279431064238
 20
404.9986752426972
 30
0.0
 40
10.0
100
AcDbArc
 50
90.0
 51
180.0
  0
ARC
  5
3595
330
3498
100
AcDbEntity
  8
0
100
AcDbCircle
 10
15.7279431064238
 20
404.9986752426972
 30
0.0
 40
15.0
100
AcDbArc
 50
90.0
 51
180.0
  0
ARC
  5
3596
330
3498
100
AcDbEntity
  8
0
100
AcDbCircle
 10
95.72794310642379
 20
404.9986752426971
 30
0.0
 40
10.0
100
AcDbArc
 50
0.0
 51
90.0
  0
ARC
  5
3597
330
3498
100
AcDbEntity
  8
0
100
AcDbCircle
 10
95.72794310642379
 20
404.9986752426971
 30
0.0
 40
15.0
100
AcDbArc
 50
0.0
 51
90.0
  0
ARC
  5
3598
330
3498
100
AcDbEntity
  8
0
100
AcDbCircle
 10
95.72794310642379
 20
324.9986752426972
 30
0.0
 40
10.0
100
AcDbArc
 50
270.0
 51
0.0
  0
ARC
  5
3599
330
3498
100
AcDbEntity
  8
0
100
AcDbCircle
 10
95.72794310642379
 20
324.9986752426972
 30
0.0
 40
15.0
100
AcDbArc
 50
270.0
 51
0.0
  0
ARC
  5
359A
330
3498
100
AcDbEntity
  8
0
100
AcDbCircle
 10
15.72794310642378
 20
324.9986752426972
 30
0.0
 40
10.0
100
AcDbArc
 50
180.0
 51
270.0
  0
ARC
  5
359B
330
3498
100
AcDbEntity
  8
0
100
AcDbCircle
 10
15.72794310642378
 20
324.9986752426972
 30
0.0
 40
15.0
100
AcDbArc
 50
180.0
 51
270.0
  0
LINE
  5
359C
330
3498
100
AcDbEntity
  8
0
100
AcDbLine
 10
95.72794310642379
 20
419.9986752426971
 30
0.0
 11
195.7279431064238
 21
419.9986752426971
 31
0.0
  0
LINE
  5
359D
330
3498
100
AcDbEntity
  8
0
100
AcDbLine
 10
95.72794310642379
 20
414.9986752426971
 30
0.0
 11
195.7279431064238
 21
414.9986752426971
 31
0.0
  0
LINE
  5
359E
330
3498
100
AcDbEntity
  8
0
100
AcDbLine
 10
95.72794310642377
 20
314.9986752426972
 30
0.0
 11
195.7279431064238
 21
314.9986752426972
 31
0.0
  0
LINE
  5
359F
330
3498
100
AcDbEntity
  8
0
100
AcDbLine
 10
95.72794310642377
 20
309.9986752426972
 30
0.0
 11
195.7279431064238
 21
309.9986752426972
 31
0.0
  0
CIRCLE
  5
35A0
330
3498
100
AcDbEntity
  8
0
100
AcDbCircle
 10
195.7279431064238
 20
364.9986752426972
 30
0.0
 40
50.0
  0
CIRCLE
  5
35A1
330
3498
100
AcDbEntity
  8
0
100
AcDbCircle
 10
195.7279431064238
 20
364.9986752426972
 30
0.0
 40
55.0
  0
LINE
  5
35A2
330
3498
100
AcDbEntity
  8
0
100
AcDbLine
 10
110.7279431064238
 20
377.4986752426972
 30
0.0
 11
110.7279431064238
 21
324.9986752426972
 31
0.0
  0
LINE
  5
35A3
330
3498
100
AcDbEntity
  8
0
100
AcDbLine
 10
105.7279431064238
 20
372.4986752426972
 30
0.0
 11
105.7279431064238
 21
324.9986752426972
 31
0.0
  0
LINE
  5
35A4
330
3498
100
AcDbEntity
  8
0
100
AcDbLine
 10
375.7279431064238
 20
314.9986752426971
 30
0.0
 11
295.7279431064238
 21
314.9986752426971
 31
0.0
  0
LINE
  5
35A5
330
3498
100
AcDbEntity
  8
0
100
AcDbLine
 10
375.7279431064238
 20
309.9986752426971
 30
0.0
 11
295.7279431064238
 21
309.9986752426971
 31
0.0
  0
LINE
  5
35A6
330
3498
100
AcDbEntity
  8
0
100
AcDbLine
 10
285.7279431064238
 20
372.4986752426971
 30
0.0
 11
285.7279431064238
 21
404.9986752426971
 31
0.0
  0
LINE
  5
35A7
330
3498
100
AcDbEntity
  8
0
100
AcDbLine
 10
280.7279431064237
 20
377.4986752426971
 30
0.0
 11
280.7279431064237
 21
404.9986752426971
 31
0.0
  0
LINE
  5
35A8
330
3498
100
AcDbEntity
  8
0
100
AcDbLine
 10
295.7279431064238
 20
414.9986752426971
 30
0.0
 11
375.7279431064238
 21
414.9986752426971
 31
0.0
  0
LINE
  5
35A9
330
3498
100
AcDbEntity
  8
0
100
AcDbLine
 10
295.7279431064238
 20
419.9986752426971
 30
0.0
 11
375.7279431064238
 21
419.9986752426971
 31
0.0
  0
LINE
  5
35AA
330
3498
100
AcDbEntity
  8
0
100
AcDbLine
 10
385.7279431064238
 20
404.9986752426971
 30
0.0
 11
385.7279431064238
 21
324.9986752426971
 31
0.0
  0
LINE
  5
35AB
330
3498
100
AcDbEntity
  8
0
100
AcDbLine
 10
390.7279431064239
 20
404.9986752426971
 30
0.0
 11
390.7279431064237
 21
324.9986752426971
 31
0.0
  0
ARC
  5
35AC
330
3498
100
AcDbEntity
  8
0
100
AcDbCircle
 10
375.7279431064238
 20
404.9986752426971
 30
0.0
 40
10.0
100
AcDbArc
 50
0.0
 51
90.0
  0
ARC
  5
35AD
330
3498
100
AcDbEntity
  8
0
100
AcDbCircle
 10
375.7279431064238
 20
404.9986752426971
 30
0.0
 40
15.0
100
AcDbArc
 50
0.0
 51
90.0
  0
ARC
  5
35AE
330
3498
100
AcDbEntity
  8
0
100
AcDbCircle
 10
295.7279431064238
 20
404.9986752426971
 30
0.0
 40
10.0
100
AcDbArc
 50
90.0
 51
180.0
  0
ARC
  5
35AF
330
3498
100
AcDbEntity
  8
0
100
AcDbCircle
 10
295.7279431064238
 20
404.9986752426971
 30
0.0
 40
15.0
100
AcDbArc
 50
90.0
 51
180.0
  0
ARC
  5
35B0
330
3498
100
AcDbEntity
  8
0
100
AcDbCircle
 10
295.7279431064238
 20
324.9986752426971
 30
0.0
 40
10.0
100
AcDbArc
 50
180.0
 51
270.0
  0
ARC
  5
35B1
330
3498
100
AcDbEntity
  8
0
100
AcDbCircle
 10
295.7279431064238
 20
324.9986752426971
 30
0.0
 40
15.0
100
AcDbArc
 50
180.0
 51
270.0
  0
ARC
  5
35B2
330
3498
100
AcDbEntity
  8
0
100
AcDbCircle
 10
375.7279431064238
 20
324.9986752426971
 30
0.0
 40
10.0
100
AcDbArc
 50
270.0
 51
0.0
  0
ARC
  5
35B3
330
3498
100
AcDbEntity
  8
0
100
AcDbCircle
 10
375.7279431064238
 20
324.9986752426971
 30
0.0
 40
15.0
100
AcDbArc
 50
270.0
 51
0.0
  0
LINE
  5
35B4
330
3498
100
AcDbEntity
  8
0
100
AcDbLine
 10
295.7279431064238
 20
419.9986752426971
 30
0.0
 11
195.7279431064238
 21
419.9986752426971
 31
0.0
  0
LINE
  5
35B5
330
3498
100
AcDbEntity
  8
0
100
AcDbLine
 10
295.7279431064238
 20
414.9986752426971
 30
0.0
 11
195.7279431064238
 21
414.9986752426971
 31
0.0
  0
LINE
  5
35B6
330
3498
100
AcDbEntity
  8
0
100
AcDbLine
 10
295.7279431064238
 20
314.9986752426971
 30
0.0
 11
195.7279431064238
 21
314.9986752426972
 31
0.0
  0
LINE
  5
35B7
330
3498
100
AcDbEntity
  8
0
100
AcDbLine
 10
295.7279431064238
 20
309.9986752426971
 30
0.0
 11
195.7279431064238
 21
309.9986752426972
 31
0.0
  0
LINE
  5
35B8
330
3498
100
AcDbEntity
  8
0
100
AcDbLine
 10
280.7279431064237
 20
377.4986752426971
 30
0.0
 11
280.7279431064237
 21
324.9986752426971
 31
0.0
  0
LINE
  5
35B9
330
3498
100
AcDbEntity
  8
0
100
AcDbLine
 10
285.7279431064238
 20
372.4986752426971
 30
0.0
 11
285.7279431064238
 21
324.9986752426971
 31
0.0
  0
LINE
  5
35BA
330
3498
100
AcDbEntity
  8
0
100
AcDbLine
 10
56.45588621284755
 20
499.9973504853942
 30
0.0
 11
56.45588621284753
 21
472.4980128640456
 31
0.0
  0
LINE
  5
35BB
330
3498
100
AcDbEntity
  8
0
100
AcDbLine
 10
61.45588621284755
 20
499.9973504853942
 30
0.0
 11
61.45588621284753
 21
477.4980128640456
 31
0.0
  0
LINE
  5
35BC
330
3498
100
AcDbEntity
  8
0
100
AcDbLine
 10
66.45588621284753
 20
462.4980128640457
 30
0.0
 11
196.4558862128476
 21
462.4980128640457
 31
0.0
  0
ARC
  5
35BD
330
3498
100
AcDbEntity
  8
0
100
AcDbCircle
 10
66.45588621284753
 20
472.4980128640456
 30
0.0
 40
10.0
100
AcDbArc
 50
180.0
 51
270.0
  0
LINE
  5
35BE
330
3498
100
AcDbEntity
  8
0
100
AcDbLine
 10
71.45588621284753
 20
467.4980128640457
 30
0.0
 11
196.4558862128476
 21
467.4980128640457
 31
0.0
  0
ARC
  5
35BF
330
3498
100
AcDbEntity
  8
0
100
AcDbCircle
 10
71.45588621284753
 20
477.4980128640456
 30
0.0
 40
10.0
100
AcDbArc
 50
180.0
 51
270.0
  0
LINE
  5
35C0
330
3498
100
AcDbEntity
  8
0
100
AcDbLine
 10
46.45588621284754
 20
509.9973504853942
 30
0.0
 11
96.45588621284757
 21
509.9973504853942
 31
0.0
  0
ARC
  5
35C1
330
3498
100
AcDbEntity
  8
0
100
AcDbCircle
 10
346.4558862128475
 20
499.9973504853942
 30
0.0
 40
10.0
100
AcDbArc
 50
90.0
 51
180.0
  0
ARC
  5
35C2
330
3498
100
AcDbEntity
  8
0
100
AcDbCircle
 10
346.4558862128475
 20
499.9973504853942
 30
0.0
 40
15.0
100
AcDbArc
 50
90.0
 51
180.0
  0
LINE
  5
35C3
330
3498
100
AcDbEntity
  8
0
100
AcDbLine
 10
336.4558862128475
 20
499.9973504853942
 30
0.0
 11
336.4558862128475
 21
472.4980128640456
 31
0.0
  0
LINE
  5
35C4
330
3498
100
AcDbEntity
  8
0
100
AcDbLine
 10
331.4558862128475
 20
499.9973504853942
 30
0.0
 11
331.4558862128475
 21
477.4980128640456
 31
0.0
  0
LINE
  5
35C5
330
3498
100
AcDbEntity
  8
0
100
AcDbLine
 10
326.4558862128475
 20
462.4980128640457
 30
0.0
 11
196.4558862128475
 21
462.4980128640457
 31
0.0
  0
ARC
  5
35C6
330
3498
100
AcDbEntity
  8
0
100
AcDbCircle
 10
326.4558862128475
 20
472.4980128640456
 30
0.0
 40
10.0
100
AcDbArc
 50
270.0
 51
0.0
  0
LINE
  5
35C7
330
3498
100
AcDbEntity
  8
0
100
AcDbLine
 10
321.4558862128475
 20
467.4980128640457
 30
0.0
 11
196.4558862128475
 21
467.4980128640457
 31
0.0
  0
ARC
  5
35C8
330
3498
100
AcDbEntity
  8
0
100
AcDbCircle
 10
321.4558862128475
 20
477.4980128640456
 30
0.0
 40
10.0
100
AcDbArc
 50
270.0
 51
0.0
  0
ARC
  5
35C9
330
3498
100
AcDbEntity
  8
0
100
AcDbCircle
 10
46.45588621284754
 20
429.9986752426971
 30
0.0
 40
10.0
100
AcDbArc
 50
270.0
 51
0.0
  0
ARC
  5
35CA
330
3498
100
AcDbEntity
  8
0
100
AcDbCircle
 10
46.45588621284754
 20
429.9986752426971
 30
0.0
 40
15.0
100
AcDbArc
 50
270.0
 51
0.0
  0
LINE
  5
35CB
330
3498
100
AcDbEntity
  8
0
100
AcDbLine
 10
56.45588621284755
 20
429.9986752426971
 30
0.0
 11
56.45588621284753
 21
457.4980128640456
 31
0.0
  0
LINE
  5
35CC
330
3498
100
AcDbEntity
  8
0
100
AcDbLine
 10
61.45588621284755
 20
429.9986752426971
 30
0.0
 11
61.45588621284753
 21
452.4980128640456
 31
0.0
  0
LINE
  5
35CD
330
3498
100
AcDbEntity
  8
0
100
AcDbLine
 10
66.45588621284753
 20
467.4980128640457
 30
0.0
 11
109.7820807646169
 21
467.4980128640457
 31
0.0
  0
ARC
  5
35CE
330
3498
100
AcDbEntity
  8
0
100
AcDbCircle
 10
66.45588621284753
 20
457.4980128640456
 30
0.0
 40
10.0
100
AcDbArc
 50
90.0
 51
180.0
  0
LINE
  5
35CF
330
3498
100
AcDbEntity
  8
0
100
AcDbLine
 10
71.45588621284753
 20
462.4980128640457
 30
0.0
 11
110.6189834887322
 21
462.4980128640457
 31
0.0
  0
ARC
  5
35D0
330
3498
100
AcDbEntity
  8
0
100
AcDbCircle
 10
71.45588621284753
 20
452.4980128640456
 30
0.0
 40
10.0
100
AcDbArc
 50
90.0
 51
180.0
  0
ARC
  5
35D1
330
3498
100
AcDbEntity
  8
0
100
AcDbCircle
 10
346.4558862128475
 20
429.9986752426972
 30
0.0
 40
10.0
100
AcDbArc
 50
180.0
 51
270.0
  0
ARC
  5
35D2
330
3498
100
AcDbEntity
  8
0
100
AcDbCircle
 10
346.4558862128475
 20
429.9986752426972
 30
0.0
 40
15.0
100
AcDbArc
 50
180.0
 51
270.0
  0
LINE
  5
35D3
330
3498
100
AcDbEntity
  8
0
100
AcDbLine
 10
336.4558862128475
 20
429.9986752426972
 30
0.0
 11
336.4558862128475
 21
457.4980128640458
 31
0.0
  0
LINE
  5
35D4
330
3498
100
AcDbEntity
  8
0
100
AcDbLine
 10
331.4558862128475
 20
429.9986752426972
 30
0.0
 11
331.4558862128475
 21
452.4980128640457
 31
0.0
  0
LINE
  5
35D5
330
3498
100
AcDbEntity
  8
0
100
AcDbLine
 10
326.4558862128475
 20
467.4980128640457
 30
0.0
 11
196.4558862128475
 21
467.4980128640457
 31
0.0
  0
ARC
  5
35D6
330
3498
100
AcDbEntity
  8
0
100
AcDbCircle
 10
326.4558862128475
 20
457.4980128640458
 30
0.0
 40
10.0
100
AcDbArc
 50
0.0
 51
90.0
  0
LINE
  5
35D7
330
3498
100
AcDbEntity
  8
0
100
AcDbLine
 10
321.4558862128475
 20
462.4980128640458
 30
0.0
 11
196.4558862128475
 21
462.4980128640457
 31
0.0
  0
ARC
  5
35D8
330
3498
100
AcDbEntity
  8
0
100
AcDbCircle
 10
321.4558862128475
 20
452.4980128640457
 30
0.0
 40
10.0
100
AcDbArc
 50
0.0
 51
90.0
  0
ARC
  5
35D9
330
3498
100
AcDbEntity
  8
0
100
AcDbCircle
 10
255.9852907118009
 20
572.4973504853942
 30
0.0
 40
10.0
100
AcDbArc
 50
187.1807557814583
 51
270.0
  0
ARC
  5
35DA
330
3498
100
AcDbEntity
  8
0
100
AcDbCircle
 10
260.242640323713
 20
577.4973504853942
 30
0.0
 40
10.0
100
AcDbArc
 50
191.0874892109698
 51
270.0
  0
LINE
  5
35DB
330
3498
100
AcDbEntity
  8
0
100
AcDbLine
 10
255.9852907118009
 20
562.4973504853942
 30
0.0
 11
271.4558862128475
 21
562.4973504853942
 31
0.0
  0
LINE
  5
35DC
330
3498
100
AcDbEntity
  8
0
100
AcDbLine
 10
260.242640323713
 20
567.4973504853942
 30
0.0
 11
271.4558862128475
 21
567.4973504853944
 31
0.0
  0
ARC
  5
35DD
330
3498
100
AcDbEntity
  8
0
100
AcDbCircle
 10
271.4558862128475
 20
577.4973504853942
 30
0.0
 40
10.0
100
AcDbArc
 50
270.0
 51
0.0
  0
ARC
  5
35DE
330
3498
100
AcDbEntity
  8
0
100
AcDbCircle
 10
271.4558862128475
 20
577.4973504853942
 30
0.0
 40
15.0
100
AcDbArc
 50
270.0
 51
0.0
  0
ARC
  5
35DF
330
3498
100
AcDbEntity
  8
0
100
AcDbCircle
 10
255.9852907118009
 20
557.4973504853942
 30
0.0
 40
10.0
100
AcDbArc
 50
90.0
 51
172.8192442185417
  0
ARC
  5
35E0
330
3498
100
AcDbEntity
  8
0
100
AcDbCircle
 10
260.242640323713
 20
552.4973504853942
 30
0.0
 40
10.0
100
AcDbArc
 50
90.0
 51
168.9125107890301
  0
LINE
  5
35E1
330
3498
100
AcDbEntity
  8
0
100
AcDbLine
 10
255.9852907118009
 20
567.4973504853944
 30
0.0
 11
271.4558862128475
 21
567.4973504853944
 31
0.0
  0
LINE
  5
35E2
330
3498
100
AcDbEntity
  8
0
100
AcDbLine
 10
260.242640323713
 20
562.4973504853942
 30
0.0
 11
271.4558862128476
 21
562.4973504853942
 31
0.0
  0
ARC
  5
35E3
330
3498
100
AcDbEntity
  8
0
100
AcDbCircle
 10
271.4558862128476
 20
552.4973504853942
 30
0.0
 40
10.0
100
AcDbArc
 50
0.0
 51
90.0
  0
ARC
  5
35E4
330
3498
100
AcDbEntity
  8
0
100
AcDbCircle
 10
271.4558862128476
 20
552.4973504853942
 30
0.0
 40
15.0
100
AcDbArc
 50
0.0
 51
90.0
  0
ARC
  5
35E5
330
3498
100
AcDbEntity
  8
0
100
AcDbCircle
 10
136.1985386074705
 20
357.4986752426971
 30
0.0
 40
10.0
100
AcDbArc
 50
7.180755781458278
 51
90.0
  0
ARC
  5
35E6
330
3498
100
AcDbEntity
  8
0
100
AcDbCircle
 10
131.9411889955584
 20
352.4986752426972
 30
0.0
 40
10.0
100
AcDbArc
 50
11.08748921096985
 51
90.0
  0
LINE
  5
35E7
330
3498
100
AcDbEntity
  8
0
100
AcDbLine
 10
136.1985386074705
 20
367.4986752426972
 30
0.0
 11
120.7279431064237
 21
367.4986752426972
 31
0.0
  0
LINE
  5
35E8
330
3498
100
AcDbEntity
  8
0
100
AcDbLine
 10
131.9411889955584
 20
362.4986752426972
 30
0.0
 11
120.7279431064237
 21
362.4986752426972
 31
0.0
  0
ARC
  5
35E9
330
3498
100
AcDbEntity
  8
0
100
AcDbCircle
 10
120.7279431064237
 20
352.4986752426972
 30
0.0
 40
10.0
100
AcDbArc
 50
90.0
 51
180.0
  0
ARC
  5
35EA
330
3498
100
AcDbEntity
  8
0
100
AcDbCircle
 10
120.7279431064237
 20
352.4986752426972
 30
0.0
 40
15.0
100
AcDbArc
 50
90.0
 51
180.0
  0
ARC
  5
35EB
330
3498
100
AcDbEntity
  8
0
100
AcDbCircle
 10
136.1985386074704
 20
372.4986752426972
 30
0.0
 40
10.0
100
AcDbArc
 50
270.0
 51
352.8192442185417
  0
ARC
  5
35EC
330
3498
100
AcDbEntity
  8
0
100
AcDbCircle
 10
131.9411889955584
 20
377.4986752426971
 30
0.0
 40
10.0
100
AcDbArc
 50
270.0
 51
348.9125107890302
  0
LINE
  5
35ED
330
3498
100
AcDbEntity
  8
0
100
AcDbLine
 10
136.1985386074705
 20
362.4986752426971
 30
0.0
 11
120.7279431064237
 21
362.4986752426972
 31
0.0
  0
LINE
  5
35EE
330
3498
100
AcDbEntity
  8
0
100
AcDbLine
 10
131.9411889955584
 20
367.4986752426971
 30
0.0
 11
120.7279431064237
 21
367.4986752426971
 31
0.0
  0
ARC
  5
35EF
330
3498
100
AcDbEntity
  8
0
100
AcDbCircle
 10
120.7279431064237
 20
377.4986752426971
 30
0.0
 40
10.0
100
AcDbArc
 50
180.0
 51
270.0
  0
ARC
  5
35F0
330
3498
100
AcDbEntity
  8
0
100
AcDbCircle
 10
120.7279431064237
 20
377.4986752426971
 30
0.0
 40
15.0
100
AcDbArc
 50
180.0
 51
270.0
  0
ARC
  5
35F1
330
3498
100
AcDbEntity
  8
0
100
AcDbCircle
 10
255.2573476053771
 20
357.4986752426971
 30
0.0
 40
10.0
100
AcDbArc
 50
90.0
 51
172.8192442185417
  0
ARC
  5
35F2
330
3498
100
AcDbEntity
  8
0
100
AcDbCircle
 10
259.5146972172892
 20
352.4986752426971
 30
0.0
 40
10.0
100
AcDbArc
 50
90.0
 51
168.9125107890301
  0
LINE
  5
35F3
330
3498
100
AcDbEntity
  8
0
100
AcDbLine
 10
255.2573476053771
 20
367.4986752426971
 30
0.0
 11
270.7279431064237
 21
367.4986752426971
 31
0.0
  0
LINE
  5
35F4
330
3498
100
AcDbEntity
  8
0
100
AcDbLine
 10
259.5146972172892
 20
362.4986752426971
 30
0.0
 11
270.7279431064237
 21
362.4986752426971
 31
0.0
  0
ARC
  5
35F5
330
3498
100
AcDbEntity
  8
0
100
AcDbCircle
 10
270.7279431064237
 20
352.4986752426971
 30
0.0
 40
10.0
100
AcDbArc
 50
0.0
 51
90.0
  0
ARC
  5
35F6
330
3498
100
AcDbEntity
  8
0
100
AcDbCircle
 10
270.7279431064237
 20
352.4986752426971
 30
0.0
 40
15.0
100
AcDbArc
 50
0.0
 51
90.0
  0
ARC
  5
35F7
330
3498
100
AcDbEntity
  8
0
100
AcDbCircle
 10
255.2573476053771
 20
372.4986752426971
 30
0.0
 40
10.0
100
AcDbArc
 50
187.1807557814583
 51
270.0
  0
ARC
  5
35F8
330
3498
100
AcDbEntity
  8
0
100
AcDbCircle
 10
259.5146972172892
 20
377.4986752426971
 30
0.0
 40
10.0
100
AcDbArc
 50
191.0874892109698
 51
270.0
  0
LINE
  5
35F9
330
3498
100
AcDbEntity
  8
0
100
AcDbLine
 10
255.2573476053771
 20
362.4986752426971
 30
0.0
 11
270.7279431064237
 21
362.4986752426971
 31
0.0
  0
LINE
  5
35FA
330
3498
100
AcDbEntity
  8
0
100
AcDbLine
 10
259.5146972172892
 20
367.4986752426971
 30
0.0
 11
270.7279431064238
 21
367.4986752426971
 31
0.0
  0
ARC
  5
35FB
330
3498
100
AcDbEntity
  8
0
100
AcDbCircle
 10
270.7279431064238
 20
377.4986752426971
 30
0.0
 40
10.0
100
AcDbArc
 50
270.0
 51
0.0
  0
ARC
  5
35FC
330
3498
100
AcDbEntity
  8
0
100
AcDbCircle
 10
270.7279431064238
 20
377.4986752426971
 30
0.0
 40
15.0
100
AcDbArc
 50
270.0
 51
0.0
  0
LINE
  5
35FD
330
3498
100
AcDbEntity
  8
0
100
AcDbLine
 10
113.0384601330652
 20
468.0430674168872
 30
0.0
 11
247.7883385139218
 21
514.4522959325528
 31
0.0
  0
ARC
  5
35FE
330
3498
100
AcDbEntity
  8
0
100
AcDbCircle
 10
109.7820807646169
 20
477.4980128640456
 30
0.0
 40
10.0
100
AcDbArc
 50
270.0
 51
289.0042286711315
  0
LINE
  5
35FF
330
3498
100
AcDbEntity
  8
0
100
AcDbLine
 10
113.8753628571805
 20
463.0430674168872
 30
0.0
 11
263.1428148640853
 21
514.4522959325528
 31
0.0
  0
ARC
  5
3600
330
3498
100
AcDbEntity
  8
0
100
AcDbCircle
 10
110.6189834887322
 20
472.4980128640456
 30
0.0
 40
10.0
100
AcDbArc
 50
270.0
 51
289.0042286711315
  0
LINE
  5
3601
330
3498
100
AcDbEntity
  8
0
100
AcDbLine
 10
251.04471788237
 20
514.9973504853942
 30
0.0
 11
196.4558862128476
 21
514.9973504853942
 31
0.0
  0
LINE
  5
3602
330
3498
100
AcDbEntity
  8
0
100
AcDbLine
 10
251.04471788237
 20
514.9973504853942
 30
0.0
 11
266.3991942325336
 21
514.9973504853942
 31
0.0
  0
ENDBLK
  5
3606
330
3498
100
AcDbEntity
  8
0
100
AcDbBlockEnd
  0
BLOCK
  5
3C92
330
3C91
100
AcDbEntity
  8
0
100
AcDbBlockBegin
  2
*D5
 70
     1
 10
0.0
 20
0.0
 30
0.0
  3
*D5
  1

  0
LINE
  5
3C94
330
3C91
100
AcDbEntity
  8
0
 62
     0
370
    -2
100
AcDbLine
 10
42.45036958895282
 20
51.70909044851896
 30
0.0
 11
42.63036958895282
 21
51.70909044851896
 31
0.0
  0
LINE
  5
3C95
330
3C91
100
AcDbEntity
  8
0
 62
     0
370
    -2
100
AcDbLine
 10
42.63036958895282
 20
51.70909044851896
 30
0.0
 11
63.4974826129418
 21
77.0201408841814
 31
0.0
  0
MTEXT
  5
3C96
102
{ACAD_XDICTIONARY
360
3E7C
102
}
330
3C91
100
AcDbEntity
  8
0
 62
     0
100
AcDbMText
 10
7.360369588952834
 20
51.70909044851896
 30
0.0
 40
10.0
 41
0.0
 71
     5
 72
     1
  1
\A1;\U+2205200.0000
 73
     1
 44
1.0
1001
ACAD
1000
MTEXTBEGIN
1070
    73
1070
     1
1070
    44
1040
1.0
1070
    74
1070
     0
1000
MTEXTEND
  0
SOLID
  5
3C97
330
3C91
100
AcDbEntity
  8
0
 62
     0
100
AcDbTrace
 10
63.4743349048019
 20
77.03922447943672
 30
0.0
 11
63.52063032108171
 21
77.00105728892605
 31
0.0
 12
63.61198418447385
 22
77.15902713302084
 32
0.0
 13
63.61198418447385
 23
77.15902713302084
 33
0.0
  0
POINT
  5
3C98
330
3C91
100
AcDbEntity
  8
Defpoints
 62
     0
100
AcDbPoint
 10
63.61198418447385
 20
77.15902713302084
 30
0.0
  0
POINT
  5
3C99
330
3C91
100
AcDbEntity
  8
Defpoints
 62
     0
100
AcDbPoint
 10
-63.61198418447385
 20
-77.15902713302084
 30
0.0
  0
ENDBLK
  5
3C93
330
3C91
100
AcDbEntity
  8
0
100
AcDbBlockEnd
  0
BLOCK
  5
3C9C
330
3C9B
100
AcDbEntity
  8
0
100
AcDbBlockBegin
  2
*D6
 70
     1
 10
0.0
 20
0.0
 30
0.0
  3
*D6
  1

  0
LINE
  5
3C9E
330
3C9B
100
AcDbEntity
  8
0
 62
     0
370
    -2
100
AcDbLine
 10
37.35724314606278
 20
32.85654305748268
 30
0.0
 11
37.53724314606279
 21
32.85654305748268
 31
0.0
  0
LINE
  5
3C9F
330
3C9B
100
AcDbEntity
  8
0
 62
     0
370
    -2
100
AcDbLine
 10
37.53724314606279
 20
32.85654305748268
 30
0.0
 11
77.36823376785848
 21
67.72081514307102
 31
0.0
  0
MTEXT
  5
3CA0
102
{ACAD_XDICTIONARY
360
3E7E
102
}
330
3C9B
100
AcDbEntity
  8
0
 62
     0
100
AcDbMText
 10
1.433909812729446
 20
32.85654305748268
 30
0.0
 40
10.0
 41
0.0
 71
     5
 72
     1
  1
\A1;\U+2205206.0000
 73
     1
 44
1.0
1001
ACAD
1000
MTEXTBEGIN
1070
    73
1070
     1
1070
    44
1040
1.0
1070
    74
1070
     0
1000
MTEXTEND
  0
SOLID
  5
3CA1
330
3C9B
100
AcDbEntity
  8
0
 62
     0
100
AcDbTrace
 10
77.34847472823301
 20
67.74338902960121
 30
0.0
 11
77.38799280748398
 21
67.69824125654081
 31
0.0
 12
77.50367708703975
 22
67.83936938082391
 32
0.0
 13
77.50367708703975
 23
67.83936938082391
 33
0.0
  0
POINT
  5
3CA2
330
3C9B
100
AcDbEntity
  8
Defpoints
 62
     0
100
AcDbPoint
 10
77.50367708703975
 20
67.83936938082391
 30
0.0
  0
POINT
  5
3CA3
330
3C9B
100
AcDbEntity
  8
Defpoints
 62
     0
100
AcDbPoint
 10
-77.50367708703975
 20
-67.83936938082391
 30
0.0
  0
ENDBLK
  5
3C9D
330
3C9B
100
AcDbEntity
  8
0
100
AcDbBlockEnd
  0
BLOCK
  5
3CB3
330
3CB2
100
AcDbEntity
  8
0
100
AcDbBlockBegin
  2
*U7
 70
     1
 10
0.0
 20
0.0
 30
0.0
  3
*U7
  1

  0
ARC
  5
3CB9
330
3CB2
100
AcDbEntity
  8
0
100
AcDbCircle
 10
35.44700817680719
 20
31.50000000000002
 30
0.0
 40
30.0
100
AcDbArc
 50
270.0
 51
345.9772176472857
  0
ARC
  5
3CBA
330
3CB2
100
AcDbEntity
  8
0
100
AcDbCircle
 10
32.35703271732186
 20
31.50000000000002
 30
0.0
 40
30.0
100
AcDbArc
 50
270.0
 51
346.2997665116283
  0
LINE
  5
3CBB
330
3CB2
100
AcDbEntity
  8
0
100
AcDbLine
 10
35.44700817680719
 20
-1.499999999999981
 30
0.0
 11
-64.55299182319283
 21
-1.499999999999974
 31
0.0
  0
LINE
  5
3CBC
330
3CB2
100
AcDbEntity
  8
0
100
AcDbLine
 10
35.4470081768072
 20
1.500000000000014
 30
0.0
 11
-64.55299182319278
 21
1.500000000000026
 31
0.0
  0
LINE
  5
3CBD
330
3CB2
100
AcDbEntity
  8
0
100
AcDbLine
 10
35.4470081768072
 20
1.500000000000014
 30
0.0
 11
32.35703271732186
 21
1.500000000000014
 31
0.0
  0
ARC
  5
3CBE
330
3CB2
100
AcDbEntity
  8
0
100
AcDbCircle
 10
35.44700817680719
 20
-31.50000000000002
 30
0.0
 40
30.0
100
AcDbArc
 50
14.02278235271424
 51
90.0
  0
ARC
  5
3CBF
330
3CB2
100
AcDbEntity
  8
0
100
AcDbCircle
 10
32.35703271732186
 20
-31.50000000000002
 30
0.0
 40
30.0
100
AcDbArc
 50
13.70023348837163
 51
90.0
  0
ENDBLK
  5
3CB4
330
3CB2
100
AcDbEntity
  8
0
100
AcDbBlockEnd
  0
BLOCK
  5
3CB6
330
3CB5
100
AcDbEntity
  8
0
100
AcDbBlockBegin
  2
*U8
 70
     1
 10
0.0
 20
0.0
 30
0.0
  3
*U8
  1

  0
INSERT
  5
3CCE
330
3CB5
100
AcDbEntity
  8
0
  6
ByBlock
 62
     0
370
    -2
380
     1
100
AcDbBlockReference
  2
*U7
 10
-161.572937311145
 20
0.0000000000000198
 30
0.0
  0
INSERT
  5
3CCF
330
3CB5
100
AcDbEntity
  8
0
  6
ByBlock
 62
     0
370
    -2
380
     1
100
AcDbBlockReference
  2
*U7
 10
-0.0000000000000297
 20
-161.572937311145
 30
0.0
 50
90.00000000000005
  0
INSERT
  5
3CD0
330
3CB5
100
AcDbEntity
  8
0
  6
ByBlock
 62
     0
370
    -2
380
     1
100
AcDbBlockReference
  2
*U7
 10
161.572937311145
 20
0.0
 30
0.0
 50
180.0
  0
INSERT
  5
3CD1
330
3CB5
100
AcDbEntity
  8
0
  6
ByBlock
 62
     0
370
    -2
380
     1
100
AcDbBlockReference
  2
*U7
 10
0.0000000000000099
 20
161.572937311145
 30
0.0
 50
270.0000000000001
  0
ENDBLK
  5
3CB7
330
3CB5
100
AcDbEntity
  8
0
100
AcDbBlockEnd
  0
BLOCK
  5
3CDB
330
3CDA
100
AcDbEntity
  8
0
100
AcDbBlockBegin
  2
*U9
 70
     1
 10
0.0
 20
0.0
 30
0.0
  3
*U9
  1

  0
ARC
  5
3CE1
330
3CDA
100
AcDbEntity
  8
0
100
AcDbCircle
 10
100.009972743976
 20
-0.0000000000000355
 30
0.0
 40
103.0
100
AcDbArc
 50
166.2997665116284
 51
193.7002334883715
  0
ARC
  5
3CE2
330
3CDA
100
AcDbEntity
  8
0
100
AcDbCircle
 10
100.009972743976
 20
-0.0000000000000035
 30
0.0
 40
100.0
100
AcDbArc
 50
165.9772176472858
 51
194.0227823527141
  0
ENDBLK
  5
3CDC
330
3CDA
100
AcDbEntity
  8
0
100
AcDbBlockEnd
  0
BLOCK
  5
3CDE
330
3CDD
100
AcDbEntity
  8
0
100
AcDbBlockBegin
  2
*U10
 70
     1
 10
0.0
 20
0.0
 30
0.0
  3
*U10
  1

  0
INSERT
  5
3CED
330
3CDD
100
AcDbEntity
  8
0
  6
ByBlock
 62
     0
370
    -2
380
     1
100
AcDbBlockReference
  2
*U9
 10
-100.009972743976
 20
0.0000000000000122
 30
0.0
  0
INSERT
  5
3CEE
330
3CDD
100
AcDbEntity
  8
0
  6
ByBlock
 62
     0
370
    -2
380
     1
100
AcDbBlockReference
  2
*U9
 10
-0.0000000000000184
 20
-100.009972743976
 30
0.0
 50
90.00000000000005
  0
INSERT
  5
3CEF
330
3CDD
100
AcDbEntity
  8
0
  6
ByBlock
 62
     0
370
    -2
380
     1
100
AcDbBlockReference
  2
*U9
 10
100.009972743976
 20
0.0
 30
0.0
 50
180.0
  0
INSERT
  5
3CF0
330
3CDD
100
AcDbEntity
  8
0
  6
ByBlock
 62
     0
370
    -2
380
     1
100
AcDbBlockReference
  2
*U9
 10
-0.0000000000000827
 20
100.009972743976
 30
0.0
 50
270.0000000000001
  0
ENDBLK
  5
3CDF
330
3CDD
100
AcDbEntity
  8
0
100
AcDbBlockEnd
  0
BLOCK
  5
3D22
330
3D21
100
AcDbEntity
  8
0
100
AcDbBlockBegin
  2
*U11
 70
     1
 10
0.0
 20
0.0
 30
0.0
  3
*U11
  1

  0
ARC
  5
3D28
330
3D21
100
AcDbEntity
  8
0
100
AcDbCircle
 10
-85.31296456716889
 20
-85.31296456716891
 30
0.0
 40
30.0
100
AcDbArc
 50
180.0
 51
270.0
  0
ARC
  5
3D29
330
3D21
100
AcDbEntity
  8
0
100
AcDbCircle
 10
-82.31296456716892
 20
-82.3129645671689
 30
0.0
 40
30.0
100
AcDbArc
 50
180.0
 51
270.0
  0
LINE
  5
3D2A
330
3D21
100
AcDbEntity
  8
0
100
AcDbLine
 10
112.3129645671689
 20
12.31296456716885
 30
0.0
 11
112.3129645671688
 21
82.31296456716886
 31
0.0
  0
ARC
  5
3D2B
330
3D21
100
AcDbEntity
  8
0
100
AcDbCircle
 10
82.31296456716886
 20
82.31296456716886
 30
0.0
 40
30.0
100
AcDbArc
 50
0.0
 51
90.0
  0
LINE
  5
3D2C
330
3D21
100
AcDbEntity
  8
0
100
AcDbLine
 10
115.3129645671689
 20
12.31296456716883
 30
0.0
 11
115.3129645671689
 21
85.31296456716892
 31
0.0
  0
ARC
  5
3D2D
330
3D21
100
AcDbEntity
  8
0
100
AcDbCircle
 10
85.31296456716887
 20
85.31296456716889
 30
0.0
 40
30.0
100
AcDbArc
 50
0.0
 51
90.0
  0
LINE
  5
3D2E
330
3D21
100
AcDbEntity
  8
0
100
AcDbLine
 10
-112.3129645671689
 20
-82.3129645671689
 30
0.0
 11
-112.3129645671689
 21
82.31296456716888
 31
0.0
  0
ARC
  5
3D2F
330
3D21
100
AcDbEntity
  8
0
100
AcDbCircle
 10
-82.31296456716892
 20
82.31296456716888
 30
0.0
 40
30.0
100
AcDbArc
 50
90.0
 51
180.0
  0
ARC
  5
3D30
330
3D21
100
AcDbEntity
  8
0
100
AcDbCircle
 10
-82.31296456716892
 20
82.31296456716888
 30
0.0
 40
33.0
100
AcDbArc
 50
90.0
 51
180.0
  0
LINE
  5
3D31
330
3D21
100
AcDbEntity
  8
0
100
AcDbLine
 10
-115.3129645671689
 20
-85.31296456716891
 30
0.0
 11
-115.3129645671689
 21
82.31296456716888
 31
0.0
  0
LINE
  5
3D32
330
3D21
100
AcDbEntity
  8
0
100
AcDbLine
 10
82.31296456716888
 20
112.3129645671688
 30
0.0
 11
-82.31296456716892
 21
112.3129645671689
 31
0.0
  0
LINE
  5
3D33
330
3D21
100
AcDbEntity
  8
0
100
AcDbLine
 10
85.31296456716887
 20
115.3129645671689
 30
0.0
 11
-82.31296456716892
 21
115.3129645671689
 31
0.0
  0
ENDBLK
  5
3D23
330
3D21
100
AcDbEntity
  8
0
100
AcDbBlockEnd
  0
BLOCK
  5
3D25
330
3D24
100
AcDbEntity
  8
0
100
AcDbBlockBegin
  2
*U12
 70
     1
 10
0.0
 20
0.0
 30
0.0
  3
*U12
  1

  0
INSERT
  5
3D3E
330
3D24
100
AcDbEntity
  8
0
  6
ByBlock
 62
     0
370
    -2
380
     1
100
AcDbBlockReference
  2
*U11
 10
-113.8129645671688
 20
113.812964567169
 30
0.0
  0
INSERT
  5
3D3F
330
3D24
100
AcDbEntity
  8
0
  6
ByBlock
 62
     0
370
    -2
380
     1
100
AcDbBlockReference
  2
*U11
 10
-113.812964567169
 20
-113.8129645671688
 30
0.0
 50
90.00000000000005
  0
INSERT
  5
3D40
330
3D24
100
AcDbEntity
  8
0
  6
ByBlock
 62
     0
370
    -2
380
     1
100
AcDbBlockReference
  2
*U11
 10
113.8129645671688
 20
-113.812964567169
 30
0.0
 50
180.0
  0
INSERT
  5
3D41
330
3D24
100
AcDbEntity
  8
0
  6
ByBlock
 62
     0
370
    -2
380
     1
100
AcDbBlockReference
  2
*U11
 10
113.812964567169
 20
113.8129645671688
 30
0.0
 50
270.0
  0
ENDBLK
  5
3D26
330
3D24
100
AcDbEntity
  8
0
100
AcDbBlockEnd
  0
BLOCK
  5
3D81
330
3D80
100
AcDbEntity
  8
0
100
AcDbBlockBegin
  2
*U13
 70
     1
 10
0.0
 20
0.0
 30
0.0
  3
*U13
  1

  0
LINE
  5
3D87
330
3D80
100
AcDbEntity
  8
0
100
AcDbLine
 10
-226.1259291343378
 20
-101.4999999999999
 30
0.0
 11
-226.1259291343378
 21
68.50000000000004
 31
0.0
  0
LINE
  5
3D88
330
3D80
100
AcDbEntity
  8
0
100
AcDbLine
 10
-229.1259291343378
 20
-101.4999999999999
 30
0.0
 11
-229.1259291343378
 21
68.50000000000004
 31
0.0
  0
LINE
  5
3D89
330
3D80
100
AcDbEntity
  8
0
100
AcDbLine
 10
-196.1259291343378
 20
98.50000000000006
 30
0.0
 11
196.1259291343378
 21
98.50000000000006
 31
0.0
  0
LINE
  5
3D8A
330
3D80
100
AcDbEntity
  8
0
100
AcDbLine
 10
-196.1259291343378
 20
101.5
 30
0.0
 11
196.1259291343378
 21
101.5
 31
0.0
  0
ARC
  5
3D8B
330
3D80
100
AcDbEntity
  8
0
100
AcDbCircle
 10
-196.1259291343378
 20
68.50000000000004
 30
0.0
 40
30.0
100
AcDbArc
 50
90.0
 51
180.0
  0
ARC
  5
3D8C
330
3D80
100
AcDbEntity
  8
0
100
AcDbCircle
 10
-196.1259291343378
 20
68.50000000000004
 30
0.0
 40
33.0
100
AcDbArc
 50
90.0
 51
180.0
  0
LINE
  5
3D8D
330
3D80
100
AcDbEntity
  8
0
100
AcDbLine
 10
226.1259291343378
 20
-101.5
 30
0.0
 11
226.1259291343378
 21
68.50000000000004
 31
0.0
  0
LINE
  5
3D8E
330
3D80
100
AcDbEntity
  8
0
100
AcDbLine
 10
229.1259291343378
 20
-101.5
 30
0.0
 11
229.1259291343378
 21
68.50000000000004
 31
0.0
  0
ARC
  5
3D8F
330
3D80
100
AcDbEntity
  8
0
100
AcDbCircle
 10
196.1259291343378
 20
68.50000000000004
 30
0.0
 40
30.0
100
AcDbArc
 50
0.0
 51
90.0
  0
ARC
  5
3D90
330
3D80
100
AcDbEntity
  8
0
100
AcDbCircle
 10
196.1259291343378
 20
68.50000000000004
 30
0.0
 40
33.0
100
AcDbArc
 50
0.0
 51
90.0
  0
ENDBLK
  5
3D82
330
3D80
100
AcDbEntity
  8
0
100
AcDbBlockEnd
  0
BLOCK
  5
3D84
330
3D83
100
AcDbEntity
  8
0
100
AcDbBlockBegin
  2
*U14
 70
     1
 10
0.0
 20
0.0
 30
0.0
  3
*U14
  1

  0
INSERT
  5
3D9B
330
3D83
100
AcDbEntity
  8
0
  6
ByBlock
 62
     0
370
    -2
380
     1
100
AcDbBlockReference
  2
*U13
 10
0.0000000000000843
 20
297.6259291343378
 30
0.0
  0
INSERT
  5
3D9C
330
3D83
100
AcDbEntity
  8
0
  6
ByBlock
 62
     0
370
    -2
380
     1
100
AcDbBlockReference
  2
*U13
 10
-297.6259291343378
 20
0.0000000000000364
 30
0.0
 50
90.0
  0
INSERT
  5
3D9D
330
3D83
100
AcDbEntity
  8
0
  6
ByBlock
 62
     0
370
    -2
380
     1
100
AcDbBlockReference
  2
*U13
 10
-0.0000000000000547
 20
-297.6259291343378
 30
0.0
 50
180.0
  0
INSERT
  5
3D9E
330
3D83
100
AcDbEntity
  8
0
  6
ByBlock
 62
     0
370
    -2
380
     1
100
AcDbBlockReference
  2
*U13
 10
297.6259291343378
 20
0.0
 30
0.0
 50
270.0
  0
ENDBLK
  5
3D85
330
3D83
100
AcDbEntity
  8
0
100
AcDbBlockEnd
  0
BLOCK
  5
3DD4
330
3DD3
100
AcDbEntity
  8
0
100
AcDbBlockBegin
  2
*U15
 70
     1
 10
0.0
 20
0.0
 30
0.0
  3
*U15
  1

  0
LINE
  5
3DDA
330
3DD3
100
AcDbEntity
  8
0
100
AcDbLine
 10
-98.50000000000006
 20
31.50000000000003
 30
0.0
 11
-98.50000000000006
 21
196.1259291343378
 31
0.0
  0
LINE
  5
3DDB
330
3DD3
100
AcDbEntity
  8
0
100
AcDbLine
 10
-101.5
 20
-196.1259291343378
 30
0.0
 11
-101.5
 21
-31.50000000000029
 31
0.0
  0
LINE
  5
3DDC
330
3DD3
100
AcDbEntity
  8
0
100
AcDbLine
 10
101.5
 20
1.500000000000014
 30
0.0
 11
-68.50000000000004
 21
1.500000000000025
 31
0.0
  0
ARC
  5
3DDD
330
3DD3
100
AcDbEntity
  8
0
100
AcDbCircle
 10
-68.50000000000004
 20
31.50000000000002
 30
0.0
 40
30.0
100
AcDbArc
 50
180.0
 51
270.0
  0
ARC
  5
3DDE
330
3DD3
100
AcDbEntity
  8
0
100
AcDbCircle
 10
-68.50000000000004
 20
31.50000000000002
 30
0.0
 40
33.0
100
AcDbArc
 50
180.0
 51
270.0
  0
LINE
  5
3DDF
330
3DD3
100
AcDbEntity
  8
0
100
AcDbLine
 10
101.4999999999999
 20
-1.500000000000034
 30
0.0
 11
-71.5000000000001
 21
-1.500000000000274
 31
0.0
  0
LINE
  5
3DE0
330
3DD3
100
AcDbEntity
  8
0
100
AcDbLine
 10
-98.50000000000006
 20
31.50000000000003
 30
0.0
 11
-98.50000000000006
 21
-196.1259291343378
 31
0.0
  0
LINE
  5
3DE1
330
3DD3
100
AcDbEntity
  8
0
100
AcDbLine
 10
-101.5
 20
196.1259291343378
 30
0.0
 11
-101.5
 21
-31.50000000000027
 31
0.0
  0
ENDBLK
  5
3DD5
330
3DD3
100
AcDbEntity
  8
0
100
AcDbBlockEnd
  0
BLOCK
  5
3DD7
330
3DD6
100
AcDbEntity
  8
0
100
AcDbBlockBegin
  2
*U16
 70
     1
 10
0.0
 20
0.0
 30
0.0
  3
*U16
  1

  0
INSERT
  5
3DEC
330
3DD6
100
AcDbEntity
  8
0
  6
ByBlock
 62
     0
370
    -2
380
     1
100
AcDbBlockReference
  2
*U15
 10
-297.6259291343378
 20
0.0000000000000364
 30
0.0
  0
ENDBLK
  5
3DD8
330
3DD6
100
AcDbEntity
  8
0
100
AcDbBlockEnd
  0
BLOCK
  5
3EC3
330
3EC2
100
AcDbEntity
  8
0
100
AcDbBlockBegin
  2
*U18
 70
     1
 10
0.0
 20
0.0
 30
0.0
  3
*U18
  1

  0
LINE
  5
3EC9
330
3EC2
100
AcDbEntity
  8
0
100
AcDbLine
 10
-98.50000000000001
 20
31.50000000000004
 30
0.0
 11
-98.50000000000001
 21
196.1259291343378
 31
0.0
  0
LINE
  5
3ECA
330
3EC2
100
AcDbEntity
  8
0
100
AcDbLine
 10
-101.4999999999999
 20
-196.1259291343378
 30
0.0
 11
-101.4999999999999
 21
-31.50000000000029
 31
0.0
  0
LINE
  5
3ECB
330
3EC2
100
AcDbEntity
  8
0
100
AcDbLine
 10
101.5
 20
1.500000000000022
 30
0.0
 11
-68.5
 21
1.500000000000033
 31
0.0
  0
ARC
  5
3ECC
330
3EC2
100
AcDbEntity
  8
0
100
AcDbCircle
 10
-68.5
 20
31.50000000000003
 30
0.0
 40
30.0
100
AcDbArc
 50
180.0
 51
270.0
  0
ARC
  5
3ECD
330
3EC2
100
AcDbEntity
  8
0
100
AcDbCircle
 10
-68.5
 20
31.50000000000003
 30
0.0
 40
33.0
100
AcDbArc
 50
180.0
 51
270.0
  0
LINE
  5
3ECE
330
3EC2
100
AcDbEntity
  8
0
100
AcDbLine
 10
101.4999999999999
 20
-1.500000000000026
 30
0.0
 11
-68.49999999999994
 21
-1.500000000000266
 31
0.0
  0
LINE
  5
3ECF
330
3EC2
100
AcDbEntity
  8
0
100
AcDbLine
 10
-98.50000000000001
 20
31.50000000000004
 30
0.0
 11
-98.50000000000001
 21
-196.1259291343378
 31
0.0
  0
LINE
  5
3ED0
330
3EC2
100
AcDbEntity
  8
0
100
AcDbLine
 10
-101.4999999999999
 20
196.1259291343378
 30
0.0
 11
-101.4999999999999
 21
-31.50000000000027
 31
0.0
  0
ENDBLK
  5
3EC4
330
3EC2
100
AcDbEntity
  8
0
100
AcDbBlockEnd
  0
BLOCK
  5
3EC6
330
3EC5
100
AcDbEntity
  8
0
100
AcDbBlockBegin
  2
*U19
 70
     1
 10
0.0
 20
0.0
 30
0.0
  3
*U19
  1

  0
INSERT
  5
3EDB
330
3EC5
100
AcDbEntity
  8
0
  6
ByBlock
 62
     0
370
    -2
380
     1
100
AcDbBlockReference
  2
*U18
 10
-297.6259291343378
 20
0.0000000000000364
 30
0.0
  0
INSERT
  5
3EDC
330
3EC5
100
AcDbEntity
  8
0
  6
ByBlock
 62
     0
370
    -2
380
     1
100
AcDbBlockReference
  2
*U18
 10
-0.0000000000000547
 20
-297.6259291343378
 30
0.0
 50
90.00000000000003
  0
INSERT
  5
3EDD
330
3EC5
100
AcDbEntity
  8
0
  6
ByBlock
 62
     0
370
    -2
380
     1
100
AcDbBlockReference
  2
*U18
 10
297.6259291343378
 20
0.0
 30
0.0
 50
180.0
  0
INSERT
  5
3EDE
330
3EC5
100
AcDbEntity
  8
0
  6
ByBlock
 62
     0
370
    -2
380
     1
100
AcDbBlockReference
  2
*U18
 10
0.0000000000000182
 20
297.6259291343378
 30
0.0
 50
270.0000000000001
  0
ENDBLK
  5
3EC7
330
3EC5
100
AcDbEntity
  8
0
100
AcDbBlockEnd
  0
ENDSEC
  0
SECTION
  2
ENTITIES
  0
ARC
  5
3C8E
330
411
100
AcDbEntity
  8
0
100
AcDbCircle
 10
0.0
 20
0.0
 30
0.0
 40
100.0
100
AcDbArc
 50
194.0227823527141
 51
255.9772176472858
  0
ARC
  5
3C8F
330
411
100
AcDbEntity
  8
0
100
AcDbCircle
 10
0.0
 20
0.0
 30
0.0
 40
103.0
100
AcDbArc
 50
193.7002334883715
 51
256.2997665116284
  0
LINE
  5
3CAB
330
411
100
AcDbEntity
  8
0
100
AcDbLine
 10
0.0
 20
0.0
 30
0.0
 11
53.41285340933064
 21
0.0
 31
0.0
  0
LINE
  5
3CAC
330
411
100
AcDbEntity
  8
0
100
AcDbLine
 10
0.0
 20
0.0
 30
0.0
 11
0.0000000000000031
 21
50.75544641213401
 31
0.0
  0
ARC
  5
3CD2
330
411
100
AcDbEntity
  8
0
100
AcDbCircle
 10
0.0
 20
0.0
 30
0.0
 40
103.0
100
AcDbArc
 50
103.7002334883716
 51
166.2997665116284
  0
ARC
  5
3CD3
330
411
100
AcDbEntity
  8
0
100
AcDbCircle
 10
0.0
 20
0.0
 30
0.0
 40
100.0
100
AcDbArc
 50
104.0227823527141
 51
165.9772176472858
  0
ARC
  5
3CD5
330
411
100
AcDbEntity
  8
0
100
AcDbCircle
 10
0.0
 20
0.0
 30
0.0
 40
103.0
100
AcDbArc
 50
13.70023348837158
 51
76.29976651162841
  0
ARC
  5
3CD6
330
411
100
AcDbEntity
  8
0
100
AcDbCircle
 10
0.0
 20
0.0
 30
0.0
 40
100.0
100
AcDbArc
 50
14.02278235271414
 51
75.97721764728587
  0
ARC
  5
3CD7
330
411
100
AcDbEntity
  8
0
100
AcDbCircle
 10
0.0
 20
0.0
 30
0.0
 40
103.0
100
AcDbArc
 50
283.7002334883716
 51
346.2997665116283
  0
ARC
  5
3CD8
330
411
100
AcDbEntity
  8
0
100
AcDbCircle
 10
0.0
 20
0.0
 30
0.0
 40
100.0
100
AcDbArc
 50
284.0227823527142
 51
345.9772176472859
  0
ARC
  5
3CF1
330
411
100
AcDbEntity
  8
0
100
AcDbCircle
 10
-126.1259291343377
 20
31.50000000000004
 30
0.0
 40
30.0
100
AcDbArc
 50
270.0
 51
345.9772176472857
  0
ARC
  5
3CF2
330
411
100
AcDbEntity
  8
0
100
AcDbCircle
 10
-129.2159045938231
 20
31.50000000000004
 30
0.0
 40
30.0
100
AcDbArc
 50
270.0
 51
346.2997665116283
  0
LINE
  5
3CF3
330
411
100
AcDbEntity
  8
0
100
AcDbLine
 10
-126.1259291343377
 20
-1.499999999999961
 30
0.0
 11
-199.1259291343377
 21
-1.499999999999954
 31
0.0
  0
LINE
  5
3CF4
330
411
100
AcDbEntity
  8
0
100
AcDbLine
 10
-126.1259291343377
 20
1.500000000000034
 30
0.0
 11
-196.1259291343378
 21
1.500000000000043
 31
0.0
  0
ARC
  5
3CF6
330
411
100
AcDbEntity
  8
0
100
AcDbCircle
 10
-126.1259291343377
 20
-31.49999999999999
 30
0.0
 40
30.0
100
AcDbArc
 50
14.02278235271425
 51
90.0
  0
ARC
  5
3CF7
330
411
100
AcDbEntity
  8
0
100
AcDbCircle
 10
-129.2159045938231
 20
-31.49999999999999
 30
0.0
 40
30.0
100
AcDbArc
 50
13.70023348837163
 51
90.0
  0
ARC
  5
3CF8
330
411
100
AcDbEntity
  8
0
100
AcDbCircle
 10
-31.50000000000006
 20
-126.1259291343377
 30
0.0
 40
30.0
100
AcDbArc
 50
0.0
 51
75.97721764728571
  0
ARC
  5
3CF9
330
411
100
AcDbEntity
  8
0
100
AcDbCircle
 10
-31.50000000000006
 20
-129.2159045938231
 30
0.0
 40
30.0
100
AcDbArc
 50
0.0
 51
76.29976651162839
  0
LINE
  5
3CFA
330
411
100
AcDbEntity
  8
0
100
AcDbLine
 10
1.49999999999994
 20
-126.1259291343377
 30
0.0
 11
1.499999999999956
 21
-199.1259291343377
 31
0.0
  0
LINE
  5
3CFB
330
411
100
AcDbEntity
  8
0
100
AcDbLine
 10
-1.500000000000055
 20
-126.1259291343377
 30
0.0
 11
-1.500000000000112
 21
-199.1259291343379
 31
0.0
  0
ARC
  5
3CFD
330
411
100
AcDbEntity
  8
0
100
AcDbCircle
 10
31.49999999999999
 20
-126.1259291343377
 30
0.0
 40
30.0
100
AcDbArc
 50
104.0227823527143
 51
180.0
  0
ARC
  5
3CFE
330
411
100
AcDbEntity
  8
0
100
AcDbCircle
 10
31.49999999999999
 20
-129.2159045938231
 30
0.0
 40
30.0
100
AcDbArc
 50
103.7002334883716
 51
180.0
  0
ARC
  5
3CFF
330
411
100
AcDbEntity
  8
0
100
AcDbCircle
 10
126.1259291343377
 20
-31.50000000000003
 30
0.0
 40
30.0
100
AcDbArc
 50
90.0
 51
165.9772176472857
  0
ARC
  5
3D00
330
411
100
AcDbEntity
  8
0
100
AcDbCircle
 10
129.2159045938231
 20
-31.50000000000003
 30
0.0
 40
30.0
100
AcDbArc
 50
90.0
 51
166.2997665116284
  0
LINE
  5
3D01
330
411
100
AcDbEntity
  8
0
100
AcDbLine
 10
126.1259291343377
 20
1.499999999999961
 30
0.0
 11
199.1259291343377
 21
1.499999999999842
 31
0.0
  0
LINE
  5
3D02
330
411
100
AcDbEntity
  8
0
100
AcDbLine
 10
126.1259291343377
 20
-1.500000000000034
 30
0.0
 11
199.1259291343379
 21
-1.500000000000088
 31
0.0
  0
ARC
  5
3D04
330
411
100
AcDbEntity
  8
0
100
AcDbCircle
 10
126.1259291343377
 20
31.5
 30
0.0
 40
30.0
100
AcDbArc
 50
194.0227823527143
 51
270.0
  0
ARC
  5
3D05
330
411
100
AcDbEntity
  8
0
100
AcDbCircle
 10
129.2159045938231
 20
31.5
 30
0.0
 40
30.0
100
AcDbArc
 50
193.7002334883716
 51
270.0
  0
ARC
  5
3D06
330
411
100
AcDbEntity
  8
0
100
AcDbCircle
 10
31.50000000000006
 20
126.1259291343377
 30
0.0
 40
30.0
100
AcDbArc
 50
180.0
 51
255.9772176472858
  0
ARC
  5
3D07
330
411
100
AcDbEntity
  8
0
100
AcDbCircle
 10
31.50000000000006
 20
129.2159045938231
 30
0.0
 40
30.0
100
AcDbArc
 50
180.0
 51
256.2997665116284
  0
ARC
  5
3D0B
330
411
100
AcDbEntity
  8
0
100
AcDbCircle
 10
-31.49999999999999
 20
126.1259291343377
 30
0.0
 40
30.0
100
AcDbArc
 50
284.0227823527143
 51
0.0
  0
ARC
  5
3D0C
330
411
100
AcDbEntity
  8
0
100
AcDbCircle
 10
-31.49999999999999
 20
129.2159045938231
 30
0.0
 40
30.0
100
AcDbArc
 50
283.7002334883717
 51
0.0
  0
ARC
  5
3D42
330
411
100
AcDbEntity
  8
0
100
AcDbCircle
 10
-199.1259291343377
 20
28.50000000000007
 30
0.0
 40
30.0
100
AcDbArc
 50
180.0
 51
270.0
  0
ARC
  5
3D43
330
411
100
AcDbEntity
  8
0
100
AcDbCircle
 10
-196.1259291343377
 20
31.50000000000007
 30
0.0
 40
30.0
100
AcDbArc
 50
180.0
 51
270.0
  0
LINE
  5
3D44
330
411
100
AcDbEntity
  8
0
100
AcDbLine
 10
-1.499999999999928
 20
126.1259291343377
 30
0.0
 11
-1.499999999999892
 21
199.1259291343377
 31
0.0
  0
ARC
  5
3D45
330
411
100
AcDbEntity
  8
0
100
AcDbCircle
 10
-31.49999999999999
 20
196.1259291343378
 30
0.0
 40
30.0
100
AcDbArc
 50
0.0
 51
90.0
  0
LINE
  5
3D46
330
411
100
AcDbEntity
  8
0
100
AcDbLine
 10
1.50000000000007
 20
126.1259291343377
 30
0.0
 11
1.500000000000027
 21
199.1259291343379
 31
0.0
  0
ARC
  5
3D47
330
411
100
AcDbEntity
  8
0
100
AcDbCircle
 10
-28.49999999999997
 20
199.1259291343378
 30
0.0
 40
30.0
100
AcDbArc
 50
0.0
 51
90.0
  0
LINE
  5
3D48
330
411
100
AcDbEntity
  8
0
100
AcDbLine
 10
-226.1259291343378
 20
31.50000000000007
 30
0.0
 11
-226.1259291343378
 21
196.1259291343378
 31
0.0
  0
ARC
  5
3D49
330
411
100
AcDbEntity
  8
0
100
AcDbCircle
 10
-196.1259291343377
 20
196.1259291343378
 30
0.0
 40
30.0
100
AcDbArc
 50
90.0
 51
180.0
  0
ARC
  5
3D4A
330
411
100
AcDbEntity
  8
0
100
AcDbCircle
 10
-196.1259291343377
 20
196.1259291343378
 30
0.0
 40
33.0
100
AcDbArc
 50
90.0
 51
180.0
  0
LINE
  5
3D4B
330
411
100
AcDbEntity
  8
0
100
AcDbLine
 10
-229.1259291343378
 20
28.50000000000007
 30
0.0
 11
-229.1259291343378
 21
196.1259291343378
 31
0.0
  0
LINE
  5
3D4C
330
411
100
AcDbEntity
  8
0
100
AcDbLine
 10
-31.49999999999997
 20
226.1259291343378
 30
0.0
 11
-196.1259291343377
 21
226.1259291343379
 31
0.0
  0
LINE
  5
3D4D
330
411
100
AcDbEntity
  8
0
100
AcDbLine
 10
-28.49999999999997
 20
229.1259291343379
 30
0.0
 11
-196.1259291343377
 21
229.1259291343379
 31
0.0
  0
ARC
  5
3D4E
330
411
100
AcDbEntity
  8
0
100
AcDbCircle
 10
-28.50000000000001
 20
-199.1259291343377
 30
0.0
 40
30.00000000000001
100
AcDbArc
 50
270.0
 51
0.0
  0
ARC
  5
3D4F
330
411
100
AcDbEntity
  8
0
100
AcDbCircle
 10
-31.50000000000002
 20
-196.1259291343377
 30
0.0
 40
30.00000000000001
100
AcDbArc
 50
270.0
 51
0.0
  0
LINE
  5
3D50
330
411
100
AcDbEntity
  8
0
100
AcDbLine
 10
-126.1259291343379
 20
-1.499999999999899
 30
0.0
 11
-196.1259291343379
 21
-1.5
 31
0.0
  0
ARC
  5
3D51
330
411
100
AcDbEntity
  8
0
100
AcDbCircle
 10
-196.1259291343379
 20
-31.50000000000002
 30
0.0
 40
30.00000000000001
100
AcDbArc
 50
90.0
 51
180.0
  0
LINE
  5
3D52
330
411
100
AcDbEntity
  8
0
100
AcDbLine
 10
-126.1259291343379
 20
1.500000000000099
 30
0.0
 11
-199.1259291343379
 21
1.500000000000014
 31
0.0
  0
ARC
  5
3D53
330
411
100
AcDbEntity
  8
0
100
AcDbCircle
 10
-199.1259291343379
 20
-28.5
 30
0.0
 40
30.00000000000001
100
AcDbArc
 50
90.0
 51
180.0
  0
LINE
  5
3D54
330
411
100
AcDbEntity
  8
0
100
AcDbLine
 10
-31.5
 20
-226.1259291343378
 30
0.0
 11
-196.1259291343378
 21
-226.1259291343378
 31
0.0
  0
ARC
  5
3D55
330
411
100
AcDbEntity
  8
0
100
AcDbCircle
 10
-196.1259291343378
 20
-196.1259291343378
 30
0.0
 40
30.00000000000001
100
AcDbArc
 50
180.0
 51
270.0
  0
ARC
  5
3D56
330
411
100
AcDbEntity
  8
0
100
AcDbCircle
 10
-196.1259291343378
 20
-196.1259291343378
 30
0.0
 40
33.00000000000001
100
AcDbArc
 50
180.0
 51
270.0
  0
LINE
  5
3D57
330
411
100
AcDbEntity
  8
0
100
AcDbLine
 10
-28.5
 20
-229.1259291343378
 30
0.0
 11
-196.1259291343378
 21
-229.1259291343378
 31
0.0
  0
LINE
  5
3D58
330
411
100
AcDbEntity
  8
0
100
AcDbLine
 10
-226.1259291343379
 20
-31.50000000000002
 30
0.0
 11
-226.1259291343378
 21
-196.1259291343378
 31
0.0
  0
LINE
  5
3D59
330
411
100
AcDbEntity
  8
0
100
AcDbLine
 10
-229.1259291343379
 20
-28.50000000000003
 30
0.0
 11
-229.1259291343378
 21
-196.1259291343378
 31
0.0
  0
ARC
  5
3D5A
330
411
100
AcDbEntity
  8
0
100
AcDbCircle
 10
199.1259291343377
 20
-28.50000000000013
 30
0.0
 40
30.00000000000001
100
AcDbArc
 50
0.0
 51
90.0
  0
ARC
  5
3D5B
330
411
100
AcDbEntity
  8
0
100
AcDbCircle
 10
196.1259291343377
 20
-31.50000000000013
 30
0.0
 40
30.00000000000001
100
AcDbArc
 50
0.0
 51
90.0
  0
LINE
  5
3D5C
330
411
100
AcDbEntity
  8
0
100
AcDbLine
 10
1.499999999999842
 20
-126.1259291343379
 30
0.0
 11
1.499999999999899
 21
-196.1259291343379
 31
0.0
  0
ARC
  5
3D5D
330
411
100
AcDbEntity
  8
0
100
AcDbCircle
 10
31.49999999999991
 20
-196.1259291343379
 30
0.0
 40
30.00000000000001
100
AcDbArc
 50
180.0
 51
270.0
  0
LINE
  5
3D5E
330
411
100
AcDbEntity
  8
0
100
AcDbLine
 10
-1.500000000000155
 20
-126.1259291343379
 30
0.0
 11
-1.500000000000112
 21
-199.1259291343379
 31
0.0
  0
ARC
  5
3D5F
330
411
100
AcDbEntity
  8
0
100
AcDbCircle
 10
28.4999999999999
 20
-199.1259291343379
 30
0.0
 40
30.00000000000001
100
AcDbArc
 50
180.0
 51
270.0
  0
LINE
  5
3D60
330
411
100
AcDbEntity
  8
0
100
AcDbLine
 10
226.1259291343378
 20
-31.50000000000011
 30
0.0
 11
226.1259291343378
 21
-196.1259291343379
 31
0.0
  0
ARC
  5
3D61
330
411
100
AcDbEntity
  8
0
100
AcDbCircle
 10
196.1259291343377
 20
-196.1259291343379
 30
0.0
 40
30.00000000000001
100
AcDbArc
 50
270.0
 51
0.0
  0
ARC
  5
3D62
330
411
100
AcDbEntity
  8
0
100
AcDbCircle
 10
196.1259291343377
 20
-196.1259291343379
 30
0.0
 40
33.00000000000001
100
AcDbArc
 50
270.0
 51
0.0
  0
LINE
  5
3D63
330
411
100
AcDbEntity
  8
0
100
AcDbLine
 10
229.1259291343378
 20
-28.50000000000012
 30
0.0
 11
229.1259291343378
 21
-196.1259291343379
 31
0.0
  0
LINE
  5
3D64
330
411
100
AcDbEntity
  8
0
100
AcDbLine
 10
31.4999999999999
 20
-226.1259291343379
 30
0.0
 11
196.1259291343377
 21
-226.1259291343379
 31
0.0
  0
LINE
  5
3D65
330
411
100
AcDbEntity
  8
0
100
AcDbLine
 10
28.4999999999999
 20
-229.1259291343379
 30
0.0
 11
196.1259291343377
 21
-229.1259291343379
 31
0.0
  0
ARC
  5
3D66
330
411
100
AcDbEntity
  8
0
100
AcDbCircle
 10
28.50000000000012
 20
199.1259291343377
 30
0.0
 40
30.00000000000001
100
AcDbArc
 50
90.0
 51
180.0
  0
ARC
  5
3D67
330
411
100
AcDbEntity
  8
0
100
AcDbCircle
 10
31.50000000000011
 20
196.1259291343377
 30
0.0
 40
30.00000000000001
100
AcDbArc
 50
90.0
 51
180.0
  0
LINE
  5
3D68
330
411
100
AcDbEntity
  8
0
100
AcDbLine
 10
126.1259291343379
 20
1.499999999999857
 30
0.0
 11
196.1259291343379
 21
1.499999999999928
 31
0.0
  0
ARC
  5
3D69
330
411
100
AcDbEntity
  8
0
100
AcDbCircle
 10
196.1259291343379
 20
31.49999999999995
 30
0.0
 40
30.00000000000001
100
AcDbArc
 50
270.0
 51
0.0
  0
LINE
  5
3D6A
330
411
100
AcDbEntity
  8
0
100
AcDbLine
 10
126.1259291343379
 20
-1.500000000000141
 30
0.0
 11
199.1259291343379
 21
-1.500000000000085
 31
0.0
  0
ARC
  5
3D6B
330
411
100
AcDbEntity
  8
0
100
AcDbCircle
 10
199.1259291343379
 20
28.49999999999993
 30
0.0
 40
30.00000000000001
100
AcDbArc
 50
270.0
 51
0.0
  0
LINE
  5
3D6C
330
411
100
AcDbEntity
  8
0
100
AcDbLine
 10
31.50000000000011
 20
226.1259291343378
 30
0.0
 11
196.1259291343378
 21
226.1259291343378
 31
0.0
  0
ARC
  5
3D6D
330
411
100
AcDbEntity
  8
0
100
AcDbCircle
 10
196.1259291343378
 20
196.1259291343377
 30
0.0
 40
30.00000000000001
100
AcDbArc
 50
0.0
 51
90.0
  0
ARC
  5
3D6E
330
411
100
AcDbEntity
  8
0
100
AcDbCircle
 10
196.1259291343378
 20
196.1259291343377
 30
0.0
 40
33.00000000000001
100
AcDbArc
 50
0.0
 51
90.0
  0
LINE
  5
3D6F
330
411
100
AcDbEntity
  8
0
100
AcDbLine
 10
28.50000000000012
 20
229.1259291343378
 30
0.0
 11
196.1259291343378
 21
229.1259291343378
 31
0.0
  0
LINE
  5
3D70
330
411
100
AcDbEntity
  8
0
100
AcDbLine
 10
226.1259291343379
 20
31.49999999999995
 30
0.0
 11
226.1259291343379
 21
196.1259291343377
 31
0.0
  0
LINE
  5
3D71
330
411
100
AcDbEntity
  8
0
100
AcDbLine
 10
229.1259291343379
 20
28.49999999999994
 30
0.0
 11
229.1259291343379
 21
196.1259291343377
 31
0.0
  0
LINE
  5
3D9F
330
411
100
AcDbEntity
  8
0
100
AcDbLine
 10
-226.1259291343377
 20
196.1259291343378
 30
0.0
 11
-226.1259291343377
 21
366.1259291343379
 31
0.0
  0
LINE
  5
3DA0
330
411
100
AcDbEntity
  8
0
100
AcDbLine
 10
-229.1259291343377
 20
196.1259291343378
 30
0.0
 11
-229.1259291343377
 21
366.1259291343379
 31
0.0
  0
ARC
  5
3DA3
330
411
100
AcDbEntity
  8
0
100
AcDbCircle
 10
-196.1259291343377
 20
366.1259291343379
 30
0.0
 40
30.0
100
AcDbArc
 50
90.0
 51
180.0
  0
ARC
  5
3DA4
330
411
100
AcDbEntity
  8
0
100
AcDbCircle
 10
-196.1259291343377
 20
366.1259291343379
 30
0.0
 40
33.0
100
AcDbArc
 50
90.0
 51
180.0
  0
LINE
  5
3DA5
330
411
100
AcDbEntity
  8
0
100
AcDbLine
 10
226.1259291343379
 20
196.1259291343377
 30
0.0
 11
226.1259291343379
 21
366.1259291343379
 31
0.0
  0
LINE
  5
3DA6
330
411
100
AcDbEntity
  8
0
100
AcDbLine
 10
229.1259291343379
 20
196.1259291343377
 30
0.0
 11
229.1259291343379
 21
366.1259291343379
 31
0.0
  0
ARC
  5
3DA7
330
411
100
AcDbEntity
  8
0
100
AcDbCircle
 10
196.1259291343379
 20
366.1259291343379
 30
0.0
 40
30.0
100
AcDbArc
 50
0.0
 51
90.0
  0
ARC
  5
3DA8
330
411
100
AcDbEntity
  8
0
100
AcDbCircle
 10
196.1259291343379
 20
366.1259291343379
 30
0.0
 40
33.0
100
AcDbArc
 50
0.0
 51
90.0
  0
LINE
  5
3DA9
330
411
100
AcDbEntity
  8
0
100
AcDbLine
 10
-196.1259291343378
 20
-226.1259291343378
 30
0.0
 11
-366.1259291343379
 21
-226.1259291343378
 31
0.0
  0
LINE
  5
3DAA
330
411
100
AcDbEntity
  8
0
100
AcDbLine
 10
-196.1259291343378
 20
-229.1259291343378
 30
0.0
 11
-366.1259291343379
 21
-229.1259291343378
 31
0.0
  0
ARC
  5
3DAD
330
411
100
AcDbEntity
  8
0
100
AcDbCircle
 10
-366.1259291343379
 20
-196.1259291343378
 30
0.0
 40
30.0
100
AcDbArc
 50
180.0
 51
270.0
  0
ARC
  5
3DAE
330
411
100
AcDbEntity
  8
0
100
AcDbCircle
 10
-366.1259291343379
 20
-196.1259291343378
 30
0.0
 40
33.0
100
AcDbArc
 50
180.0
 51
270.0
  0
LINE
  5
3DAF
330
411
100
AcDbEntity
  8
0
100
AcDbLine
 10
-196.1259291343377
 20
226.1259291343378
 30
0.0
 11
-366.1259291343379
 21
226.1259291343378
 31
0.0
  0
LINE
  5
3DB0
330
411
100
AcDbEntity
  8
0
100
AcDbLine
 10
-196.1259291343377
 20
229.1259291343378
 30
0.0
 11
-366.1259291343379
 21
229.1259291343378
 31
0.0
  0
ARC
  5
3DB1
330
411
100
AcDbEntity
  8
0
100
AcDbCircle
 10
-366.1259291343379
 20
196.1259291343378
 30
0.0
 40
30.0
100
AcDbArc
 50
90.0
 51
180.0
  0
ARC
  5
3DB2
330
411
100
AcDbEntity
  8
0
100
AcDbCircle
 10
-366.1259291343379
 20
196.1259291343378
 30
0.0
 40
33.0
100
AcDbArc
 50
90.0
 51
180.0
  0
LINE
  5
3DB3
330
411
100
AcDbEntity
  8
0
100
AcDbLine
 10
226.1259291343377
 20
-196.1259291343378
 30
0.0
 11
226.1259291343378
 21
-366.1259291343379
 31
0.0
  0
LINE
  5
3DB4
330
411
100
AcDbEntity
  8
0
100
AcDbLine
 10
229.1259291343377
 20
-196.1259291343378
 30
0.0
 11
229.1259291343378
 21
-366.1259291343379
 31
0.0
  0
ARC
  5
3DB7
330
411
100
AcDbEntity
  8
0
100
AcDbCircle
 10
196.1259291343378
 20
-366.1259291343379
 30
0.0
 40
30.0
100
AcDbArc
 50
270.0
 51
0.0
  0
ARC
  5
3DB8
330
411
100
AcDbEntity
  8
0
100
AcDbCircle
 10
196.1259291343378
 20
-366.1259291343379
 30
0.0
 40
33.0
100
AcDbArc
 50
270.0
 51
0.0
  0
LINE
  5
3DB9
330
411
100
AcDbEntity
  8
0
100
AcDbLine
 10
-226.1259291343379
 20
-196.1259291343377
 30
0.0
 11
-226.1259291343378
 21
-366.1259291343379
 31
0.0
  0
LINE
  5
3DBA
330
411
100
AcDbEntity
  8
0
100
AcDbLine
 10
-229.1259291343379
 20
-196.1259291343377
 30
0.0
 11
-229.1259291343378
 21
-366.1259291343379
 31
0.0
  0
ARC
  5
3DBB
330
411
100
AcDbEntity
  8
0
100
AcDbCircle
 10
-196.1259291343378
 20
-366.1259291343379
 30
0.0
 40
30.0
100
AcDbArc
 50
180.0
 51
270.0
  0
ARC
  5
3DBC
330
411
100
AcDbEntity
  8
0
100
AcDbCircle
 10
-196.1259291343378
 20
-366.1259291343379
 30
0.0
 40
33.0
100
AcDbArc
 50
180.0
 51
270.0
  0
LINE
  5
3DBD
330
411
100
AcDbEntity
  8
0
100
AcDbLine
 10
196.1259291343378
 20
226.1259291343378
 30
0.0
 11
366.1259291343379
 21
226.1259291343378
 31
0.0
  0
LINE
  5
3DBE
330
411
100
AcDbEntity
  8
0
100
AcDbLine
 10
196.1259291343378
 20
229.1259291343378
 30
0.0
 11
366.1259291343379
 21
229.1259291343378
 31
0.0
  0
ARC
  5
3DC1
330
411
100
AcDbEntity
  8
0
100
AcDbCircle
 10
366.1259291343379
 20
196.1259291343378
 30
0.0
 40
30.0
100
AcDbArc
 50
0.0000000000000254
 51
90.0
  0
ARC
  5
3DC2
330
411
100
AcDbEntity
  8
0
100
AcDbCircle
 10
366.1259291343379
 20
196.1259291343378
 30
0.0
 40
33.0
100
AcDbArc
 50
0.0000000000000254
 51
90.0
  0
LINE
  5
3DC3
330
411
100
AcDbEntity
  8
0
100
AcDbLine
 10
196.1259291343378
 20
-226.1259291343379
 30
0.0
 11
366.1259291343379
 21
-226.1259291343378
 31
0.0
  0
LINE
  5
3DC4
330
411
100
AcDbEntity
  8
0
100
AcDbLine
 10
196.1259291343378
 20
-229.1259291343379
 30
0.0
 11
366.1259291343379
 21
-229.1259291343378
 31
0.0
  0
ARC
  5
3DC5
330
411
100
AcDbEntity
  8
0
100
AcDbCircle
 10
366.1259291343379
 20
-196.1259291343378
 30
0.0
 40
30.0
100
AcDbArc
 50
270.0
 51
0.0000000000000254
  0
ARC
  5
3DC6
330
411
100
AcDbEntity
  8
0
100
AcDbCircle
 10
366.1259291343379
 20
-196.1259291343378
 30
0.0
 40
33.0
100
AcDbArc
 50
270.0
 51
0.0000000000000254
  0
LINE
  5
3EDF
330
411
100
AcDbEntity
  8
0
100
AcDbLine
 10
-396.1259291343379
 20
31.50000000000007
 30
0.0
 11
-396.1259291343379
 21
196.1259291343378
 31
0.0
  0
LINE
  5
3EE0
330
411
100
AcDbEntity
  8
0
100
AcDbLine
 10
-399.1259291343378
 20
-196.1259291343378
 30
0.0
 11
-399.1259291343378
 21
-31.50000000000025
 31
0.0
  0
LINE
  5
3EE1
330
411
100
AcDbEntity
  8
0
100
AcDbLine
 10
-196.1259291343378
 20
1.500000000000059
 30
0.0
 11
-366.1259291343379
 21
1.50000000000007
 31
0.0
  0
ARC
  5
3EE2
330
411
100
AcDbEntity
  8
0
100
AcDbCircle
 10
-366.1259291343379
 20
31.50000000000006
 30
0.0
 40
30.0
100
AcDbArc
 50
180.0
 51
270.0
  0
ARC
  5
3EE3
330
411
100
AcDbEntity
  8
0
100
AcDbCircle
 10
-366.1259291343379
 20
31.50000000000006
 30
0.0
 40
33.0
100
AcDbArc
 50
180.0
 51
270.0
  0
LINE
  5
3EE4
330
411
100
AcDbEntity
  8
0
100
AcDbLine
 10
-196.1259291343379
 20
-1.49999999999999
 30
0.0
 11
-366.1259291343378
 21
-1.50000000000023
 31
0.0
  0
LINE
  5
3EE5
330
411
100
AcDbEntity
  8
0
100
AcDbLine
 10
-396.1259291343379
 20
31.50000000000007
 30
0.0
 11
-396.1259291343379
 21
-196.1259291343378
 31
0.0
  0
LINE
  5
3EE6
330
411
100
AcDbEntity
  8
0
100
AcDbLine
 10
-399.1259291343378
 20
196.1259291343378
 30
0.0
 11
-399.1259291343378
 21
-31.50000000000023
 31
0.0
  0
LINE
  5
3EE7
330
411
100
AcDbEntity
  8
0
100
AcDbLine
 10
-31.50000000000006
 20
-396.1259291343379
 30
0.0
 11
-196.1259291343378
 21
-396.1259291343379
 31
0.0
  0
LINE
  5
3EE8
330
411
100
AcDbEntity
  8
0
100
AcDbLine
 10
196.1259291343378
 20
-399.1259291343378
 30
0.0
 11
31.50000000000027
 21
-399.1259291343378
 31
0.0
  0
LINE
  5
3EE9
330
411
100
AcDbEntity
  8
0
100
AcDbLine
 10
-1.50000000000011
 20
-196.1259291343378
 30
0.0
 11
-1.500000000000066
 21
-366.1259291343379
 31
0.0
  0
ARC
  5
3EEA
330
411
100
AcDbEntity
  8
0
100
AcDbCircle
 10
-31.50000000000006
 20
-366.1259291343379
 30
0.0
 40
30.0
100
AcDbArc
 50
270.0
 51
0.0
  0
ARC
  5
3EEB
330
411
100
AcDbEntity
  8
0
100
AcDbCircle
 10
-31.50000000000006
 20
-366.1259291343379
 30
0.0
 40
33.0
100
AcDbArc
 50
270.0
 51
0.0
  0
LINE
  5
3EEC
330
411
100
AcDbEntity
  8
0
100
AcDbLine
 10
1.499999999999939
 20
-196.1259291343379
 30
0.0
 11
1.500000000000233
 21
-366.1259291343378
 31
0.0
  0
LINE
  5
3EED
330
411
100
AcDbEntity
  8
0
100
AcDbLine
 10
-31.50000000000006
 20
-396.1259291343379
 30
0.0
 11
196.1259291343378
 21
-396.1259291343379
 31
0.0
  0
LINE
  5
3EEE
330
411
100
AcDbEntity
  8
0
100
AcDbLine
 10
-196.1259291343378
 20
-399.1259291343378
 30
0.0
 11
31.50000000000025
 21
-399.1259291343378
 31
0.0
  0
LINE
  5
3EEF
330
411
100
AcDbEntity
  8
0
100
AcDbLine
 10
396.1259291343379
 20
-31.49999999999999
 30
0.0
 11
396.1259291343379
 21
-196.1259291343377
 31
0.0
  0
LINE
  5
3EF0
330
411
100
AcDbEntity
  8
0
100
AcDbLine
 10
399.1259291343378
 20
196.1259291343378
 30
0.0
 11
399.1259291343378
 21
31.50000000000034
 31
0.0
  0
LINE
  5
3EF1
330
411
100
AcDbEntity
  8
0
100
AcDbLine
 10
196.1259291343378
 20
-1.500000000000078
 30
0.0
 11
366.1259291343379
 21
-1.499999999999996
 31
0.0
  0
ARC
  5
3EF2
330
411
100
AcDbEntity
  8
0
100
AcDbCircle
 10
366.1259291343379
 20
-31.49999999999999
 30
0.0
 40
30.0
100
AcDbArc
 50
0.0000000000000241
 51
90.0
  0
ARC
  5
3EF3
330
411
100
AcDbEntity
  8
0
100
AcDbCircle
 10
366.1259291343379
 20
-31.49999999999999
 30
0.0
 40
33.0
100
AcDbArc
 50
0.0000000000000241
 51
90.0
  0
LINE
  5
3EF4
330
411
100
AcDbEntity
  8
0
100
AcDbLine
 10
196.1259291343379
 20
1.499999999999971
 30
0.0
 11
366.1259291343378
 21
1.500000000000303
 31
0.0
  0
LINE
  5
3EF5
330
411
100
AcDbEntity
  8
0
100
AcDbLine
 10
396.1259291343379
 20
-31.49999999999999
 30
0.0
 11
396.1259291343378
 21
196.1259291343378
 31
0.0
  0
LINE
  5
3EF6
330
411
100
AcDbEntity
  8
0
100
AcDbLine
 10
399.1259291343379
 20
-196.1259291343377
 30
0.0
 11
399.1259291343378
 21
31.50000000000032
 31
0.0
  0
LINE
  5
3EF7
330
411
100
AcDbEntity
  8
0
100
AcDbLine
 10
31.49999999999999
 20
396.1259291343379
 30
0.0
 11
196.1259291343377
 21
396.1259291343379
 31
0.0
  0
LINE
  5
3EF8
330
411
100
AcDbEntity
  8
0
100
AcDbLine
 10
-196.1259291343378
 20
399.1259291343378
 30
0.0
 11
-31.50000000000034
 21
399.1259291343378
 31
0.0
  0
LINE
  5
3EF9
330
411
100
AcDbEntity
  8
0
100
AcDbLine
 10
1.500000000000118
 20
196.1259291343378
 30
0.0
 11
1.499999999999999
 21
366.1259291343379
 31
0.0
  0
ARC
  5
3EFA
330
411
100
AcDbEntity
  8
0
100
AcDbCircle
 10
31.49999999999999
 20
366.1259291343379
 30
0.0
 40
30.0
100
AcDbArc
 50
90.00000000000005
 51
180.0
  0
ARC
  5
3EFB
330
411
100
AcDbEntity
  8
0
100
AcDbCircle
 10
31.49999999999999
 20
366.1259291343379
 30
0.0
 40
33.0
100
AcDbArc
 50
90.00000000000005
 51
180.0
  0
LINE
  5
3EFC
330
411
100
AcDbEntity
  8
0
100
AcDbLine
 10
-1.49999999999993
 20
196.1259291343379
 30
0.0
 11
-1.5000000000003
 21
366.1259291343378
 31
0.0
  0
LINE
  5
3EFD
330
411
100
AcDbEntity
  8
0
100
AcDbLine
 10
31.49999999999999
 20
396.1259291343379
 30
0.0
 11
-196.1259291343378
 21
396.1259291343379
 31
0.0
  0
LINE
  5
3EFE
330
411
100
AcDbEntity
  8
0
100
AcDbLine
 10
196.1259291343377
 20
399.1259291343379
 30
0.0
 11
-31.50000000000033
 21
399.1259291343378
 31
0.0
  0
ARC
  5
3F96
330
411
100
AcDbEntity
  8
0
100
AcDbCircle
 10
0.0
 20
-0.0000000000000233
 30
0.0
 40
103.0
100
AcDbArc
 50
166.2997665116284
 51
193.7002334883715
  0
ARC
  5
3F97
330
411
100
AcDbEntity
  8
0
100
AcDbCircle
 10
0.0
 20
0.0000000000000087
 30
0.0
 40
100.0
100
AcDbArc
 50
165.9772176472858
 51
194.0227823527141
  0
ARC
  5
3F98
330
411
100
AcDbEntity
  8
0
100
AcDbCircle
 10
-0.0000000000000129
 20
0.0
 30
0.0
 40
103.0
100
AcDbArc
 50
256.2997665116284
 51
283.7002334883715
  0
ARC
  5
3F99
330
411
100
AcDbEntity
  8
0
100
AcDbCircle
 10
-0.0000000000000449
 20
0.0
 30
0.0
 40
100.0
100
AcDbArc
 50
255.9772176472858
 51
284.0227823527141
  0
ARC
  5
3F9A
330
411
100
AcDbEntity
  8
0
100
AcDbCircle
 10
0.0
 20
-0.0000000000000145
 30
0.0
 40
103.0
100
AcDbArc
 50
346.2997665116284
 51
13.70023348837154
  0
ARC
  5
3F9B
330
411
100
AcDbEntity
  8
0
100
AcDbCircle
 10
0.0
 20
-0.0000000000000465
 30
0.0
 40
100.0
100
AcDbArc
 50
345.9772176472858
 51
14.02278235271412
  0
ARC
  5
3F9C
330
411
100
AcDbEntity
  8
0
100
AcDbCircle
 10
0.0000000000000018
 20
0.0
 30
0.0
 40
103.0
100
AcDbArc
 50
76.29976651162846
 51
103.7002334883716
  0
ARC
  5
3F9D
330
411
100
AcDbEntity
  8
0
100
AcDbCircle
 10
0.0000000000000338
 20
0.0
 30
0.0
 40
100.0
100
AcDbArc
 50
75.97721764728586
 51
104.0227823527141
  0
ENDSEC
  0
SECTION
  2
OBJECTS
  0
DICTIONARY
  5
3AE
330
0
100
AcDbDictionary
281
     1
  3
ACAD_CIP_PREVIOUS_PRODUCT_INFO
350
422
  3
ACAD_COLOR
350
404
  3
ACAD_DETAILVIEWSTYLE
350
40B
  3
ACAD_GROUP
350
3AF
  3
ACAD_LAST_SAVED_VERSION_INFO
350
434
  3
ACAD_LAYOUT
350
403
  3
ACAD_MATERIAL
350
3B2
  3
ACAD_MLEADERSTYLE
350
407
  3
ACAD_MLINESTYLE
350
400
  3
ACAD_PLOTSETTINGS
350
402
  3
ACAD_PLOTSTYLENAME
350
3B0
  3
ACAD_SCALELIST
350
3E4
  3
ACAD_SECTIONVIEWSTYLE
350
409
  3
ACAD_TABLESTYLE
350
405
  3
ACAD_VISUALSTYLE
350
3CB
  3
ACDB_RECOMPOSE_DATA
350
4080
  3
AcDbVariableDictionary
350
437
  3
DWGPROPS
350
4081
  0
DICTIONARY
  5
435
330
3F6
100
AcDbDictionary
280
     1
281
     1
  3
ADSK_XREC_LAYER_RECONCILED
360
436
  0
DICTIONARY
  5
42B
330
411
100
AcDbDictionary
280
     1
281
     1
  3
ACAD_SORTENTS
360
42C
  0
DICTIONARY
  5
3603
330
3498
100
AcDbDictionary
280
     1
281
     1
  3
ACAD_SORTENTS
360
3604
  0
DICTIONARY
  5
3E80
330
3CB5
100
AcDbDictionary
280
     1
281
     1
  3
AcDbBlockTableRecordData
360
40BD
  0
DICTIONARY
  5
3E83
330
3CDD
100
AcDbDictionary
280
     1
281
     1
  3
AcDbBlockTableRecordData
360
40BF
  0
DICTIONARY
  5
3E86
330
3D24
100
AcDbDictionary
280
     1
281
     1
  3
AcDbBlockTableRecordData
360
40C1
  0
DICTIONARY
  5
3E89
330
3D83
100
AcDbDictionary
280
     1
281
     1
  3
AcDbBlockTableRecordData
360
40C3
  0
DICTIONARY
  5
3E8C
330
3DD6
100
AcDbDictionary
280
     1
281
     1
  3
AcDbBlockTableRecordData
360
40C5
  0
DICTIONARY
  5
40C7
330
3EC5
100
AcDbDictionary
280
     1
281
     1
  3
AcDbBlockTableRecordData
360
40C8
  0
DICTIONARY
  5
3E7C
330
3C96
100
AcDbDictionary
280
     1
281
     1
  3
ACAD_MTEXT_RT
360
40BB
  0
DICTIONARY
  5
3E7E
330
3CA0
100
AcDbDictionary
280
     1
281
     1
  3
ACAD_MTEXT_RT
360
40BC
  0
XRECORD
  5
422
102
{ACAD_REACTORS
330
3AE
102
}
330
3AE
100
AcDbXrecord
280
     1
300
ACD
300
2024
300

  0
DICTIONARY
  5
404
102
{ACAD_REACTORS
330
3AE
102
}
330
3AE
100
AcDbDictionary
281
     1
  0
DICTIONARY
  5
40B
102
{ACAD_REACTORS
330
3AE
102
}
330
3AE
100
AcDbDictionary
281
     1
  3
Imperial24
350
40C
  0
DICTIONARY
  5
3AF
102
{ACAD_REACTORS
330
3AE
102
}
330
3AE
100
AcDbDictionary
281
     1
  0
XRECORD
  5
434
102
{ACAD_REACTORS
330
3AE
102
}
330
3AE
100
AcDbXrecord
280
     1
300
{8DEA27AF-3DE3-AB4B-B7C6-23135B167E57}
301
{CC0CBF6E-5F6F-1041-BB46-53F4D2ABFA7E}
302
{8DEA27AF-3DE3-AB4B-B7C6-23135B167E57}
303
C:\Users\11750\Documents\Selfrace重构版\maps\town2.dxf
  0
DICTIONARY
  5
403
102
{ACAD_REACTORS
330
3AE
102
}
330
3AE
100
AcDbDictionary
281
     1
  3
Model
350
414
  3
布局1
350
410
  0
DICTIONARY
  5
3B2
102
{ACAD_REACTORS
330
3AE
102
}
330
3AE
100
AcDbDictionary
281
     1
  3
ByBlock
350
3BB
  3
ByLayer
350
3B3
  3
Global
350
3C3
  0
DICTIONARY
  5
407
102
{ACAD_REACTORS
330
3AE
102
}
330
3AE
100
AcDbDictionary
281
     1
  3
Standard
350
408
  0
DICTIONARY
  5
400
102
{ACAD_REACTORS
330
3AE
102
}
330
3AE
100
AcDbDictionary
281
     1
  3
Standard
350
401
  0
DICTIONARY
  5
402
102
{ACAD_REACTORS
330
3AE
102
}
330
3AE
100
AcDbDictionary
281
     1
  0
ACDBDICTIONARYWDFLT
  5
3B0
102
{ACAD_REACTORS
330
3AE
102
}
330
3AE
100
AcDbDictionary
281
     1
  3
Normal
350
3B1
100
AcDbDictionaryWithDefault
340
3B1
  0
DICTIONARY
  5
3E4
102
{ACAD_REACTORS
330
3AE
102
}
330
3AE
100
AcDbDictionary
281
     1
  3
A0
350
3E5
  3
A1
350
3E6
  3
A2
350
3E7
  3
A3
350
3E8
  3
A4
350
3E9
  3
A5
350
3EA
  3
A6
350
3EB
  3
A7
350
3EC
  3
A8
350
3ED
  3
A9
350
3EE
  3
B0
350
3EF
  3
B1
350
3F0
  3
B2
350
3F1
  3
B3
350
3F2
  3
B4
350
3F3
  3
B5
350
3F4
  3
B6
350
3F5
  0
DICTIONARY
  5
409
102
{ACAD_REACTORS
330
3AE
102
}
330
3AE
100
AcDbDictionary
281
     1
  3
Imperial24
350
40A
  0
DICTIONARY
  5
405
102
{ACAD_REACTORS
330
3AE
102
}
330
3AE
100
AcDbDictionary
281
     1
  3
Standard
350
406
  0
DICTIONARY
  5
3CB
102
{ACAD_REACTORS
330
3AE
102
}
330
3AE
100
AcDbDictionary
281
     1
  3
2dWireframe
350
3D1
  3
Basic
350
3D0
  3
Brighten
350
3D7
  3
ColorChange
350
3DB
  3
Conceptual
350
3D4
  3
Dim
350
3D6
  3
EdgeColorOff
350
3E3
  3
Facepattern
350
3DA
  3
Flat
350
3CC
  3
FlatWithEdges
350
3CD
  3
Gouraud
350
3CE
  3
GouraudWithEdges
350
3CF
  3
Hidden
350
3D3
  3
JitterOff
350
3E1
  3
Linepattern
350
3D9
  3
OverhangOff
350
3E2
  3
Realistic
350
3D5
  3
Shaded
350
3E0
  3
Shaded with edges
350
3DF
  3
Shades of Gray
350
3DC
  3
Sketchy
350
3DD
  3
Thicken
350
3D8
  3
Wireframe
350
3D2
  3
X-Ray
350
3DE
  0
XRECORD
  5
4080
102
{ACAD_REACTORS
330
3AE
102
}
330
3AE
100
AcDbXrecord
280
     1
 90
        1
330
406
  0
DICTIONARY
  5
437
102
{ACAD_REACTORS
330
3AE
102
}
330
3AE
100
AcDbDictionary
281
     1
  3
CANNOSCALE
350
43C
  3
CMLEADERSTYLE
350
439
  3
CTABLESTYLE
350
438
  3
CVIEWDETAILSTYLE
350
43A
  3
CVIEWSECTIONSTYLE
350
43B
  3
DIMASSOC
350
43F
  3
INDEXCTL
350
43E
  3
LAYEREVAL
350
27F4
  3
LAYERNOTIFY
350
27F5
  3
LIGHTINGUNITS
350
27F3
  3
MSLTSCALE
350
27F2
  3
SORTENTS
350
43D
  3
XCLIPFRAME
350
3EFF
  0
XRECORD
  5
4081
102
{ACAD_REACTORS
330
3AE
102
}
330
3AE
100
AcDbXrecord
280
     1
  1
DWGPROPS COOKIE
  2

  3

  4

  6

  7

  8
11750
  9

300
=
301
=
302
=
303
=
304
=
305
=
306
=
307
=
308
=
309
=
 40
2.233310185185185
 41
2460961.768958334
 42
2460977.823113426
  1

 90
        0
  0
XRECORD
  5
436
102
{ACAD_REACTORS
330
435
102
}
330
435
100
AcDbXrecord
280
     1
290
     1
  0
SORTENTSTABLE
  5
42C
102
{ACAD_REACTORS
330
42B
102
}
330
42B
100
AcDbSortentsTable
330
411
331
3C8F
  5
3CAF
331
3CAB
  5
3CD3
331
3CAC
  5
3CD5
331
3CD3
  5
3CAC
331
3CD5
  5
3CB8
331
3CD6
  5
3CAB
331
3CD7
  5
3CB0
331
3CD8
  5
3CA5
331
3CF1
  5
3CE0
331
3CF2
  5
3CF1
331
3CF3
  5
3CF2
331
3CF4
  5
3CF6
331
3CF6
  5
3CF8
331
3CF7
  5
3CF9
331
3CF8
  5
3CFA
331
3CF9
  5
3CFC
331
3CFA
  5
3CFD
331
3CFB
  5
3CFE
331
3CFD
  5
3CFF
331
3CFE
  5
3D00
331
3CFF
  5
3D01
331
3D00
  5
3D03
331
3D01
  5
3D04
331
3D02
  5
3D05
331
3D04
  5
3D06
331
3D05
  5
3D07
331
3D06
  5
3D08
331
3D07
  5
3D0A
331
3D0B
  5
3D16
331
3D0C
  5
3D18
331
3D42
  5
3D4A
331
3D43
  5
3D4B
331
3D44
  5
3D4C
331
3D45
  5
3D4D
331
3D46
  5
3D4E
331
3D47
  5
3D4F
331
3D48
  5
3D50
331
3D49
  5
3D51
331
3D4A
  5
3D52
331
3D4B
  5
3D53
331
3D4C
  5
3D54
331
3D4D
  5
3D55
331
3D4E
  5
3D56
331
3D4F
  5
3D57
331
3D50
  5
3D58
331
3D51
  5
3D59
331
3D52
  5
3D5A
331
3D53
  5
3D5B
331
3D54
  5
3D5C
331
3D55
  5
3D5D
331
3D56
  5
3D5E
331
3D57
  5
3D5F
331
3D58
  5
3D60
331
3D59
  5
3D61
331
3D5A
  5
3D62
331
3D5B
  5
3D63
331
3D5C
  5
3D64
331
3D5D
  5
3D65
331
3D5E
  5
3D66
331
3D5F
  5
3D67
331
3D60
  5
3D68
331
3D61
  5
3D69
331
3D62
  5
3D6A
331
3D63
  5
3D6B
331
3D64
  5
3D6C
331
3D65
  5
3D6D
331
3D66
  5
3D6E
331
3D67
  5
3D6F
331
3D68
  5
3D70
331
3D69
  5
3D71
331
3D6A
  5
3D9F
331
3D6B
  5
3DA0
331
3D6C
  5
3DA3
331
3D6D
  5
3DA4
331
3D6E
  5
3DA5
331
3D6F
  5
3DA6
331
3D70
  5
3DA7
331
3D71
  5
3DA8
331
3D9F
  5
3DA9
331
3DA0
  5
3DAA
331
3DA3
  5
3DAD
331
3DA4
  5
3DAE
331
3DA5
  5
3DAF
331
3DA6
  5
3DB0
331
3DA7
  5
3DB1
331
3DA8
  5
3DB2
331
3DA9
  5
3DB3
331
3DAA
  5
3DB4
331
3DAD
  5
3DB7
331
3DAE
  5
3DB8
331
3DAF
  5
3DB9
331
3DB0
  5
3DBA
331
3DB1
  5
3DBB
331
3DB2
  5
3DBC
331
3DB3
  5
3DBD
331
3DB4
  5
3DBE
331
3DB7
  5
3DC1
331
3DB8
  5
3DC2
331
3DB9
  5
3DC3
331
3DBA
  5
3DC4
331
3DBB
  5
3DC5
331
3DBC
  5
3DC6
331
3DBD
  5
3EDF
331
3DBE
  5
3EE0
331
3DC1
  5
3EE1
331
3DC2
  5
3EE2
331
3DC3
  5
3EE3
331
3DC4
  5
3EE4
331
3DC5
  5
3EE5
331
3DC6
  5
3EE6
331
3EDF
  5
3EE7
331
3EE0
  5
3EE8
331
3EE1
  5
3EE9
331
3EE2
  5
3EEA
331
3EE3
  5
3EEB
331
3EE4
  5
3EEC
331
3EE5
  5
3EED
331
3EE6
  5
3EEE
331
3EE7
  5
3EEF
331
3EE8
  5
3EF0
331
3EE9
  5
3EF1
331
3EEA
  5
3EF2
331
3EEB
  5
3EF3
331
3EEC
  5
3EF4
331
3EED
  5
3EF5
331
3EEE
  5
3EF6
331
3EEF
  5
3EF7
331
3EF0
  5
3EF8
331
3EF1
  5
3EF9
331
3EF2
  5
3EFA
331
3EF3
  5
3EFB
331
3EF4
  5
3EFC
331
3EF5
  5
3EFD
331
3EF6
  5
3EFE
331
3EF7
  5
3F96
331
3EF8
  5
3F97
331
3EF9
  5
3F98
331
3EFA
  5
3F99
331
3EFB
  5
3F9A
331
3EFC
  5
3F9B
331
3EFD
  5
3F9C
331
3EFE
  5
3F9D
331
3F96
  5
3D42
331
3F97
  5
3D43
331
3F98
  5
3D44
331
3F99
  5
3D45
331
3F9A
  5
3D46
331
3F9B
  5
3D47
331
3F9C
  5
3D48
331
3F9D
  5
3D49
  0
SORTENTSTABLE
  5
3604
102
{ACAD_REACTORS
330
3603
102
}
330
3603
100
AcDbSortentsTable
330
3498
  0
DICTIONARY
  5
40BD
102
{ACAD_REACTORS
330
3E80
102
}
330
3E80
100
AcDbDictionary
280
     1
281
     1
  3
Edit
360
40BE
  0
DICTIONARY
  5
40BF
102
{ACAD_REACTORS
330
3E83
102
}
330
3E83
100
AcDbDictionary
280
     1
281
     1
  3
Edit
360
40C0
  0
DICTIONARY
  5
40C1
102
{ACAD_REACTORS
330
3E86
102
}
330
3E86
100
AcDbDictionary
280
     1
281
     1
  3
Edit
360
40C2
  0
DICTIONARY
  5
40C3
102
{ACAD_REACTORS
330
3E89
102
}
330
3E89
100
AcDbDictionary
280
     1
281
     1
  3
Edit
360
40C4
  0
DICTIONARY
  5
40C5
102
{ACAD_REACTORS
330
3E8C
102
}
330
3E8C
100
AcDbDictionary
280
     1
281
     1
  3
Edit
360
40C6
  0
DICTIONARY
  5
40C8
102
{ACAD_REACTORS
330
40C7
102
}
330
40C7
100
AcDbDictionary
280
     1
281
     1
  3
Edit
360
40C9
  0
XRECORD
  5
40BB
102
{ACAD_REACTORS
330
3E7C
102
}
330
3E7C
100
AcDbXrecord
280
     1
 40
9735.0
  1
\A1;\U+2205200.0000
  0
XRECORD
  5
40BC
102
{ACAD_REACTORS
330
3E7E
102
}
330
3E7E
100
AcDbXrecord
280
     1
 40
9819.0
  1
\A1;\U+2205206.0000
  0
ACDBDETAILVIEWSTYLE
  5
40C
102
{ACAD_XDICTIONARY
360
40B5
102
}
102
{ACAD_REACTORS
330
40B
102
}
330
40B
100
AcDbModelDocViewStyle
 70
     0
  3
Imperial24
290
     0
100
AcDbDetailViewStyle
 70
     0
 71
     0
 90
        3
 71
     1
340
3F7
 40
0.24
340
0
 40
0.24
300

 40
0.36
280
     3
 71
     2
340
3FE
 90
       25
 71
     3
340
3F7
 40
0.24
 90
        1
 40
0.75
 90
        1
300
%<\AcVar ViewType \f "%tc1">% %<\AcVar ViewDetailId>%\PSCALE %<\AcVar ViewScale \f "%sn">%
 71
     4
340
3FE
 90
       25
340
3FE
 90
       25
280
     0
  0
LAYOUT
  5
414
102
{ACAD_XDICTIONARY
360
40B9
102
}
102
{ACAD_REACTORS
330
403
102
}
330
403
100
AcDbPlotSettings
  1

  2
Adobe PDF
  4

  6

 40
0.0
 41
0.0
 42
0.0
 43
0.0
 44
0.0
 45
0.0
 46
0.0
 47
0.0
 48
0.0
 49
0.0
140
0.0
141
0.0
142
1.0
143
1.0
 70
  1712
 72
     0
 73
     0
 74
     0
  7

 75
     0
147
1.0
148
0.0
149
0.0
100
AcDbLayout
  1
Model
 70
     1
 71
     0
 10
0.0
 20
0.0
 11
12.0
 21
9.0
 12
0.0
 22
0.0
 32
0.0
 14
0.0
 24
0.0
 34
0.0
 15
0.0
 25
0.0
 35
0.0
146
0.0
 13
0.0
 23
0.0
 33
0.0
 16
1.0
 26
0.0
 36
0.0
 17
0.0
 27
1.0
 37
0.0
 76
     0
330
411
331
415
  0
LAYOUT
  5
410
102
{ACAD_XDICTIONARY
360
40B7
102
}
102
{ACAD_REACTORS
330
403
102
}
330
403
100
AcDbPlotSettings
  1

  2
Adobe PDF
  4

  6

 40
0.0
 41
0.0
 42
0.0
 43
0.0
 44
0.0
 45
0.0
 46
0.0
 47
0.0
 48
0.0
 49
0.0
140
0.0
141
0.0
142
1.0
143
1.0
 70
   688
 72
     0
 73
     0
 74
     5
  7

 75
    16
147
1.0
148
0.0
149
0.0
100
AcDbLayout
  1
布局1
 70
     1
 71
     1
 10
0.0
 20
0.0
 11
12.0
 21
9.0
 12
0.0
 22
0.0
 32
0.0
 14
0.0
 24
0.0
 34
0.0
 15
0.0
 25
0.0
 35
0.0
146
0.0
 13
0.0
 23
0.0
 33
0.0
 16
1.0
 26
0.0
 36
0.0
 17
0.0
 27
1.0
 37
0.0
 76
     0
330
40D
  0
MATERIAL
  5
3BB
102
{ACAD_XDICTIONARY
360
3BC
102
}
102
{ACAD_REACTORS
330
3B2
102
}
330
3B2
100
AcDbMaterial
  1
ByBlock
 72
     0
 43
0.0208333333333333
 43
0.0
 43
0.0
 43
0.0
 43
0.0
 43
0.0208333333333333
 43
0.0
 43
0.0
 43
0.0
 43
0.0
 43
1.0
 43
0.0
 43
0.0
 43
0.0
 43
0.0
 43
1.0
 77
     0
 47
0.0208333333333333
 47
0.0
 47
0.0
 47
0.0
 47
0.0
 47
0.0208333333333333
 47
0.0
 47
0.0
 47
0.0
 47
0.0
 47
1.0
 47
0.0
 47
0.0
 47
0.0
 47
0.0
 47
1.0
171
     0
 49
0.0208333333333333
 49
0.0
 49
0.0
 49
0.0
 49
0.0
 49
0.0208333333333333
 49
0.0
 49
0.0
 49
0.0
 49
0.0
 49
1.0
 49
0.0
 49
0.0
 49
0.0
 49
0.0
 49
1.0
175
     0
142
0.0208333333333333
142
0.0
142
0.0
142
0.0
142
0.0
142
0.0208333333333333
142
0.0
142
0.0
142
0.0
142
0.0
142
1.0
142
0.0
142
0.0
142
0.0
142
0.0
142
1.0
179
     0
144
0.0208333333333333
144
0.0
144
0.0
144
0.0
144
0.0
144
0.0208333333333333
144
0.0
144
0.0
144
0.0
144
0.0
144
1.0
144
0.0
144
0.0
144
0.0
144
0.0
144
1.0
147
0.0208333333333333
147
0.0
147
0.0
147
0.0
147
0.0
147
0.0208333333333333
147
0.0
147
0.0
147
0.0
147
0.0
147
1.0
147
0.0
147
0.0
147
0.0
147
0.0
147
1.0
  0
MATERIAL
  5
3B3
102
{ACAD_XDICTIONARY
360
3B4
102
}
102
{ACAD_REACTORS
330
3B2
102
}
330
3B2
100
AcDbMaterial
  1
ByLayer
 72
     0
 43
0.0208333333333333
 43
0.0
 43
0.0
 43
0.0
 43
0.0
 43
0.0208333333333333
 43
0.0
 43
0.0
 43
0.0
 43
0.0
 43
1.0
 43
0.0
 43
0.0
 43
0.0
 43
0.0
 43
1.0
 77
     0
 47
0.0208333333333333
 47
0.0
 47
0.0
 47
0.0
 47
0.0
 47
0.0208333333333333
 47
0.0
 47
0.0
 47
0.0
 47
0.0
 47
1.0
 47
0.0
 47
0.0
 47
0.0
 47
0.0
 47
1.0
171
     0
 49
0.0208333333333333
 49
0.0
 49
0.0
 49
0.0
 49
0.0
 49
0.0208333333333333
 49
0.0
 49
0.0
 49
0.0
 49
0.0
 49
1.0
 49
0.0
 49
0.0
 49
0.0
 49
0.0
 49
1.0
175
     0
142
0.0208333333333333
142
0.0
142
0.0
142
0.0
142
0.0
142
0.0208333333333333
142
0.0
142
0.0
142
0.0
142
0.0
142
1.0
142
0.0
142
0.0
142
0.0
142
0.0
142
1.0
179
     0
144
0.0208333333333333
144
0.0
144
0.0
144
0.0
144
0.0
144
0.0208333333333333
144
0.0
144
0.0
144
0.0
144
0.0
144
1.0
144
0.0
144
0.0
144
0.0
144
0.0
144
1.0
147
0.0208333333333333
147
0.0
147
0.0
147
0.0
147
0.0
147
0.0208333333333333
147
0.0
147
0.0
147
0.0
147
0.0
147
1.0
147
0.0
147
0.0
147
0.0
147
0.0
147
1.0
  0
MATERIAL
  5
3C3
102
{ACAD_XDICTIONARY
360
3C4
102
}
102
{ACAD_REACTORS
330
3B2
102
}
330
3B2
100
AcDbMaterial
  1
Global
 72
     0
 43
0.0208333333333333
 43
0.0
 43
0.0
 43
0.0
 43
0.0
 43
0.0208333333333333
 43
0.0
 43
0.0
 43
0.0
 43
0.0
 43
1.0
 43
0.0
 43
0.0
 43
0.0
 43
0.0
 43
1.0
 77
     0
 47
0.0208333333333333
 47
0.0
 47
0.0
 47
0.0
 47
0.0
 47
0.0208333333333333
 47
0.0
 47
0.0
 47
0.0
 47
0.0
 47
1.0
 47
0.0
 47
0.0
 47
0.0
 47
0.0
 47
1.0
171
     0
 49
0.0208333333333333
 49
0.0
 49
0.0
 49
0.0
 49
0.0
 49
0.0208333333333333
 49
0.0
 49
0.0
 49
0.0
 49
0.0
 49
1.0
 49
0.0
 49
0.0
 49
0.0
 49
0.0
 49
1.0
175
     0
142
0.0208333333333333
142
0.0
142
0.0
142
0.0
142
0.0
142
0.0208333333333333
142
0.0
142
0.0
142
0.0
142
0.0
142
1.0
142
0.0
142
0.0
142
0.0
142
0.0
142
1.0
179
     0
144
0.0208333333333333
144
0.0
144
0.0
144
0.0
144
0.0
144
0.0208333333333333
144
0.0
144
0.0
144
0.0
144
0.0
144
1.0
144
0.0
144
0.0
144
0.0
144
0.0
144
1.0
147
0.0208333333333333
147
0.0
147
0.0
147
0.0
147
0.0
147
0.0208333333333333
147
0.0
147
0.0
147
0.0
147
0.0
147
1.0
147
0.0
147
0.0
147
0.0
147
0.0
147
1.0
  0
MLEADERSTYLE
  5
408
102
{ACAD_REACTORS
330
407
102
}
330
407
100
AcDbMLeaderStyle
170
     2
171
     1
172
     0
 90
        2
 40
0.0
 41
0.0
173
     1
 91
-1056964608
340
3FC
 92
       -2
290
     1
 42
0.09
291
     1
 43
0.36
  3
Standard
 44
0.18
300

342
3F7
174
     1
178
     6
175
     1
176
     0
 93
-1056964608
 45
0.18
292
     0
297
     0
 46
0.18
 94
-1056964608
 47
1.0
 49
1.0
140
1.0
293
     1
141
0.0
294
     1
177
     0
142
1.0
295
     0
296
     0
143
0.125
1001
ACAD_MLEADERVER
1070
     2
  0
MLINESTYLE
  5
401
102
{ACAD_REACTORS
330
400
102
}
330
400
100
AcDbMlineStyle
  2
STANDARD
 70
     0
  3

 62
   256
 51
90.0
 52
90.0
 71
     2
 49
0.5
 62
   256
  6
BYLAYER
 49
-0.5
 62
   256
  6
BYLAYER
  0
ACDBPLACEHOLDER
  5
3B1
102
{ACAD_REACTORS
330
3B0
102
}
330
3B0
  0
SCALE
  5
3E5
102
{ACAD_REACTORS
330
3E4
102
}
330
3E4
100
AcDbScale
 70
     0
300
1:1
140
1.0
141
1.0
290
     1
  0
SCALE
  5
3E6
102
{ACAD_REACTORS
330
3E4
102
}
330
3E4
100
AcDbScale
 70
     0
300
1/128" = 1'-0"
140
0.0078125
141
12.0
290
     0
  0
SCALE
  5
3E7
102
{ACAD_REACTORS
330
3E4
102
}
330
3E4
100
AcDbScale
 70
     0
300
1/64" = 1'-0"
140
0.015625
141
12.0
290
     0
  0
SCALE
  5
3E8
102
{ACAD_REACTORS
330
3E4
102
}
330
3E4
100
AcDbScale
 70
     0
300
1/32" = 1'-0"
140
0.03125
141
12.0
290
     0
  0
SCALE
  5
3E9
102
{ACAD_REACTORS
330
3E4
102
}
330
3E4
100
AcDbScale
 70
     0
300
1/16" = 1'-0"
140
0.0625
141
12.0
290
     0
  0
SCALE
  5
3EA
102
{ACAD_REACTORS
330
3E4
102
}
330
3E4
100
AcDbScale
 70
     0
300
3/32" = 1'-0"
140
0.09375
141
12.0
290
     0
  0
SCALE
  5
3EB
102
{ACAD_REACTORS
330
3E4
102
}
330
3E4
100
AcDbScale
 70
     0
300
1/8" = 1'-0"
140
0.125
141
12.0
290
     0
  0
SCALE
  5
3EC
102
{ACAD_REACTORS
330
3E4
102
}
330
3E4
100
AcDbScale
 70
     0
300
3/16" = 1'-0"
140
0.1875
141
12.0
290
     0
  0
SCALE
  5
3ED
102
{ACAD_REACTORS
330
3E4
102
}
330
3E4
100
AcDbScale
 70
     0
300
1/4" = 1'-0"
140
0.25
141
12.0
290
     0
  0
SCALE
  5
3EE
102
{ACAD_REACTORS
330
3E4
102
}
330
3E4
100
AcDbScale
 70
     0
300
3/8" = 1'-0"
140
0.375
141
12.0
290
     0
  0
SCALE
  5
3EF
102
{ACAD_REACTORS
330
3E4
102
}
330
3E4
100
AcDbScale
 70
     0
300
1/2" = 1'-0"
140
0.5
141
12.0
290
     0
  0
SCALE
  5
3F0
102
{ACAD_REACTORS
330
3E4
102
}
330
3E4
100
AcDbScale
 70
     0
300
3/4" = 1'-0"
140
0.75
141
12.0
290
     0
  0
SCALE
  5
3F1
102
{ACAD_REACTORS
330
3E4
102
}
330
3E4
100
AcDbScale
 70
     0
300
1" = 1'-0"
140
1.0
141
12.0
290
     0
  0
SCALE
  5
3F2
102
{ACAD_REACTORS
330
3E4
102
}
330
3E4
100
AcDbScale
 70
     0
300
1-1/2" = 1'-0"
140
1.5
141
12.0
290
     0
  0
SCALE
  5
3F3
102
{ACAD_REACTORS
330
3E4
102
}
330
3E4
100
AcDbScale
 70
     0
300
3" = 1'-0"
140
3.0
141
12.0
290
     0
  0
SCALE
  5
3F4
102
{ACAD_REACTORS
330
3E4
102
}
330
3E4
100
AcDbScale
 70
     0
300
6" = 1'-0"
140
6.0
141
12.0
290
     0
  0
SCALE
  5
3F5
102
{ACAD_REACTORS
330
3E4
102
}
330
3E4
100
AcDbScale
 70
     0
300
1'-0" = 1'-0"
140
12.0
141
12.0
290
     0
  0
ACDBSECTIONVIEWSTYLE
  5
40A
102
{ACAD_XDICTIONARY
360
40B3
102
}
102
{ACAD_REACTORS
330
409
102
}
330
409
100
AcDbModelDocViewStyle
 70
     0
  3
Imperial24
290
     0
100
AcDbSectionViewStyle
 70
     0
 71
     0
 90
       78
 71
     1
340
3F7
 40
0.24
340
0
340
0
 40
0.24
300
I, O, Q, S, X, Z
 40
0.48
 90
        3
 40
0.18
 90
        1
 71
     2
340
3FE
 90
       25
340
3FE
 90
       50
 40
0.24
 40
0.0
 40
0.24
 71
     3
340
3F7
 40
0.24
 90
        1
 40
0.75
 90
        1
300
%<\AcVar ViewType \f "%tc1">% %<\AcVar ViewSectionStartId>%-%<\AcVar ViewSectionEndId>%\PSCALE %<\AcVar ViewScale \f "%sn">%
 71
     4
300
ANSI31
 40
1.0
 90
        0
290
     0
290
     0
 90
        6
 40
0.0
 40
1.570796326794896
 40
0.2617993877991494
 40
1.308996938995747
 40
-0.2617993877991494
 40
1.832595714594044
  0
TABLESTYLE
  5
406
102
{ACAD_XDICTIONARY
360
3C44
102
}
102
{ACAD_REACTORS
330
405
102
}
330
405
100
AcDbTableStyle
  3
Standard
 70
     0
 71
     0
 40
0.06
 41
0.06
280
     0
281
     0
  7
STANDARD
140
0.18
170
     2
 62
     0
 63
     7
283
     0
274
    -2
284
     1
 64
     0
275
    -2
285
     1
 65
     0
276
    -2
286
     1
 66
     0
277
    -2
287
     1
 67
     0
278
    -2
288
     1
 68
     0
279
    -2
289
     1
 69
     0
  7
STANDARD
140
0.25
170
     5
 62
     0
 63
     7
283
     0
274
    -2
284
     1
 64
     0
275
    -2
285
     1
 65
     0
276
    -2
286
     1
 66
     0
277
    -2
287
     1
 67
     0
278
    -2
288
     1
 68
     0
279
    -2
289
     1
 69
     0
  7
STANDARD
140
0.18
170
     5
 62
     0
 63
     7
283
     0
274
    -2
284
     1
 64
     0
275
    -2
285
     1
 65
     0
276
    -2
286
     1
 66
     0
277
    -2
287
     1
 67
     0
278
    -2
288
     1
 68
     0
279
    -2
289
     1
 69
     0
  0
VISUALSTYLE
  5
3D1
102
{ACAD_XDICTIONARY
360
408C
102
}
102
{ACAD_REACTORS
330
3CB
102
}
330
3CB
100
AcDbVisualStyle
  2

 70
     4
 71
     0
 72
     2
 73
     0
 90
        0
 40
-0.6
 41
-30.0
 62
     5
 63
     7
 74
     1
 91
        4
 64
     7
 65
   257
 75
     1
175
     1
 42
1.0
 92
        0
 66
   257
 43
1.0
 76
     1
 77
     6
 78
     2
 67
     7
 79
     5
170
     0
171
     0
290
     0
174
     0
 93
        1
 44
0.0
173
     0
291
     0
 45
0.0
1001
ACAD
1000
AcDbSavedByObjectVersion
1070
     0
  0
VISUALSTYLE
  5
3D0
102
{ACAD_XDICTIONARY
360
408A
102
}
102
{ACAD_REACTORS
330
3CB
102
}
330
3CB
100
AcDbVisualStyle
  2

 70
     7
 71
     1
 72
     0
 73
     1
 90
        0
 40
-0.6
 41
-30.0
 62
     5
 63
     7
 74
     0
 91
        4
 64
     7
 65
   257
 75
     1
175
     1
 42
1.0
 92
        8
 66
     7
 43
1.0
 76
     1
 77
     6
 78
     2
 67
     7
 79
     5
170
     0
171
     0
290
     0
174
     0
 93
        1
 44
0.0
173
     0
291
     1
 45
0.0
1001
ACAD
1000
AcDbSavedByObjectVersion
1070
     0
  0
VISUALSTYLE
  5
3D7
102
{ACAD_XDICTIONARY
360
4098
102
}
102
{ACAD_REACTORS
330
3CB
102
}
330
3CB
100
AcDbVisualStyle
  2

 70
    12
 71
     2
 72
     2
 73
     0
 90
        0
 40
-0.6
 41
-30.0
 62
     5
 63
     7
 74
     1
 91
        4
 64
     7
 65
   257
 75
     1
175
     1
 42
1.0
 92
        8
 66
     7
 43
1.0
 76
     1
 77
     6
 78
     2
 67
     7
 79
     5
170
     0
171
     0
290
     0
174
     0
 93
        1
 44
50.0
173
     0
291
     1
 45
0.0
1001
ACAD
1000
AcDbSavedByObjectVersion
1070
     0
  0
VISUALSTYLE
  5
3DB
102
{ACAD_XDICTIONARY
360
40A0
102
}
102
{ACAD_REACTORS
330
3CB
102
}
330
3CB
100
AcDbVisualStyle
  2

 70
    16
 71
     2
 72
     2
 73
     3
 90
        0
 40
-0.6
 41
-30.0
 62
     5
 63
     8
 74
     1
 91
        4
 64
     7
 65
   257
 75
     1
175
     1
 42
1.0
 92
        8
 66
     8
 43
1.0
 76
     1
 77
     6
 78
     2
 67
     7
 79
     5
170
     0
171
     0
290
     0
174
     0
 93
        1
 44
0.0
173
     0
291
     1
 45
0.0
1001
ACAD
1000
AcDbSavedByObjectVersion
1070
     0
  0
VISUALSTYLE
  5
3D4
102
{ACAD_XDICTIONARY
360
4092
102
}
102
{ACAD_REACTORS
330
3CB
102
}
330
3CB
100
AcDbVisualStyle
  2

 70
     9
 71
     3
 72
     2
 73
     0
 90
        0
 40
-0.6
 41
-30.0
 62
     5
 63
     7
 74
     2
 91
        2
 64
     7
 65
   257
 75
     1
175
     1
 42
179.0
 92
        8
 66
     7
 43
1.0
 76
     1
 77
     6
 78
     2
 67
     7
 79
     3
170
     0
171
     0
290
     0
174
     0
 93
        1
 44
0.0
173
     0
291
     0
 45
0.0
1001
ACAD
1000
AcDbSavedByObjectVersion
1070
     0
  0
VISUALSTYLE
  5
3D6
102
{ACAD_XDICTIONARY
360
4096
102
}
102
{ACAD_REACTORS
330
3CB
102
}
330
3CB
100
AcDbVisualStyle
  2

 70
    11
 71
     2
 72
     2
 73
     0
 90
        0
 40
-0.6
 41
-30.0
 62
     5
 63
     7
 74
     1
 91
        4
 64
     7
 65
   257
 75
     1
175
     1
 42
1.0
 92
        8
 66
     7
 43
1.0
 76
     1
 77
     6
 78
     2
 67
     7
 79
     5
170
     0
171
     0
290
     0
174
     0
 93
        1
 44
-50.0
173
     0
291
     1
 45
0.0
1001
ACAD
1000
AcDbSavedByObjectVersion
1070
     0
  0
VISUALSTYLE
  5
3E3
102
{ACAD_XDICTIONARY
360
40B0
102
}
102
{ACAD_REACTORS
330
3CB
102
}
330
3CB
100
AcDbVisualStyle
  2

 70
    22
 71
     2
 72
     2
 73
     0
 90
        0
 40
-0.6
 41
-30.0
 62
     5
 63
     7
 74
     1
 91
        4
 64
     7
 65
   257
 75
     1
175
     1
 42
1.0
 92
        8
 66
     7
 43
1.0
 76
     1
 77
     6
 78
     2
 67
     7
 79
     5
170
     0
171
     0
290
     0
174
     0
 93
        1
 44
0.0
173
     0
291
     1
 45
0.0
1001
ACAD
1000
AcDbSavedByObjectVersion
1070
     0
  0
VISUALSTYLE
  5
3DA
102
{ACAD_XDICTIONARY
360
409E
102
}
102
{ACAD_REACTORS
330
3CB
102
}
330
3CB
100
AcDbVisualStyle
  2

 70
    15
 71
     2
 72
     2
 73
     0
 90
        0
 40
-0.6
 41
-30.0
 62
     5
 63
     7
 74
     1
 91
        4
 64
     7
 65
   257
 75
     1
175
     1
 42
1.0
 92
        8
 66
     7
 43
1.0
 76
     1
 77
     6
 78
     2
 67
     7
 79
     5
170
     0
171
     0
290
     0
174
     0
 93
        1
 44
0.0
173
     0
291
     1
 45
0.0
1001
ACAD
1000
AcDbSavedByObjectVersion
1070
     0
  0
VISUALSTYLE
  5
3CC
102
{ACAD_XDICTIONARY
360
4082
102
}
102
{ACAD_REACTORS
330
3CB
102
}
330
3CB
100
AcDbVisualStyle
  2

 70
     0
 71
     2
 72
     1
 73
     1
 90
        2
 40
-0.6
 41
30.0
 62
     5
 63
     7
 74
     0
 91
        0
 64
     7
 65
   257
 75
     1
175
     1
 42
1.0
 92
        8
 66
     7
 43
1.0
 76
     1
 77
     6
 78
     2
 67
     7
 79
     5
170
     0
171
     0
290
     0
174
     0
 93
       13
 44
0.0
173
     0
291
     1
 45
0.0
1001
ACAD
1000
AcDbSavedByObjectVersion
1070
     0
  0
VISUALSTYLE
  5
3CD
102
{ACAD_XDICTIONARY
360
4084
102
}
102
{ACAD_REACTORS
330
3CB
102
}
330
3CB
100
AcDbVisualStyle
  2

 70
     1
 71
     2
 72
     1
 73
     1
 90
        2
 40
-0.6
 41
30.0
 62
     5
 63
     7
 74
     1
 91
        0
 64
     7
 65
   257
 75
     1
175
     1
 42
1.0
 92
        0
 66
   257
 43
1.0
 76
     1
 77
     6
 78
     2
 67
     7
 79
     5
170
     0
171
     0
290
     0
174
     0
 93
       13
 44
0.0
173
     0
291
     1
 45
0.0
1001
ACAD
1000
AcDbSavedByObjectVersion
1070
     0
  0
VISUALSTYLE
  5
3CE
102
{ACAD_XDICTIONARY
360
4086
102
}
102
{ACAD_REACTORS
330
3CB
102
}
330
3CB
100
AcDbVisualStyle
  2

 70
     2
 71
     2
 72
     2
 73
     1
 90
        2
 40
-0.6
 41
30.0
 62
     5
 63
     7
 74
     0
 91
        0
 64
     7
 65
   257
 75
     1
175
     1
 42
1.0
 92
        0
 66
     7
 43
1.0
 76
     1
 77
     6
 78
     2
 67
     7
 79
     5
170
     0
171
     0
290
     0
174
     0
 93
       13
 44
0.0
173
     0
291
     1
 45
0.0
1001
ACAD
1000
AcDbSavedByObjectVersion
1070
     0
  0
VISUALSTYLE
  5
3CF
102
{ACAD_XDICTIONARY
360
4088
102
}
102
{ACAD_REACTORS
330
3CB
102
}
330
3CB
100
AcDbVisualStyle
  2

 70
     3
 71
     2
 72
     2
 73
     1
 90
        2
 40
-0.6
 41
30.0
 62
     5
 63
     7
 74
     1
 91
        0
 64
     7
 65
   257
 75
     1
175
     1
 42
1.0
 92
        0
 66
   257
 43
1.0
 76
     1
 77
     6
 78
     2
 67
     7
 79
     5
170
     0
171
     0
290
     0
174
     0
 93
       13
 44
0.0
173
     0
291
     1
 45
0.0
1001
ACAD
1000
AcDbSavedByObjectVersion
1070
     0
  0
VISUALSTYLE
  5
3D3
102
{ACAD_XDICTIONARY
360
4090
102
}
102
{ACAD_REACTORS
330
3CB
102
}
330
3CB
100
AcDbVisualStyle
  2

 70
     6
 71
     1
 72
     2
 73
     2
 90
        0
 40
-0.6
 41
-30.0
 62
     5
 63
     7
 74
     2
 91
        2
 64
     7
 65
   257
 75
     2
175
     1
 42
40.0
 92
        0
 66
   257
 43
1.0
 76
     1
 77
     6
 78
     2
 67
     7
 79
     3
170
     0
171
     0
290
     0
174
     0
 93
        1
 44
0.0
173
     0
291
     0
 45
0.0
1001
ACAD
1000
AcDbSavedByObjectVersion
1070
     0
  0
VISUALSTYLE
  5
3E1
102
{ACAD_XDICTIONARY
360
40AC
102
}
102
{ACAD_REACTORS
330
3CB
102
}
330
3CB
100
AcDbVisualStyle
  2

 70
    20
 71
     2
 72
     2
 73
     0
 90
        0
 40
-0.6
 41
-30.0
 62
     5
 63
     7
 74
     1
 91
        4
 64
     7
 65
   257
 75
     1
175
     1
 42
1.0
 92
       10
 66
     7
 43
1.0
 76
     1
 77
     6
 78
     2
 67
     7
 79
     5
170
     0
171
     0
290
     0
174
     0
 93
        1
 44
0.0
173
     0
291
     1
 45
0.0
1001
ACAD
1000
AcDbSavedByObjectVersion
1070
     0
  0
VISUALSTYLE
  5
3D9
102
{ACAD_XDICTIONARY
360
409C
102
}
102
{ACAD_REACTORS
330
3CB
102
}
330
3CB
100
AcDbVisualStyle
  2

 70
    14
 71
     2
 72
     2
 73
     0
 90
        0
 40
-0.6
 41
-30.0
 62
     5
 63
     7
 74
     1
 91
        4
 64
     7
 65
   257
 75
     7
175
     7
 42
1.0
 92
        8
 66
     7
 43
1.0
 76
     1
 77
     6
 78
     2
 67
     7
 79
     5
170
     0
171
     0
290
     0
174
     0
 93
        1
 44
0.0
173
     0
291
     1
 45
0.0
1001
ACAD
1000
AcDbSavedByObjectVersion
1070
     0
  0
VISUALSTYLE
  5
3E2
102
{ACAD_XDICTIONARY
360
40AE
102
}
102
{ACAD_REACTORS
330
3CB
102
}
330
3CB
100
AcDbVisualStyle
  2

 70
    21
 71
     2
 72
     2
 73
     0
 90
        0
 40
-0.6
 41
-30.0
 62
     5
 63
     7
 74
     1
 91
        4
 64
     7
 65
   257
 75
     1
175
     1
 42
1.0
 92
        9
 66
     7
 43
1.0
 76
     1
 77
     6
 78
     2
 67
     7
 79
     5
170
     0
171
     0
290
     0
174
     0
 93
        1
 44
0.0
173
     0
291
     1
 45
0.0
1001
ACAD
1000
AcDbSavedByObjectVersion
1070
     0
  0
VISUALSTYLE
  5
3D5
102
{ACAD_XDICTIONARY
360
4094
102
}
102
{ACAD_REACTORS
330
3CB
102
}
330
3CB
100
AcDbVisualStyle
  2

 70
     8
 71
     2
 72
     3
 73
     0
 90
        2
 40
-0.6
 41
30.0
 62
     5
 63
     7
 74
     0
 91
        0
 64
     7
 65
   257
 75
     1
175
     1
 42
1.0
 92
        8
 66
   257
 43
1.0
 76
     1
 77
     6
 78
     2
 67
     7
 79
     3
170
     0
171
     0
290
     0
174
     0
 93
       13
 44
0.0
173
     0
291
     0
 45
0.0
1001
ACAD
1000
AcDbSavedByObjectVersion
1070
     0
  0
VISUALSTYLE
  5
3E0
102
{ACAD_XDICTIONARY
360
40AA
102
}
102
{ACAD_REACTORS
330
3CB
102
}
330
3CB
100
AcDbVisualStyle
  2

 70
    27
 71
     2
 72
     2
 73
     1
 90
        2
 40
-0.6
 41
30.0
 62
     5
 63
     7
 74
     0
 91
        4
 64
     7
 65
   257
 75
     1
175
     1
 42
1.0
 92
        8
 66
   257
 43
1.0
 76
     1
 77
     6
 78
     2
 67
     8
 79
     3
170
     0
171
     0
290
     0
174
     0
 93
        5
 44
0.0
173
     0
291
     0
 45
0.0
1001
ACAD
1000
AcDbSavedByObjectVersion
1070
     0
  0
VISUALSTYLE
  5
3DF
102
{ACAD_XDICTIONARY
360
40A8
102
}
102
{ACAD_REACTORS
330
3CB
102
}
330
3CB
100
AcDbVisualStyle
  2

 70
    26
 71
     2
 72
     2
 73
     1
 90
        2
 40
-0.6
 41
30.0
 62
     5
 63
     7
 74
     1
 91
        2
 64
     7
 65
   257
 75
     2
175
     1
 42
1.0
 92
        8
 66
   257
 43
1.0
 76
     1
 77
     6
 78
     2
 67
     7
 79
     3
170
     0
171
     0
290
     0
174
     0
 93
        5
 44
0.0
173
     0
291
     0
 45
0.0
1001
ACAD
1000
AcDbSavedByObjectVersion
1070
     0
  0
VISUALSTYLE
  5
3DC
102
{ACAD_XDICTIONARY
360
40A2
102
}
102
{ACAD_REACTORS
330
3CB
102
}
330
3CB
100
AcDbVisualStyle
  2

 70
    23
 71
     2
 72
     2
 73
     3
 90
        0
 40
-0.6
 41
-30.0
 62
     5
 63
     7
 74
     2
 91
        2
 64
     7
 65
     7
 75
     1
175
     1
 42
40.0
 92
        8
 66
     7
 43
1.0
 76
     1
 77
     6
 78
     2
 67
     7
 79
     3
170
     0
171
     0
290
     0
174
     0
 93
        1
 44
0.0
173
     0
291
     0
 45
0.0
1001
ACAD
1000
AcDbSavedByObjectVersion
1070
     0
  0
VISUALSTYLE
  5
3DD
102
{ACAD_XDICTIONARY
360
40A4
102
}
102
{ACAD_REACTORS
330
3CB
102
}
330
3CB
100
AcDbVisualStyle
  2

 70
    24
 71
     1
 72
     2
 73
     2
 90
        0
 40
-0.6
 41
-30.0
 62
     5
 63
     7
 74
     2
 91
        2
 64
     7
 65
     7
 75
     1
175
     1
 42
40.0
 92
       11
 66
     7
 43
1.0
 76
     1
 77
     6
 78
     2
 67
     7
 79
     6
170
     0
171
     0
290
     0
174
     0
 93
        1
 44
0.0
173
     0
291
     0
 45
0.0
1001
ACAD
1000
AcDbSavedByObjectVersion
1070
     0
  0
VISUALSTYLE
  5
3D8
102
{ACAD_XDICTIONARY
360
409A
102
}
102
{ACAD_REACTORS
330
3CB
102
}
330
3CB
100
AcDbVisualStyle
  2

 70
    13
 71
     2
 72
     2
 73
     0
 90
        0
 40
-0.6
 41
-30.0
 62
     5
 63
     7
 74
     1
 91
        4
 64
     7
 65
   257
 75
     1
175
     1
 42
1.0
 92
       12
 66
     7
 43
1.0
 76
     1
 77
     6
 78
     2
 67
     7
 79
     5
170
     0
171
     0
290
     0
174
     0
 93
        1
 44
0.0
173
     0
291
     1
 45
0.0
1001
ACAD
1000
AcDbSavedByObjectVersion
1070
     0
  0
VISUALSTYLE
  5
3D2
102
{ACAD_XDICTIONARY
360
408E
102
}
102
{ACAD_REACTORS
330
3CB
102
}
330
3CB
100
AcDbVisualStyle
  2

 70
     5
 71
     0
 72
     2
 73
     0
 90
        0
 40
-0.6
 41
-30.0
 62
     5
 63
     7
 74
     1
 91
        4
 64
     7
 65
   257
 75
     1
175
     1
 42
1.0
 92
        0
 66
   257
 43
1.0
 76
     1
 77
     6
 78
     2
 67
     7
 79
     3
170
     0
171
     0
290
     0
174
     0
 93
        1
 44
0.0
173
     0
291
     0
 45
0.0
1001
ACAD
1000
AcDbSavedByObjectVersion
1070
     0
  0
VISUALSTYLE
  5
3DE
102
{ACAD_XDICTIONARY
360
40A6
102
}
102
{ACAD_REACTORS
330
3CB
102
}
330
3CB
100
AcDbVisualStyle
  2

 70
    25
 71
     2
 72
     2
 73
     1
 90
        1
 40
0.5
 41
-30.0
 62
     5
 63
     7
 74
     1
 91
        0
 64
     7
 65
   257
 75
     1
175
     1
 42
1.0
 92
        8
 66
     7
 43
1.0
 76
     1
 77
     6
 78
     2
 67
     7
 79
     3
170
     0
171
     0
290
     0
174
     0
 93
       13
 44
0.0
173
     0
291
     0
 45
0.0
1001
ACAD
1000
AcDbSavedByObjectVersion
1070
     0
  0
DICTIONARYVAR
  5
43C
102
{ACAD_REACTORS
330
437
102
}
330
437
100
DictionaryVariables
280
     0
  1
1:1
  0
DICTIONARYVAR
  5
439
102
{ACAD_REACTORS
330
437
102
}
330
437
100
DictionaryVariables
280
     0
  1
STANDARD
  0
DICTIONARYVAR
  5
438
102
{ACAD_REACTORS
330
437
102
}
330
437
100
DictionaryVariables
280
     0
  1
STANDARD
  0
DICTIONARYVAR
  5
43A
102
{ACAD_REACTORS
330
437
102
}
330
437
100
DictionaryVariables
280
     0
  1
Imperial24
  0
DICTIONARYVAR
  5
43B
102
{ACAD_REACTORS
330
437
102
}
330
437
100
DictionaryVariables
280
     0
  1
Imperial24
  0
DICTIONARYVAR
  5
43F
102
{ACAD_REACTORS
330
437
102
}
330
437
100
DictionaryVariables
280
     0
  1
1
  0
DICTIONARYVAR
  5
43E
102
{ACAD_REACTORS
330
437
102
}
330
437
100
DictionaryVariables
280
     0
  1
0
  0
DICTIONARYVAR
  5
27F4
102
{ACAD_REACTORS
330
437
102
}
330
437
100
DictionaryVariables
280
     0
  1
1
  0
DICTIONARYVAR
  5
27F5
102
{ACAD_REACTORS
330
437
102
}
330
437
100
DictionaryVariables
280
     0
  1
15
  0
DICTIONARYVAR
  5
27F3
102
{ACAD_REACTORS
330
437
102
}
330
437
100
DictionaryVariables
280
     0
  1
0
  0
DICTIONARYVAR
  5
27F2
102
{ACAD_REACTORS
330
437
102
}
330
437
100
DictionaryVariables
280
     0
  1
0
  0
DICTIONARYVAR
  5
43D
102
{ACAD_REACTORS
330
437
102
}
330
437
100
DictionaryVariables
280
     0
  1
127
  0
DICTIONARYVAR
  5
3EFF
102
{ACAD_REACTORS
330
437
102
}
330
437
100
DictionaryVariables
280
     0
  1
2
  0
XRECORD
  5
40BE
102
{ACAD_REACTORS
330
40BD
102
}
330
40BD
100
AcDbXrecord
280
     1
1070
     0
1070
     1
1070
     1
  0
XRECORD
  5
40C0
102
{ACAD_REACTORS
330
40BF
102
}
330
40BF
100
AcDbXrecord
280
     1
1070
     0
1070
     1
1070
     1
  0
XRECORD
  5
40C2
102
{ACAD_REACTORS
330
40C1
102
}
330
40C1
100
AcDbXrecord
280
     1
1070
     0
1070
     1
1070
     1
  0
XRECORD
  5
40C4
102
{ACAD_REACTORS
330
40C3
102
}
330
40C3
100
AcDbXrecord
280
     1
1070
     0
1070
     1
1070
     1
  0
XRECORD
  5
40C6
102
{ACAD_REACTORS
330
40C5
102
}
330
40C5
100
AcDbXrecord
280
     1
1070
     0
1070
     1
1070
     1
  0
XRECORD
  5
40C9
102
{ACAD_REACTORS
330
40C8
102
}
330
40C8
100
AcDbXrecord
280
     1
1070
     0
1070
     1
1070
     1
  0
DICTIONARY
  5
40B5
330
40C
100
AcDbDictionary
280
     1
281
     1
  3
ACAD_XREC_ROUNDTRIP
360
40B6
  0
DICTIONARY
  5
40B9
330
414
100
AcDbDictionary
280
     1
281
     1
  3
ACAD_XREC_ROUNDTRIP
360
40BA
  0
DICTIONARY
  5
40B7
330
410
100
AcDbDictionary
280
     1
281
     1
  3
ACAD_XREC_ROUNDTRIP
360
40B8
  0
DICTIONARY
  5
3BC
330
3BB
100
AcDbDictionary
280
     1
281
     1
  3
ACAD_XREC_ROUNDTRIP
360
3C49
  3
BUMPTILE
360
3BE
  3
DIFFUSETILE
360
3BD
  3
OPACITYTILE
360
3C1
  3
REFLECTIONTILE
360
3C0
  3
REFRACTIONTILE
360
3C2
  3
SPECULARTILE
360
3BF
  0
DICTIONARY
  5
3B4
330
3B3
100
AcDbDictionary
280
     1
281
     1
  3
ACAD_XREC_ROUNDTRIP
360
3C48
  3
BUMPTILE
360
3B6
  3
DIFFUSETILE
360
3B5
  3
OPACITYTILE
360
3B9
  3
REFLECTIONTILE
360
3B8
  3
REFRACTIONTILE
360
3BA
  3
SPECULARTILE
360
3B7
  0
DICTIONARY
  5
3C4
330
3C3
100
AcDbDictionary
280
     1
281
     1
  3
ACAD_XREC_ROUNDTRIP
360
3C4A
  3
BUMPTILE
360
3C6
  3
DIFFUSETILE
360
3C5
  3
OPACITYTILE
360
3C9
  3
REFLECTIONTILE
360
3C8
  3
REFRACTIONTILE
360
3CA
  3
SPECULARTILE
360
3C7
  0
DICTIONARY
  5
40B3
330
40A
100
AcDbDictionary
280
     1
281
     1
  3
ACAD_XREC_ROUNDTRIP
360
40B4
  0
DICTIONARY
  5
3C44
330
406
100
AcDbDictionary
280
     1
281
     1
  3
ACAD_ROUNDTRIP_2008_TABLESTYLE_CELLSTYLEMAP
360
407F
  3
ACAD_XREC_ROUNDTRIP
360
40B2
  0
DICTIONARY
  5
408C
330
3D1
100
AcDbDictionary
280
     1
281
     1
  3
ACAD_XREC_ROUNDTRIP
360
408D
  0
DICTIONARY
  5
408A
330
3D0
100
AcDbDictionary
280
     1
281
     1
  3
ACAD_XREC_ROUNDTRIP
360
408B
  0
DICTIONARY
  5
4098
330
3D7
100
AcDbDictionary
280
     1
281
     1
  3
ACAD_XREC_ROUNDTRIP
360
4099
  0
DICTIONARY
  5
40A0
330
3DB
100
AcDbDictionary
280
     1
281
     1
  3
ACAD_XREC_ROUNDTRIP
360
40A1
  0
DICTIONARY
  5
4092
330
3D4
100
AcDbDictionary
280
     1
281
     1
  3
ACAD_XREC_ROUNDTRIP
360
4093
  0
DICTIONARY
  5
4096
330
3D6
100
AcDbDictionary
280
     1
281
     1
  3
ACAD_XREC_ROUNDTRIP
360
4097
  0
DICTIONARY
  5
40B0
330
3E3
100
AcDbDictionary
280
     1
281
     1
  3
ACAD_XREC_ROUNDTRIP
360
40B1
  0
DICTIONARY
  5
409E
330
3DA
100
AcDbDictionary
280
     1
281
     1
  3
ACAD_XREC_ROUNDTRIP
360
409F
  0
DICTIONARY
  5
4082
330
3CC
100
AcDbDictionary
280
     1
281
     1
  3
ACAD_XREC_ROUNDTRIP
360
4083
  0
DICTIONARY
  5
4084
330
3CD
100
AcDbDictionary
280
     1
281
     1
  3
ACAD_XREC_ROUNDTRIP
360
4085
  0
DICTIONARY
  5
4086
330
3CE
100
AcDbDictionary
280
     1
281
     1
  3
ACAD_XREC_ROUNDTRIP
360
4087
  0
DICTIONARY
  5
4088
330
3CF
100
AcDbDictionary
280
     1
281
     1
  3
ACAD_XREC_ROUNDTRIP
360
4089
  0
DICTIONARY
  5
4090
330
3D3
100
AcDbDictionary
280
     1
281
     1
  3
ACAD_XREC_ROUNDTRIP
360
4091
  0
DICTIONARY
  5
40AC
330
3E1
100
AcDbDictionary
280
     1
281
     1
  3
ACAD_XREC_ROUNDTRIP
360
40AD
  0
DICTIONARY
  5
409C
330
3D9
100
AcDbDictionary
280
     1
281
     1
  3
ACAD_XREC_ROUNDTRIP
360
409D
  0
DICTIONARY
  5
40AE
330
3E2
100
AcDbDictionary
280
     1
281
     1
  3
ACAD_XREC_ROUNDTRIP
360
40AF
  0
DICTIONARY
  5
4094
330
3D5
100
AcDbDictionary
280
     1
281
     1
  3
ACAD_XREC_ROUNDTRIP
360
4095
  0
DICTIONARY
  5
40AA
330
3E0
100
AcDbDictionary
280
     1
281
     1
  3
ACAD_XREC_ROUNDTRIP
360
40AB
  0
DICTIONARY
  5
40A8
330
3DF
100
AcDbDictionary
280
     1
281
     1
  3
ACAD_XREC_ROUNDTRIP
360
40A9
  0
DICTIONARY
  5
40A2
330
3DC
100
AcDbDictionary
280
     1
281
     1
  3
ACAD_XREC_ROUNDTRIP
360
40A3
  0
DICTIONARY
  5
40A4
330
3DD
100
AcDbDictionary
280
     1
281
     1
  3
ACAD_XREC_ROUNDTRIP
360
40A5
  0
DICTIONARY
  5
409A
330
3D8
100
AcDbDictionary
280
     1
281
     1
  3
ACAD_XREC_ROUNDTRIP
360
409B
  0
DICTIONARY
  5
408E
330
3D2
100
AcDbDictionary
280
     1
281
     1
  3
ACAD_XREC_ROUNDTRIP
360
408F
  0
DICTIONARY
  5
40A6
330
3DE
100
AcDbDictionary
280
     1
281
     1
  3
ACAD_XREC_ROUNDTRIP
360
40A7
  0
XRECORD
  5
40B6
102
{ACAD_REACTORS
330
40B5
102
}
330
40B5
100
AcDbXrecord
280
     1
102
DISPLAYNAME
  1
Imperial24
102
FLAGS
 90
        0
  0
XRECORD
  5
40BA
102
{ACAD_REACTORS
330
40B9
102
}
330
40B9
100
AcDbXrecord
280
     1
102
SHADEPLOT
 70
     0
102
SHADEPLOTRESLEVEL
 70
     2
102
SHADEPLOTCUSTOMDPI
 70
   300
  0
XRECORD
  5
40B8
102
{ACAD_REACTORS
330
40B7
102
}
330
40B7
100
AcDbXrecord
280
     1
102
SHADEPLOT
 70
     0
102
SHADEPLOTRESLEVEL
 70
     2
102
SHADEPLOTCUSTOMDPI
 70
   300
  0
XRECORD
  5
3C49
102
{ACAD_REACTORS
330
3BC
102
}
330
3BC
100
AcDbXrecord
280
     1
102
MATERIAL
148
0.0
149
0.0
149
0.0
 93
        0
 94
      127
282
     0
 72
     0
 77
     0
171
     0
175
     0
179
     0
273
     0
  0
XRECORD
  5
3BE
102
{ACAD_REACTORS
330
3BC
102
}
330
3BC
100
AcDbXrecord
280
     1
270
     1
271
     1
  0
XRECORD
  5
3BD
102
{ACAD_REACTORS
330
3BC
102
}
330
3BC
100
AcDbXrecord
280
     1
270
     1
271
     1
  0
XRECORD
  5
3C1
102
{ACAD_REACTORS
330
3BC
102
}
330
3BC
100
AcDbXrecord
280
     1
270
     1
271
     1
  0
XRECORD
  5
3C0
102
{ACAD_REACTORS
330
3BC
102
}
330
3BC
100
AcDbXrecord
280
     1
270
     1
271
     1
  0
XRECORD
  5
3C2
102
{ACAD_REACTORS
330
3BC
102
}
330
3BC
100
AcDbXrecord
280
     1
270
     1
271
     1
  0
XRECORD
  5
3BF
102
{ACAD_REACTORS
330
3BC
102
}
330
3BC
100
AcDbXrecord
280
     1
270
     1
271
     1
  0
XRECORD
  5
3C48
102
{ACAD_REACTORS
330
3B4
102
}
330
3B4
100
AcDbXrecord
280
     1
102
MATERIAL
148
0.0
149
0.0
149
0.0
 93
        0
 94
      127
282
     0
 72
     0
 77
     0
171
     0
175
     0
179
     0
273
     0
  0
XRECORD
  5
3B6
102
{ACAD_REACTORS
330
3B4
102
}
330
3B4
100
AcDbXrecord
280
     1
270
     1
271
     1
  0
XRECORD
  5
3B5
102
{ACAD_REACTORS
330
3B4
102
}
330
3B4
100
AcDbXrecord
280
     1
270
     1
271
     1
  0
XRECORD
  5
3B9
102
{ACAD_REACTORS
330
3B4
102
}
330
3B4
100
AcDbXrecord
280
     1
270
     1
271
     1
  0
XRECORD
  5
3B8
102
{ACAD_REACTORS
330
3B4
102
}
330
3B4
100
AcDbXrecord
280
     1
270
     1
271
     1
  0
XRECORD
  5
3BA
102
{ACAD_REACTORS
330
3B4
102
}
330
3B4
100
AcDbXrecord
280
     1
270
     1
271
     1
  0
XRECORD
  5
3B7
102
{ACAD_REACTORS
330
3B4
102
}
330
3B4
100
AcDbXrecord
280
     1
270
     1
271
     1
  0
XRECORD
  5
3C4A
102
{ACAD_REACTORS
330
3C4
102
}
330
3C4
100
AcDbXrecord
280
     1
102
MATERIAL
148
0.0
149
0.0
149
0.0
 93
        0
 94
      127
282
     0
 72
     0
 77
     0
171
     0
175
     0
179
     0
273
     0
  0
XRECORD
  5
3C6
102
{ACAD_REACTORS
330
3C4
102
}
330
3C4
100
AcDbXrecord
280
     1
270
     1
271
     1
  0
XRECORD
  5
3C5
102
{ACAD_REACTORS
330
3C4
102
}
330
3C4
100
AcDbXrecord
280
     1
270
     1
271
     1
  0
XRECORD
  5
3C9
102
{ACAD_REACTORS
330
3C4
102
}
330
3C4
100
AcDbXrecord
280
     1
270
     1
271
     1
  0
XRECORD
  5
3C8
102
{ACAD_REACTORS
330
3C4
102
}
330
3C4
100
AcDbXrecord
280
     1
270
     1
271
     1
  0
XRECORD
  5
3CA
102
{ACAD_REACTORS
330
3C4
102
}
330
3C4
100
AcDbXrecord
280
     1
270
     1
271
     1
  0
XRECORD
  5
3C7
102
{ACAD_REACTORS
330
3C4
102
}
330
3C4
100
AcDbXrecord
280
     1
270
     1
271
     1
  0
XRECORD
  5
40B4
102
{ACAD_REACTORS
330
40B3
102
}
330
40B3
100
AcDbXrecord
280
     1
102
DISPLAYNAME
  1
Imperial24
102
FLAGS
 90
        0
  0
CELLSTYLEMAP
  5
407F
102
{ACAD_REACTORS
330
3C44
102
}
330
3C44
100
AcDbCellStyleMap
 90
        3
300
CELLSTYLE
  1
TABLEFORMAT_BEGIN
 90
        5
170
     1
 91
        0
 92
    32768
 62
   257
 93
        1
300
CONTENTFORMAT
  1
CONTENTFORMAT_BEGIN
 90
        0
 91
        0
 92
      512
 93
        0
300

 40
0.0
140
1.0
 94
        5
 62
     0
340
3F7
144
0.25
309
CONTENTFORMAT_END
171
     1
301
MARGIN
  1
CELLMARGIN_BEGIN
 40
0.06
 40
0.06
 40
0.06
 40
0.06
 40
0.18
 40
0.18
309
CELLMARGIN_END
 94
        6
 95
        1
302
GRIDFORMAT
  1
GRIDFORMAT_BEGIN
 90
        0
 91
        1
 62
     0
 92
       -2
340
0
 93
        0
 40
0.045
309
GRIDFORMAT_END
 95
        2
302
GRIDFORMAT
  1
GRIDFORMAT_BEGIN
 90
        0
 91
        1
 62
     0
 92
       -2
340
0
 93
        0
 40
0.045
309
GRIDFORMAT_END
 95
        4
302
GRIDFORMAT
  1
GRIDFORMAT_BEGIN
 90
        0
 91
        1
 62
     0
 92
       -2
340
0
 93
        0
 40
0.045
309
GRIDFORMAT_END
 95
        8
302
GRIDFORMAT
  1
GRIDFORMAT_BEGIN
 90
        0
 91
        1
 62
     0
 92
       -2
340
0
 93
        0
 40
0.045
309
GRIDFORMAT_END
 95
       16
302
GRIDFORMAT
  1
GRIDFORMAT_BEGIN
 90
        0
 91
        1
 62
     0
 92
       -2
340
0
 93
        0
 40
0.045
309
GRIDFORMAT_END
 95
       32
302
GRIDFORMAT
  1
GRIDFORMAT_BEGIN
 90
        0
 91
        1
 62
     0
 92
       -2
340
0
 93
        0
 40
0.045
309
GRIDFORMAT_END
309
TABLEFORMAT_END
  1
CELLSTYLE_BEGIN
 90
        1
 91
        1
300
_TITLE
309
CELLSTYLE_END
300
CELLSTYLE
  1
TABLEFORMAT_BEGIN
 90
        5
170
     1
 91
        0
 92
        0
 62
   257
 93
        1
300
CONTENTFORMAT
  1
CONTENTFORMAT_BEGIN
 90
        0
 91
        0
 92
      512
 93
        0
300

 40
0.0
140
1.0
 94
        5
 62
     0
340
3F7
144
0.18
309
CONTENTFORMAT_END
171
     1
301
MARGIN
  1
CELLMARGIN_BEGIN
 40
0.06
 40
0.06
 40
0.06
 40
0.06
 40
0.18
 40
0.18
309
CELLMARGIN_END
 94
        6
 95
        1
302
GRIDFORMAT
  1
GRIDFORMAT_BEGIN
 90
        0
 91
        1
 62
     0
 92
       -2
340
0
 93
        0
 40
0.045
309
GRIDFORMAT_END
 95
        2
302
GRIDFORMAT
  1
GRIDFORMAT_BEGIN
 90
        0
 91
        1
 62
     0
 92
       -2
340
0
 93
        0
 40
0.045
309
GRIDFORMAT_END
 95
        4
302
GRIDFORMAT
  1
GRIDFORMAT_BEGIN
 90
        0
 91
        1
 62
     0
 92
       -2
340
0
 93
        0
 40
0.045
309
GRIDFORMAT_END
 95
        8
302
GRIDFORMAT
  1
GRIDFORMAT_BEGIN
 90
        0
 91
        1
 62
     0
 92
       -2
340
0
 93
        0
 40
0.045
309
GRIDFORMAT_END
 95
       16
302
GRIDFORMAT
  1
GRIDFORMAT_BEGIN
 90
        0
 91
        1
 62
     0
 92
       -2
340
0
 93
        0
 40
0.045
309
GRIDFORMAT_END
 95
       32
302
GRIDFORMAT
  1
GRIDFORMAT_BEGIN
 90
        0
 91
        1
 62
     0
 92
       -2
340
0
 93
        0
 40
0.045
309
GRIDFORMAT_END
309
TABLEFORMAT_END
  1
CELLSTYLE_BEGIN
 90
        2
 91
        1
300
_HEADER
309
CELLSTYLE_END
300
CELLSTYLE
  1
TABLEFORMAT_BEGIN
 90
        5
170
     1
 91
        0
 92
        0
 62
   257
 93
        1
300
CONTENTFORMAT
  1
CONTENTFORMAT_BEGIN
 90
        0
 91
        0
 92
      512
 93
        0
300

 40
0.0
140
1.0
 94
        2
 62
     0
340
3F7
144
0.18
309
CONTENTFORMAT_END
171
     1
301
MARGIN
  1
CELLMARGIN_BEGIN
 40
0.06
 40
0.06
 40
0.06
 40
0.06
 40
0.18
 40
0.18
309
CELLMARGIN_END
 94
        6
 95
        1
302
GRIDFORMAT
  1
GRIDFORMAT_BEGIN
 90
        0
 91
        1
 62
     0
 92
       -2
340
0
 93
        0
 40
0.045
309
GRIDFORMAT_END
 95
        2
302
GRIDFORMAT
  1
GRIDFORMAT_BEGIN
 90
        0
 91
        1
 62
     0
 92
       -2
340
0
 93
        0
 40
0.045
309
GRIDFORMAT_END
 95
        4
302
GRIDFORMAT
  1
GRIDFORMAT_BEGIN
 90
        0
 91
        1
 62
     0
 92
       -2
340
0
 93
        0
 40
0.045
309
GRIDFORMAT_END
 95
        8
302
GRIDFORMAT
  1
GRIDFORMAT_BEGIN
 90
        0
 91
        1
 62
     0
 92
       -2
340
0
 93
        0
 40
0.045
309
GRIDFORMAT_END
 95
       16
302
GRIDFORMAT
  1
GRIDFORMAT_BEGIN
 90
        0
 91
        1
 62
     0
 92
       -2
340
0
 93
        0
 40
0.045
309
GRIDFORMAT_END
 95
       32
302
GRIDFORMAT
  1
GRIDFORMAT_BEGIN
 90
        0
 91
        1
 62
     0
 92
       -2
340
0
 93
        0
 40
0.045
309
GRIDFORMAT_END
309
TABLEFORMAT_END
  1
CELLSTYLE_BEGIN
 90
        3
 91
        2
300
_DATA
309
CELLSTYLE_END
  0
XRECORD
  5
40B2
102
{ACAD_REACTORS
330
3C44
102
}
330
3C44
100
AcDbXrecord
280
     1
102
ACAD_ROUNDTRIP_PRE2007_TABLESTYLE
 90
      512
 91
        0
  1

 92
      512
 93
        0
  2

 94
      512
 95
        0
  3

  0
XRECORD
  5
408D
102
{ACAD_REACTORS
330
408C
102
}
330
408C
100
AcDbXrecord
280
     1
102
RTVSPost2010Prop28
280
     1
102
RTVSPost2010PropOp28
 70
     1
102
RTVSPost2010Prop29
280
     1
102
RTVSPost2010PropOp29
 70
     1
102
RTVSPost2010Prop30
280
     0
102
RTVSPost2010PropOp30
 70
     1
102
RTVSPost2010Prop31
280
     0
102
RTVSPost2010PropOp31
 70
     1
102
RTVSPost2010Prop32
280
     0
102
RTVSPost2010PropOp32
 70
     1
102
RTVSPost2010Prop33
280
     0
102
RTVSPost2010PropOp33
 70
     1
102
RTVSPost2010Prop34
280
     0
102
RTVSPost2010PropOp34
 70
     1
102
RTVSPost2010Prop35
280
     0
102
RTVSPost2010PropOp35
 70
     1
102
RTVSPost2010Prop36
280
     0
102
RTVSPost2010PropOp36
 70
     1
102
RTVSPost2010Prop37
 90
       50
102
RTVSPost2010PropOp37
 70
     1
102
RTVSPost2010Prop38
140
0.0
102
RTVSPost2010PropOp38
 70
     1
102
RTVSPost2010Prop39
140
1.0
102
RTVSPost2010PropOp39
 70
     1
102
RTVSPost2010Prop40
 90
        0
102
RTVSPost2010PropOp40
 70
     1
102
RTVSPost2010Prop41ColorIndex
 90
       18
102
RTVSPost2010Prop41ColorRGB
 90
        0
102
RTVSPost2010PropOp41
 70
     1
102
RTVSPost2010Prop42
 90
       50
102
RTVSPost2010PropOp42
 70
     1
102
RTVSPost2010Prop43
 90
        3
102
RTVSPost2010PropOp43
 70
     1
102
RTVSPost2010Prop44ColorIndex
 90
        5
102
RTVSPost2010Prop44ColorRGB
 90
      255
102
RTVSPost2010PropOp44
 70
     1
102
RTVSPost2010Prop45
280
     0
102
RTVSPost2010PropOp45
 70
     1
102
RTVSPost2010Prop46
 90
       50
102
RTVSPost2010PropOp46
 70
     1
102
RTVSPost2010Prop47
 90
       50
102
RTVSPost2010PropOp47
 70
     1
102
RTVSPost2010Prop48
 90
       50
102
RTVSPost2010PropOp48
 70
     1
102
RTVSPost2010Prop49
280
     0
102
RTVSPost2010PropOp49
 70
     1
102
RTVSPost2010Prop50
 90
       50
102
RTVSPost2010PropOp50
 70
     1
102
RTVSPost2010Prop51ColorIndex
 90
      256
102
RTVSPost2010Prop51ColorRGB
 90
-16777216
102
RTVSPost2010PropOp51
 70
     0
102
RTVSPost2010Prop52
140
1.0
102
RTVSPost2010PropOp52
 70
     0
102
RTVSPost2010Prop53
 90
        2
102
RTVSPost2010PropOp53
 70
     1
102
RTVSPost2010Prop54
  1
strokes_ogs.tif
102
RTVSPost2010PropOp54
 70
     1
102
RTVSPost2010Prop55
280
     0
102
RTVSPost2010PropOp55
 70
     1
102
RTVSPost2010Prop56
140
1.0
102
RTVSPost2010PropOp56
 70
     1
102
RTVSPost2010Prop57
140
1.0
102
RTVSPost2010PropOp57
 70
     1
102
RTVSPropertyOp0
 70
     1
102
RTVSPropertyOp1
 70
     1
102
RTVSPropertyOp2
 70
     1
102
RTVSPropertyOp3
 70
     1
102
RTVSPropertyOp4
 70
     1
102
RTVSPropertyOp5
 70
     1
102
RTVSPropertyOp6
 70
     1
102
RTVSPropertyOp7
 70
     1
102
RTVSPropertyOp8
 70
     1
102
RTVSPropertyOp9
 70
     1
102
RTVSPropertyOp10
 70
     1
102
RTVSPropertyOp11
 70
     1
102
RTVSPropertyOp12
 70
     1
102
RTVSPropertyOp13
 70
     1
102
RTVSPropertyOp14
 70
     1
102
RTVSPropertyOp15
 70
     1
102
RTVSPropertyOp16
 70
     1
102
RTVSPropertyOp17
 70
     1
102
RTVSPropertyOp18
 70
     1
102
RTVSPropertyOp19
 70
     1
102
RTVSPropertyOp20
 70
     1
102
RTVSPropertyOp21
 70
     1
102
RTVSPropertyOp22
 70
     1
102
RTVSPropertyOp23
 70
     1
102
RTVSPropertyOp24
 70
     1
102
RTVSPropertyOp25
 70
     1
102
RTVSPropertyOp26
 70
     1
102
RTVSPropertyOp27
 70
     1
102
RTVSPropertyOp28
 70
     1
102
RTVSPropertyOp29
 70
     1
102
RTVSPropertyOp30
 70
     1
102
RTVSPropertyOp31
 70
     1
102
RTVSPropertyOp32
 70
     1
102
RTVSPropertyOp33
 70
     1
102
RTVSPropertyOp34
 70
     1
102
RTVSPropertyOp35
 70
     1
102
RTVSPropertyOp36
 70
     1
102
RTVSPropertyOp37
 70
     1
102
RTVSPropertyOp38
 70
     1
102
RTVSPropertyOp39
 70
     1
102
RTVSPropertyOp40
 70
     1
102
RTVSPropertyOp41
 70
     1
102
RTVSPropertyOp42
 70
     1
102
RTVSPropertyOp43
 70
     1
102
RTVSPropertyOp44
 70
     1
102
RTVSPropertyOp45
 70
     1
102
RTVSPropertyOp46
 70
     1
102
RTVSPropertyOp47
 70
     1
102
RTVSPropertyOp48
 70
     1
102
RTVSPropertyOp49
 70
     1
102
RTVSPropertyOp50
 70
     1
102
RTVSPropertyOp51
 70
     0
102
RTVSPropertyOp52
 70
     0
102
RTVSPropertyOp53
 70
     1
102
RTVSPropertyOp54
 70
     1
102
RTVSPropertyOp55
 70
     1
102
RTVSPropertyOp56
 70
     1
102
RTVSPropertyOp57
 70
     1
102
RTVSPropertyOp58
 70
     1
102
RTVSPropertyOp59
 70
     1
102
RTVSPropertyOp60
 70
     1
102
RTVSPropertyOp61
 70
     1
102
RTVSPropertyOp62
 70
     1
  0
XRECORD
  5
408B
102
{ACAD_REACTORS
330
408A
102
}
330
408A
100
AcDbXrecord
280
     1
102
RTVSPost2010Prop28
280
     0
102
RTVSPost2010PropOp28
 70
     1
102
RTVSPost2010Prop29
280
     1
102
RTVSPost2010PropOp29
 70
     1
102
RTVSPost2010Prop30
280
     1
102
RTVSPost2010PropOp30
 70
     1
102
RTVSPost2010Prop31
280
     0
102
RTVSPost2010PropOp31
 70
     1
102
RTVSPost2010Prop32
280
     0
102
RTVSPost2010PropOp32
 70
     1
102
RTVSPost2010Prop33
280
     0
102
RTVSPost2010PropOp33
 70
     1
102
RTVSPost2010Prop34
280
     0
102
RTVSPost2010PropOp34
 70
     1
102
RTVSPost2010Prop35
280
     0
102
RTVSPost2010PropOp35
 70
     1
102
RTVSPost2010Prop36
280
     0
102
RTVSPost2010PropOp36
 70
     1
102
RTVSPost2010Prop37
 90
       50
102
RTVSPost2010PropOp37
 70
     1
102
RTVSPost2010Prop38
140
0.0
102
RTVSPost2010PropOp38
 70
     1
102
RTVSPost2010Prop39
140
1.0
102
RTVSPost2010PropOp39
 70
     1
102
RTVSPost2010Prop40
 90
        0
102
RTVSPost2010PropOp40
 70
     1
102
RTVSPost2010Prop41ColorIndex
 90
       18
102
RTVSPost2010Prop41ColorRGB
 90
        0
102
RTVSPost2010PropOp41
 70
     1
102
RTVSPost2010Prop42
 90
       50
102
RTVSPost2010PropOp42
 70
     1
102
RTVSPost2010Prop43
 90
        3
102
RTVSPost2010PropOp43
 70
     1
102
RTVSPost2010Prop44ColorIndex
 90
        5
102
RTVSPost2010Prop44ColorRGB
 90
      255
102
RTVSPost2010PropOp44
 70
     1
102
RTVSPost2010Prop45
280
     0
102
RTVSPost2010PropOp45
 70
     1
102
RTVSPost2010Prop46
 90
       50
102
RTVSPost2010PropOp46
 70
     1
102
RTVSPost2010Prop47
 90
       50
102
RTVSPost2010PropOp47
 70
     1
102
RTVSPost2010Prop48
 90
       50
102
RTVSPost2010PropOp48
 70
     1
102
RTVSPost2010Prop49
280
     0
102
RTVSPost2010PropOp49
 70
     1
102
RTVSPost2010Prop50
 90
       50
102
RTVSPost2010PropOp50
 70
     1
102
RTVSPost2010Prop51ColorIndex
 90
      256
102
RTVSPost2010Prop51ColorRGB
 90
-16777216
102
RTVSPost2010PropOp51
 70
     0
102
RTVSPost2010Prop52
140
1.0
102
RTVSPost2010PropOp52
 70
     0
102
RTVSPost2010Prop53
 90
        2
102
RTVSPost2010PropOp53
 70
     1
102
RTVSPost2010Prop54
  1
strokes_ogs.tif
102
RTVSPost2010PropOp54
 70
     1
102
RTVSPost2010Prop55
280
     0
102
RTVSPost2010PropOp55
 70
     1
102
RTVSPost2010Prop56
140
1.0
102
RTVSPost2010PropOp56
 70
     1
102
RTVSPost2010Prop57
140
1.0
102
RTVSPost2010PropOp57
 70
     1
102
RTVSPropertyOp0
 70
     1
102
RTVSPropertyOp1
 70
     1
102
RTVSPropertyOp2
 70
     1
102
RTVSPropertyOp3
 70
     1
102
RTVSPropertyOp4
 70
     1
102
RTVSPropertyOp5
 70
     1
102
RTVSPropertyOp6
 70
     1
102
RTVSPropertyOp7
 70
     1
102
RTVSPropertyOp8
 70
     1
102
RTVSPropertyOp9
 70
     1
102
RTVSPropertyOp10
 70
     1
102
RTVSPropertyOp11
 70
     1
102
RTVSPropertyOp12
 70
     1
102
RTVSPropertyOp13
 70
     1
102
RTVSPropertyOp14
 70
     1
102
RTVSPropertyOp15
 70
     1
102
RTVSPropertyOp16
 70
     1
102
RTVSPropertyOp17
 70
     1
102
RTVSPropertyOp18
 70
     1
102
RTVSPropertyOp19
 70
     1
102
RTVSPropertyOp20
 70
     1
102
RTVSPropertyOp21
 70
     1
102
RTVSPropertyOp22
 70
     1
102
RTVSPropertyOp23
 70
     1
102
RTVSPropertyOp24
 70
     1
102
RTVSPropertyOp25
 70
     1
102
RTVSPropertyOp26
 70
     1
102
RTVSPropertyOp27
 70
     1
102
RTVSPropertyOp28
 70
     1
102
RTVSPropertyOp29
 70
     1
102
RTVSPropertyOp30
 70
     1
102
RTVSPropertyOp31
 70
     1
102
RTVSPropertyOp32
 70
     1
102
RTVSPropertyOp33
 70
     1
102
RTVSPropertyOp34
 70
     1
102
RTVSPropertyOp35
 70
     1
102
RTVSPropertyOp36
 70
     1
102
RTVSPropertyOp37
 70
     1
102
RTVSPropertyOp38
 70
     1
102
RTVSPropertyOp39
 70
     1
102
RTVSPropertyOp40
 70
     1
102
RTVSPropertyOp41
 70
     1
102
RTVSPropertyOp42
 70
     1
102
RTVSPropertyOp43
 70
     1
102
RTVSPropertyOp44
 70
     1
102
RTVSPropertyOp45
 70
     1
102
RTVSPropertyOp46
 70
     1
102
RTVSPropertyOp47
 70
     1
102
RTVSPropertyOp48
 70
     1
102
RTVSPropertyOp49
 70
     1
102
RTVSPropertyOp50
 70
     1
102
RTVSPropertyOp51
 70
     0
102
RTVSPropertyOp52
 70
     0
102
RTVSPropertyOp53
 70
     1
102
RTVSPropertyOp54
 70
     1
102
RTVSPropertyOp55
 70
     1
102
RTVSPropertyOp56
 70
     1
102
RTVSPropertyOp57
 70
     1
102
RTVSPropertyOp58
 70
     1
102
RTVSPropertyOp59
 70
     1
102
RTVSPropertyOp60
 70
     1
102
RTVSPropertyOp61
 70
     1
102
RTVSPropertyOp62
 70
     1
  0
XRECORD
  5
4099
102
{ACAD_REACTORS
330
4098
102
}
330
4098
100
AcDbXrecord
280
     1
102
RTVSPost2010Prop28
280
     0
102
RTVSPost2010PropOp28
 70
     1
102
RTVSPost2010Prop29
280
     1
102
RTVSPost2010PropOp29
 70
     1
102
RTVSPost2010Prop30
280
     1
102
RTVSPost2010PropOp30
 70
     1
102
RTVSPost2010Prop31
280
     0
102
RTVSPost2010PropOp31
 70
     1
102
RTVSPost2010Prop32
280
     0
102
RTVSPost2010PropOp32
 70
     1
102
RTVSPost2010Prop33
280
     0
102
RTVSPost2010PropOp33
 70
     1
102
RTVSPost2010Prop34
280
     0
102
RTVSPost2010PropOp34
 70
     1
102
RTVSPost2010Prop35
280
     0
102
RTVSPost2010PropOp35
 70
     1
102
RTVSPost2010Prop36
280
     0
102
RTVSPost2010PropOp36
 70
     1
102
RTVSPost2010Prop37
 90
       50
102
RTVSPost2010PropOp37
 70
     1
102
RTVSPost2010Prop38
140
0.0
102
RTVSPost2010PropOp38
 70
     1
102
RTVSPost2010Prop39
140
1.0
102
RTVSPost2010PropOp39
 70
     1
102
RTVSPost2010Prop40
 90
        0
102
RTVSPost2010PropOp40
 70
     1
102
RTVSPost2010Prop41ColorIndex
 90
       18
102
RTVSPost2010Prop41ColorRGB
 90
        0
102
RTVSPost2010PropOp41
 70
     1
102
RTVSPost2010Prop42
 90
       50
102
RTVSPost2010PropOp42
 70
     1
102
RTVSPost2010Prop43
 90
        3
102
RTVSPost2010PropOp43
 70
     1
102
RTVSPost2010Prop44ColorIndex
 90
        5
102
RTVSPost2010Prop44ColorRGB
 90
      255
102
RTVSPost2010PropOp44
 70
     1
102
RTVSPost2010Prop45
280
     0
102
RTVSPost2010PropOp45
 70
     1
102
RTVSPost2010Prop46
 90
       50
102
RTVSPost2010PropOp46
 70
     1
102
RTVSPost2010Prop47
 90
       50
102
RTVSPost2010PropOp47
 70
     1
102
RTVSPost2010Prop48
 90
       50
102
RTVSPost2010PropOp48
 70
     1
102
RTVSPost2010Prop49
280
     0
102
RTVSPost2010PropOp49
 70
     1
102
RTVSPost2010Prop50
 90
       50
102
RTVSPost2010PropOp50
 70
     1
102
RTVSPost2010Prop51ColorIndex
 90
      256
102
RTVSPost2010Prop51ColorRGB
 90
-16777216
102
RTVSPost2010PropOp51
 70
     0
102
RTVSPost2010Prop52
140
1.0
102
RTVSPost2010PropOp52
 70
     0
102
RTVSPost2010Prop53
 90
        2
102
RTVSPost2010PropOp53
 70
     1
102
RTVSPost2010Prop54
  1
strokes_ogs.tif
102
RTVSPost2010PropOp54
 70
     1
102
RTVSPost2010Prop55
280
     0
102
RTVSPost2010PropOp55
 70
     1
102
RTVSPost2010Prop56
140
1.0
102
RTVSPost2010PropOp56
 70
     1
102
RTVSPost2010Prop57
140
1.0
102
RTVSPost2010PropOp57
 70
     1
102
RTVSPropertyOp0
 70
     1
102
RTVSPropertyOp1
 70
     1
102
RTVSPropertyOp2
 70
     1
102
RTVSPropertyOp3
 70
     1
102
RTVSPropertyOp4
 70
     1
102
RTVSPropertyOp5
 70
     1
102
RTVSPropertyOp6
 70
     1
102
RTVSPropertyOp7
 70
     1
102
RTVSPropertyOp8
 70
     1
102
RTVSPropertyOp9
 70
     1
102
RTVSPropertyOp10
 70
     1
102
RTVSPropertyOp11
 70
     1
102
RTVSPropertyOp12
 70
     1
102
RTVSPropertyOp13
 70
     1
102
RTVSPropertyOp14
 70
     1
102
RTVSPropertyOp15
 70
     1
102
RTVSPropertyOp16
 70
     1
102
RTVSPropertyOp17
 70
     1
102
RTVSPropertyOp18
 70
     1
102
RTVSPropertyOp19
 70
     1
102
RTVSPropertyOp20
 70
     1
102
RTVSPropertyOp21
 70
     1
102
RTVSPropertyOp22
 70
     1
102
RTVSPropertyOp23
 70
     1
102
RTVSPropertyOp24
 70
     1
102
RTVSPropertyOp25
 70
     1
102
RTVSPropertyOp26
 70
     1
102
RTVSPropertyOp27
 70
     1
102
RTVSPropertyOp28
 70
     1
102
RTVSPropertyOp29
 70
     1
102
RTVSPropertyOp30
 70
     1
102
RTVSPropertyOp31
 70
     1
102
RTVSPropertyOp32
 70
     1
102
RTVSPropertyOp33
 70
     1
102
RTVSPropertyOp34
 70
     1
102
RTVSPropertyOp35
 70
     1
102
RTVSPropertyOp36
 70
     1
102
RTVSPropertyOp37
 70
     1
102
RTVSPropertyOp38
 70
     1
102
RTVSPropertyOp39
 70
     1
102
RTVSPropertyOp40
 70
     1
102
RTVSPropertyOp41
 70
     1
102
RTVSPropertyOp42
 70
     1
102
RTVSPropertyOp43
 70
     1
102
RTVSPropertyOp44
 70
     1
102
RTVSPropertyOp45
 70
     1
102
RTVSPropertyOp46
 70
     1
102
RTVSPropertyOp47
 70
     1
102
RTVSPropertyOp48
 70
     1
102
RTVSPropertyOp49
 70
     1
102
RTVSPropertyOp50
 70
     1
102
RTVSPropertyOp51
 70
     0
102
RTVSPropertyOp52
 70
     0
102
RTVSPropertyOp53
 70
     1
102
RTVSPropertyOp54
 70
     1
102
RTVSPropertyOp55
 70
     1
102
RTVSPropertyOp56
 70
     1
102
RTVSPropertyOp57
 70
     1
102
RTVSPropertyOp58
 70
     1
102
RTVSPropertyOp59
 70
     1
102
RTVSPropertyOp60
 70
     1
102
RTVSPropertyOp61
 70
     1
102
RTVSPropertyOp62
 70
     1
  0
XRECORD
  5
40A1
102
{ACAD_REACTORS
330
40A0
102
}
330
40A0
100
AcDbXrecord
280
     1
102
RTVSPost2010Prop28
280
     0
102
RTVSPost2010PropOp28
 70
     1
102
RTVSPost2010Prop29
280
     1
102
RTVSPost2010PropOp29
 70
     1
102
RTVSPost2010Prop30
280
     1
102
RTVSPost2010PropOp30
 70
     1
102
RTVSPost2010Prop31
280
     0
102
RTVSPost2010PropOp31
 70
     1
102
RTVSPost2010Prop32
280
     0
102
RTVSPost2010PropOp32
 70
     1
102
RTVSPost2010Prop33
280
     0
102
RTVSPost2010PropOp33
 70
     1
102
RTVSPost2010Prop34
280
     0
102
RTVSPost2010PropOp34
 70
     1
102
RTVSPost2010Prop35
280
     0
102
RTVSPost2010PropOp35
 70
     1
102
RTVSPost2010Prop36
280
     0
102
RTVSPost2010PropOp36
 70
     1
102
RTVSPost2010Prop37
 90
       50
102
RTVSPost2010PropOp37
 70
     1
102
RTVSPost2010Prop38
140
0.0
102
RTVSPost2010PropOp38
 70
     1
102
RTVSPost2010Prop39
140
1.0
102
RTVSPost2010PropOp39
 70
     1
102
RTVSPost2010Prop40
 90
        0
102
RTVSPost2010PropOp40
 70
     1
102
RTVSPost2010Prop41ColorIndex
 90
       18
102
RTVSPost2010Prop41ColorRGB
 90
        0
102
RTVSPost2010PropOp41
 70
     1
102
RTVSPost2010Prop42
 90
       50
102
RTVSPost2010PropOp42
 70
     1
102
RTVSPost2010Prop43
 90
        3
102
RTVSPost2010PropOp43
 70
     1
102
RTVSPost2010Prop44ColorIndex
 90
        5
102
RTVSPost2010Prop44ColorRGB
 90
      255
102
RTVSPost2010PropOp44
 70
     1
102
RTVSPost2010Prop45
280
     0
102
RTVSPost2010PropOp45
 70
     1
102
RTVSPost2010Prop46
 90
       50
102
RTVSPost2010PropOp46
 70
     1
102
RTVSPost2010Prop47
 90
       50
102
RTVSPost2010PropOp47
 70
     1
102
RTVSPost2010Prop48
 90
       50
102
RTVSPost2010PropOp48
 70
     1
102
RTVSPost2010Prop49
280
     0
102
RTVSPost2010PropOp49
 70
     1
102
RTVSPost2010Prop50
 90
       50
102
RTVSPost2010PropOp50
 70
     1
102
RTVSPost2010Prop51ColorIndex
 90
      256
102
RTVSPost2010Prop51ColorRGB
 90
-16777216
102
RTVSPost2010PropOp51
 70
     0
102
RTVSPost2010Prop52
140
1.0
102
RTVSPost2010PropOp52
 70
     0
102
RTVSPost2010Prop53
 90
        2
102
RTVSPost2010PropOp53
 70
     1
102
RTVSPost2010Prop54
  1
strokes_ogs.tif
102
RTVSPost2010PropOp54
 70
     1
102
RTVSPost2010Prop55
280
     0
102
RTVSPost2010PropOp55
 70
     1
102
RTVSPost2010Prop56
140
1.0
102
RTVSPost2010PropOp56
 70
     1
102
RTVSPost2010Prop57
140
1.0
102
RTVSPost2010PropOp57
 70
     1
102
RTVSPropertyOp0
 70
     1
102
RTVSPropertyOp1
 70
     1
102
RTVSPropertyOp2
 70
     1
102
RTVSPropertyOp3
 70
     1
102
RTVSPropertyOp4
 70
     1
102
RTVSPropertyOp5
 70
     1
102
RTVSPropertyOp6
 70
     1
102
RTVSPropertyOp7
 70
     1
102
RTVSPropertyOp8
 70
     1
102
RTVSPropertyOp9
 70
     1
102
RTVSPropertyOp10
 70
     1
102
RTVSPropertyOp11
 70
     1
102
RTVSPropertyOp12
 70
     1
102
RTVSPropertyOp13
 70
     1
102
RTVSPropertyOp14
 70
     1
102
RTVSPropertyOp15
 70
     1
102
RTVSPropertyOp16
 70
     1
102
RTVSPropertyOp17
 70
     1
102
RTVSPropertyOp18
 70
     1
102
RTVSPropertyOp19
 70
     1
102
RTVSPropertyOp20
 70
     1
102
RTVSPropertyOp21
 70
     1
102
RTVSPropertyOp22
 70
     1
102
RTVSPropertyOp23
 70
     1
102
RTVSPropertyOp24
 70
     1
102
RTVSPropertyOp25
 70
     1
102
RTVSPropertyOp26
 70
     1
102
RTVSPropertyOp27
 70
     1
102
RTVSPropertyOp28
 70
     1
102
RTVSPropertyOp29
 70
     1
102
RTVSPropertyOp30
 70
     1
102
RTVSPropertyOp31
 70
     1
102
RTVSPropertyOp32
 70
     1
102
RTVSPropertyOp33
 70
     1
102
RTVSPropertyOp34
 70
     1
102
RTVSPropertyOp35
 70
     1
102
RTVSPropertyOp36
 70
     1
102
RTVSPropertyOp37
 70
     1
102
RTVSPropertyOp38
 70
     1
102
RTVSPropertyOp39
 70
     1
102
RTVSPropertyOp40
 70
     1
102
RTVSPropertyOp41
 70
     1
102
RTVSPropertyOp42
 70
     1
102
RTVSPropertyOp43
 70
     1
102
RTVSPropertyOp44
 70
     1
102
RTVSPropertyOp45
 70
     1
102
RTVSPropertyOp46
 70
     1
102
RTVSPropertyOp47
 70
     1
102
RTVSPropertyOp48
 70
     1
102
RTVSPropertyOp49
 70
     1
102
RTVSPropertyOp50
 70
     1
102
RTVSPropertyOp51
 70
     0
102
RTVSPropertyOp52
 70
     0
102
RTVSPropertyOp53
 70
     1
102
RTVSPropertyOp54
 70
     1
102
RTVSPropertyOp55
 70
     1
102
RTVSPropertyOp56
 70
     1
102
RTVSPropertyOp57
 70
     1
102
RTVSPropertyOp58
 70
     1
102
RTVSPropertyOp59
 70
     1
102
RTVSPropertyOp60
 70
     1
102
RTVSPropertyOp61
 70
     1
102
RTVSPropertyOp62
 70
     1
  0
XRECORD
  5
4093
102
{ACAD_REACTORS
330
4092
102
}
330
4092
100
AcDbXrecord
280
     1
102
RTVSPost2010Prop28
280
     0
102
RTVSPost2010PropOp28
 70
     1
102
RTVSPost2010Prop29
280
     1
102
RTVSPost2010PropOp29
 70
     1
102
RTVSPost2010Prop30
280
     1
102
RTVSPost2010PropOp30
 70
     1
102
RTVSPost2010Prop31
280
     0
102
RTVSPost2010PropOp31
 70
     1
102
RTVSPost2010Prop32
280
     0
102
RTVSPost2010PropOp32
 70
     1
102
RTVSPost2010Prop33
280
     0
102
RTVSPost2010PropOp33
 70
     1
102
RTVSPost2010Prop34
280
     0
102
RTVSPost2010PropOp34
 70
     1
102
RTVSPost2010Prop35
280
     0
102
RTVSPost2010PropOp35
 70
     1
102
RTVSPost2010Prop36
280
     0
102
RTVSPost2010PropOp36
 70
     1
102
RTVSPost2010Prop37
 90
       50
102
RTVSPost2010PropOp37
 70
     1
102
RTVSPost2010Prop38
140
0.0
102
RTVSPost2010PropOp38
 70
     1
102
RTVSPost2010Prop39
140
1.0
102
RTVSPost2010PropOp39
 70
     1
102
RTVSPost2010Prop40
 90
        0
102
RTVSPost2010PropOp40
 70
     1
102
RTVSPost2010Prop41ColorIndex
 90
       18
102
RTVSPost2010Prop41ColorRGB
 90
        0
102
RTVSPost2010PropOp41
 70
     1
102
RTVSPost2010Prop42
 90
       50
102
RTVSPost2010PropOp42
 70
     1
102
RTVSPost2010Prop43
 90
        3
102
RTVSPost2010PropOp43
 70
     1
102
RTVSPost2010Prop44ColorIndex
 90
        5
102
RTVSPost2010Prop44ColorRGB
 90
      255
102
RTVSPost2010PropOp44
 70
     1
102
RTVSPost2010Prop45
280
     0
102
RTVSPost2010PropOp45
 70
     1
102
RTVSPost2010Prop46
 90
       50
102
RTVSPost2010PropOp46
 70
     1
102
RTVSPost2010Prop47
 90
       50
102
RTVSPost2010PropOp47
 70
     1
102
RTVSPost2010Prop48
 90
       50
102
RTVSPost2010PropOp48
 70
     1
102
RTVSPost2010Prop49
280
     0
102
RTVSPost2010PropOp49
 70
     1
102
RTVSPost2010Prop50
 90
       50
102
RTVSPost2010PropOp50
 70
     1
102
RTVSPost2010Prop51ColorIndex
 90
      256
102
RTVSPost2010Prop51ColorRGB
 90
-16777216
102
RTVSPost2010PropOp51
 70
     0
102
RTVSPost2010Prop52
140
1.0
102
RTVSPost2010PropOp52
 70
     0
102
RTVSPost2010Prop53
 90
        2
102
RTVSPost2010PropOp53
 70
     1
102
RTVSPost2010Prop54
  1
strokes_ogs.tif
102
RTVSPost2010PropOp54
 70
     1
102
RTVSPost2010Prop55
280
     0
102
RTVSPost2010PropOp55
 70
     1
102
RTVSPost2010Prop56
140
1.0
102
RTVSPost2010PropOp56
 70
     1
102
RTVSPost2010Prop57
140
1.0
102
RTVSPost2010PropOp57
 70
     1
102
RTVSPropertyOp0
 70
     1
102
RTVSPropertyOp1
 70
     1
102
RTVSPropertyOp2
 70
     1
102
RTVSPropertyOp3
 70
     1
102
RTVSPropertyOp4
 70
     1
102
RTVSPropertyOp5
 70
     1
102
RTVSPropertyOp6
 70
     1
102
RTVSPropertyOp7
 70
     1
102
RTVSPropertyOp8
 70
     1
102
RTVSPropertyOp9
 70
     1
102
RTVSPropertyOp10
 70
     1
102
RTVSPropertyOp11
 70
     1
102
RTVSPropertyOp12
 70
     1
102
RTVSPropertyOp13
 70
     1
102
RTVSPropertyOp14
 70
     1
102
RTVSPropertyOp15
 70
     1
102
RTVSPropertyOp16
 70
     1
102
RTVSPropertyOp17
 70
     1
102
RTVSPropertyOp18
 70
     1
102
RTVSPropertyOp19
 70
     1
102
RTVSPropertyOp20
 70
     1
102
RTVSPropertyOp21
 70
     1
102
RTVSPropertyOp22
 70
     1
102
RTVSPropertyOp23
 70
     1
102
RTVSPropertyOp24
 70
     1
102
RTVSPropertyOp25
 70
     1
102
RTVSPropertyOp26
 70
     1
102
RTVSPropertyOp27
 70
     1
102
RTVSPropertyOp28
 70
     1
102
RTVSPropertyOp29
 70
     1
102
RTVSPropertyOp30
 70
     1
102
RTVSPropertyOp31
 70
     1
102
RTVSPropertyOp32
 70
     1
102
RTVSPropertyOp33
 70
     1
102
RTVSPropertyOp34
 70
     1
102
RTVSPropertyOp35
 70
     1
102
RTVSPropertyOp36
 70
     1
102
RTVSPropertyOp37
 70
     1
102
RTVSPropertyOp38
 70
     1
102
RTVSPropertyOp39
 70
     1
102
RTVSPropertyOp40
 70
     1
102
RTVSPropertyOp41
 70
     1
102
RTVSPropertyOp42
 70
     1
102
RTVSPropertyOp43
 70
     1
102
RTVSPropertyOp44
 70
     1
102
RTVSPropertyOp45
 70
     1
102
RTVSPropertyOp46
 70
     1
102
RTVSPropertyOp47
 70
     1
102
RTVSPropertyOp48
 70
     1
102
RTVSPropertyOp49
 70
     1
102
RTVSPropertyOp50
 70
     1
102
RTVSPropertyOp51
 70
     0
102
RTVSPropertyOp52
 70
     0
102
RTVSPropertyOp53
 70
     1
102
RTVSPropertyOp54
 70
     1
102
RTVSPropertyOp55
 70
     1
102
RTVSPropertyOp56
 70
     1
102
RTVSPropertyOp57
 70
     1
102
RTVSPropertyOp58
 70
     1
102
RTVSPropertyOp59
 70
     1
102
RTVSPropertyOp60
 70
     1
102
RTVSPropertyOp61
 70
     1
102
RTVSPropertyOp62
 70
     1
  0
XRECORD
  5
4097
102
{ACAD_REACTORS
330
4096
102
}
330
4096
100
AcDbXrecord
280
     1
102
RTVSPost2010Prop28
280
     0
102
RTVSPost2010PropOp28
 70
     1
102
RTVSPost2010Prop29
280
     1
102
RTVSPost2010PropOp29
 70
     1
102
RTVSPost2010Prop30
280
     1
102
RTVSPost2010PropOp30
 70
     1
102
RTVSPost2010Prop31
280
     0
102
RTVSPost2010PropOp31
 70
     1
102
RTVSPost2010Prop32
280
     0
102
RTVSPost2010PropOp32
 70
     1
102
RTVSPost2010Prop33
280
     0
102
RTVSPost2010PropOp33
 70
     1
102
RTVSPost2010Prop34
280
     0
102
RTVSPost2010PropOp34
 70
     1
102
RTVSPost2010Prop35
280
     0
102
RTVSPost2010PropOp35
 70
     1
102
RTVSPost2010Prop36
280
     0
102
RTVSPost2010PropOp36
 70
     1
102
RTVSPost2010Prop37
 90
       50
102
RTVSPost2010PropOp37
 70
     1
102
RTVSPost2010Prop38
140
0.0
102
RTVSPost2010PropOp38
 70
     1
102
RTVSPost2010Prop39
140
1.0
102
RTVSPost2010PropOp39
 70
     1
102
RTVSPost2010Prop40
 90
        0
102
RTVSPost2010PropOp40
 70
     1
102
RTVSPost2010Prop41ColorIndex
 90
       18
102
RTVSPost2010Prop41ColorRGB
 90
        0
102
RTVSPost2010PropOp41
 70
     1
102
RTVSPost2010Prop42
 90
       50
102
RTVSPost2010PropOp42
 70
     1
102
RTVSPost2010Prop43
 90
        3
102
RTVSPost2010PropOp43
 70
     1
102
RTVSPost2010Prop44ColorIndex
 90
        5
102
RTVSPost2010Prop44ColorRGB
 90
      255
102
RTVSPost2010PropOp44
 70
     1
102
RTVSPost2010Prop45
280
     0
102
RTVSPost2010PropOp45
 70
     1
102
RTVSPost2010Prop46
 90
       50
102
RTVSPost2010PropOp46
 70
     1
102
RTVSPost2010Prop47
 90
       50
102
RTVSPost2010PropOp47
 70
     1
102
RTVSPost2010Prop48
 90
       50
102
RTVSPost2010PropOp48
 70
     1
102
RTVSPost2010Prop49
280
     0
102
RTVSPost2010PropOp49
 70
     1
102
RTVSPost2010Prop50
 90
       50
102
RTVSPost2010PropOp50
 70
     1
102
RTVSPost2010Prop51ColorIndex
 90
      256
102
RTVSPost2010Prop51ColorRGB
 90
-16777216
102
RTVSPost2010PropOp51
 70
     0
102
RTVSPost2010Prop52
140
1.0
102
RTVSPost2010PropOp52
 70
     0
102
RTVSPost2010Prop53
 90
        2
102
RTVSPost2010PropOp53
 70
     1
102
RTVSPost2010Prop54
  1
strokes_ogs.tif
102
RTVSPost2010PropOp54
 70
     1
102
RTVSPost2010Prop55
280
     0
102
RTVSPost2010PropOp55
 70
     1
102
RTVSPost2010Prop56
140
1.0
102
RTVSPost2010PropOp56
 70
     1
102
RTVSPost2010Prop57
140
1.0
102
RTVSPost2010PropOp57
 70
     1
102
RTVSPropertyOp0
 70
     1
102
RTVSPropertyOp1
 70
     1
102
RTVSPropertyOp2
 70
     1
102
RTVSPropertyOp3
 70
     1
102
RTVSPropertyOp4
 70
     1
102
RTVSPropertyOp5
 70
     1
102
RTVSPropertyOp6
 70
     1
102
RTVSPropertyOp7
 70
     1
102
RTVSPropertyOp8
 70
     1
102
RTVSPropertyOp9
 70
     1
102
RTVSPropertyOp10
 70
     1
102
RTVSPropertyOp11
 70
     1
102
RTVSPropertyOp12
 70
     1
102
RTVSPropertyOp13
 70
     1
102
RTVSPropertyOp14
 70
     1
102
RTVSPropertyOp15
 70
     1
102
RTVSPropertyOp16
 70
     1
102
RTVSPropertyOp17
 70
     1
102
RTVSPropertyOp18
 70
     1
102
RTVSPropertyOp19
 70
     1
102
RTVSPropertyOp20
 70
     1
102
RTVSPropertyOp21
 70
     1
102
RTVSPropertyOp22
 70
     1
102
RTVSPropertyOp23
 70
     1
102
RTVSPropertyOp24
 70
     1
102
RTVSPropertyOp25
 70
     1
102
RTVSPropertyOp26
 70
     1
102
RTVSPropertyOp27
 70
     1
102
RTVSPropertyOp28
 70
     1
102
RTVSPropertyOp29
 70
     1
102
RTVSPropertyOp30
 70
     1
102
RTVSPropertyOp31
 70
     1
102
RTVSPropertyOp32
 70
     1
102
RTVSPropertyOp33
 70
     1
102
RTVSPropertyOp34
 70
     1
102
RTVSPropertyOp35
 70
     1
102
RTVSPropertyOp36
 70
     1
102
RTVSPropertyOp37
 70
     1
102
RTVSPropertyOp38
 70
     1
102
RTVSPropertyOp39
 70
     1
102
RTVSPropertyOp40
 70
     1
102
RTVSPropertyOp41
 70
     1
102
RTVSPropertyOp42
 70
     1
102
RTVSPropertyOp43
 70
     1
102
RTVSPropertyOp44
 70
     1
102
RTVSPropertyOp45
 70
     1
102
RTVSPropertyOp46
 70
     1
102
RTVSPropertyOp47
 70
     1
102
RTVSPropertyOp48
 70
     1
102
RTVSPropertyOp49
 70
     1
102
RTVSPropertyOp50
 70
     1
102
RTVSPropertyOp51
 70
     0
102
RTVSPropertyOp52
 70
     0
102
RTVSPropertyOp53
 70
     1
102
RTVSPropertyOp54
 70
     1
102
RTVSPropertyOp55
 70
     1
102
RTVSPropertyOp56
 70
     1
102
RTVSPropertyOp57
 70
     1
102
RTVSPropertyOp58
 70
     1
102
RTVSPropertyOp59
 70
     1
102
RTVSPropertyOp60
 70
     1
102
RTVSPropertyOp61
 70
     1
102
RTVSPropertyOp62
 70
     1
  0
XRECORD
  5
40B1
102
{ACAD_REACTORS
330
40B0
102
}
330
40B0
100
AcDbXrecord
280
     1
102
RTVSPost2010Prop28
280
     0
102
RTVSPost2010PropOp28
 70
     1
102
RTVSPost2010Prop29
280
     1
102
RTVSPost2010PropOp29
 70
     1
102
RTVSPost2010Prop30
280
     1
102
RTVSPost2010PropOp30
 70
     1
102
RTVSPost2010Prop31
280
     0
102
RTVSPost2010PropOp31
 70
     1
102
RTVSPost2010Prop32
280
     0
102
RTVSPost2010PropOp32
 70
     1
102
RTVSPost2010Prop33
280
     0
102
RTVSPost2010PropOp33
 70
     1
102
RTVSPost2010Prop34
280
     0
102
RTVSPost2010PropOp34
 70
     1
102
RTVSPost2010Prop35
280
     0
102
RTVSPost2010PropOp35
 70
     1
102
RTVSPost2010Prop36
280
     0
102
RTVSPost2010PropOp36
 70
     1
102
RTVSPost2010Prop37
 90
       50
102
RTVSPost2010PropOp37
 70
     0
102
RTVSPost2010Prop38
140
0.0
102
RTVSPost2010PropOp38
 70
     0
102
RTVSPost2010Prop39
140
1.0
102
RTVSPost2010PropOp39
 70
     0
102
RTVSPost2010Prop40
 90
        0
102
RTVSPost2010PropOp40
 70
     0
102
RTVSPost2010Prop41ColorIndex
 90
       18
102
RTVSPost2010Prop41ColorRGB
 90
        0
102
RTVSPost2010PropOp41
 70
     0
102
RTVSPost2010Prop42
 90
       50
102
RTVSPost2010PropOp42
 70
     0
102
RTVSPost2010Prop43
 90
        3
102
RTVSPost2010PropOp43
 70
     0
102
RTVSPost2010Prop44ColorIndex
 90
        5
102
RTVSPost2010Prop44ColorRGB
 90
      255
102
RTVSPost2010PropOp44
 70
     0
102
RTVSPost2010Prop45
280
     0
102
RTVSPost2010PropOp45
 70
     1
102
RTVSPost2010Prop46
 90
       50
102
RTVSPost2010PropOp46
 70
     0
102
RTVSPost2010Prop47
 90
       50
102
RTVSPost2010PropOp47
 70
     0
102
RTVSPost2010Prop48
 90
       50
102
RTVSPost2010PropOp48
 70
     0
102
RTVSPost2010Prop49
280
     0
102
RTVSPost2010PropOp49
 70
     1
102
RTVSPost2010Prop50
 90
       50
102
RTVSPost2010PropOp50
 70
     0
102
RTVSPost2010Prop51ColorIndex
 90
      256
102
RTVSPost2010Prop51ColorRGB
 90
-16777216
102
RTVSPost2010PropOp51
 70
     0
102
RTVSPost2010Prop52
140
1.0
102
RTVSPost2010PropOp52
 70
     0
102
RTVSPost2010Prop53
 90
        2
102
RTVSPost2010PropOp53
 70
     0
102
RTVSPost2010Prop54
  1
strokes_ogs.tif
102
RTVSPost2010PropOp54
 70
     0
102
RTVSPost2010Prop55
280
     0
102
RTVSPost2010PropOp55
 70
     1
102
RTVSPost2010Prop56
140
1.0
102
RTVSPost2010PropOp56
 70
     0
102
RTVSPost2010Prop57
140
1.0
102
RTVSPost2010PropOp57
 70
     0
102
RTVSPropertyOp0
 70
     0
102
RTVSPropertyOp1
 70
     0
102
RTVSPropertyOp2
 70
     0
102
RTVSPropertyOp3
 70
     0
102
RTVSPropertyOp4
 70
     0
102
RTVSPropertyOp5
 70
     0
102
RTVSPropertyOp6
 70
     0
102
RTVSPropertyOp7
 70
     0
102
RTVSPropertyOp8
 70
     0
102
RTVSPropertyOp9
 70
     0
102
RTVSPropertyOp10
 70
     0
102
RTVSPropertyOp11
 70
     0
102
RTVSPropertyOp12
 70
     0
102
RTVSPropertyOp13
 70
     0
102
RTVSPropertyOp14
 70
     2
102
RTVSPropertyOp15
 70
     0
102
RTVSPropertyOp16
 70
     0
102
RTVSPropertyOp17
 70
     0
102
RTVSPropertyOp18
 70
     0
102
RTVSPropertyOp19
 70
     0
102
RTVSPropertyOp20
 70
     0
102
RTVSPropertyOp21
 70
     0
102
RTVSPropertyOp22
 70
     0
102
RTVSPropertyOp23
 70
     0
102
RTVSPropertyOp24
 70
     0
102
RTVSPropertyOp25
 70
     0
102
RTVSPropertyOp26
 70
     0
102
RTVSPropertyOp27
 70
     0
102
RTVSPropertyOp28
 70
     1
102
RTVSPropertyOp29
 70
     1
102
RTVSPropertyOp30
 70
     1
102
RTVSPropertyOp31
 70
     1
102
RTVSPropertyOp32
 70
     1
102
RTVSPropertyOp33
 70
     1
102
RTVSPropertyOp34
 70
     1
102
RTVSPropertyOp35
 70
     1
102
RTVSPropertyOp36
 70
     1
102
RTVSPropertyOp37
 70
     0
102
RTVSPropertyOp38
 70
     0
102
RTVSPropertyOp39
 70
     0
102
RTVSPropertyOp40
 70
     0
102
RTVSPropertyOp41
 70
     0
102
RTVSPropertyOp42
 70
     0
102
RTVSPropertyOp43
 70
     0
102
RTVSPropertyOp44
 70
     0
102
RTVSPropertyOp45
 70
     1
102
RTVSPropertyOp46
 70
     0
102
RTVSPropertyOp47
 70
     0
102
RTVSPropertyOp48
 70
     0
102
RTVSPropertyOp49
 70
     1
102
RTVSPropertyOp50
 70
     0
102
RTVSPropertyOp51
 70
     0
102
RTVSPropertyOp52
 70
     0
102
RTVSPropertyOp53
 70
     0
102
RTVSPropertyOp54
 70
     0
102
RTVSPropertyOp55
 70
     1
102
RTVSPropertyOp56
 70
     0
102
RTVSPropertyOp57
 70
     0
102
RTVSPropertyOp58
 70
     0
102
RTVSPropertyOp59
 70
     0
102
RTVSPropertyOp60
 70
     0
102
RTVSPropertyOp61
 70
     0
102
RTVSPropertyOp62
 70
     0
  0
XRECORD
  5
409F
102
{ACAD_REACTORS
330
409E
102
}
330
409E
100
AcDbXrecord
280
     1
102
RTVSPost2010Prop28
280
     0
102
RTVSPost2010PropOp28
 70
     1
102
RTVSPost2010Prop29
280
     1
102
RTVSPost2010PropOp29
 70
     1
102
RTVSPost2010Prop30
280
     1
102
RTVSPost2010PropOp30
 70
     1
102
RTVSPost2010Prop31
280
     0
102
RTVSPost2010PropOp31
 70
     1
102
RTVSPost2010Prop32
280
     0
102
RTVSPost2010PropOp32
 70
     1
102
RTVSPost2010Prop33
280
     0
102
RTVSPost2010PropOp33
 70
     1
102
RTVSPost2010Prop34
280
     0
102
RTVSPost2010PropOp34
 70
     1
102
RTVSPost2010Prop35
280
     0
102
RTVSPost2010PropOp35
 70
     1
102
RTVSPost2010Prop36
280
     0
102
RTVSPost2010PropOp36
 70
     1
102
RTVSPost2010Prop37
 90
       50
102
RTVSPost2010PropOp37
 70
     1
102
RTVSPost2010Prop38
140
0.0
102
RTVSPost2010PropOp38
 70
     1
102
RTVSPost2010Prop39
140
1.0
102
RTVSPost2010PropOp39
 70
     1
102
RTVSPost2010Prop40
 90
        0
102
RTVSPost2010PropOp40
 70
     1
102
RTVSPost2010Prop41ColorIndex
 90
       18
102
RTVSPost2010Prop41ColorRGB
 90
        0
102
RTVSPost2010PropOp41
 70
     1
102
RTVSPost2010Prop42
 90
       50
102
RTVSPost2010PropOp42
 70
     1
102
RTVSPost2010Prop43
 90
        3
102
RTVSPost2010PropOp43
 70
     1
102
RTVSPost2010Prop44ColorIndex
 90
        5
102
RTVSPost2010Prop44ColorRGB
 90
      255
102
RTVSPost2010PropOp44
 70
     1
102
RTVSPost2010Prop45
280
     0
102
RTVSPost2010PropOp45
 70
     1
102
RTVSPost2010Prop46
 90
       50
102
RTVSPost2010PropOp46
 70
     1
102
RTVSPost2010Prop47
 90
       50
102
RTVSPost2010PropOp47
 70
     1
102
RTVSPost2010Prop48
 90
       50
102
RTVSPost2010PropOp48
 70
     1
102
RTVSPost2010Prop49
280
     0
102
RTVSPost2010PropOp49
 70
     1
102
RTVSPost2010Prop50
 90
       50
102
RTVSPost2010PropOp50
 70
     1
102
RTVSPost2010Prop51ColorIndex
 90
      256
102
RTVSPost2010Prop51ColorRGB
 90
-16777216
102
RTVSPost2010PropOp51
 70
     0
102
RTVSPost2010Prop52
140
1.0
102
RTVSPost2010PropOp52
 70
     0
102
RTVSPost2010Prop53
 90
        2
102
RTVSPost2010PropOp53
 70
     1
102
RTVSPost2010Prop54
  1
strokes_ogs.tif
102
RTVSPost2010PropOp54
 70
     1
102
RTVSPost2010Prop55
280
     0
102
RTVSPost2010PropOp55
 70
     1
102
RTVSPost2010Prop56
140
1.0
102
RTVSPost2010PropOp56
 70
     1
102
RTVSPost2010Prop57
140
1.0
102
RTVSPost2010PropOp57
 70
     1
102
RTVSPropertyOp0
 70
     1
102
RTVSPropertyOp1
 70
     1
102
RTVSPropertyOp2
 70
     1
102
RTVSPropertyOp3
 70
     1
102
RTVSPropertyOp4
 70
     1
102
RTVSPropertyOp5
 70
     1
102
RTVSPropertyOp6
 70
     1
102
RTVSPropertyOp7
 70
     1
102
RTVSPropertyOp8
 70
     1
102
RTVSPropertyOp9
 70
     1
102
RTVSPropertyOp10
 70
     1
102
RTVSPropertyOp11
 70
     1
102
RTVSPropertyOp12
 70
     1
102
RTVSPropertyOp13
 70
     1
102
RTVSPropertyOp14
 70
     1
102
RTVSPropertyOp15
 70
     1
102
RTVSPropertyOp16
 70
     1
102
RTVSPropertyOp17
 70
     1
102
RTVSPropertyOp18
 70
     1
102
RTVSPropertyOp19
 70
     1
102
RTVSPropertyOp20
 70
     1
102
RTVSPropertyOp21
 70
     1
102
RTVSPropertyOp22
 70
     1
102
RTVSPropertyOp23
 70
     1
102
RTVSPropertyOp24
 70
     1
102
RTVSPropertyOp25
 70
     1
102
RTVSPropertyOp26
 70
     1
102
RTVSPropertyOp27
 70
     1
102
RTVSPropertyOp28
 70
     1
102
RTVSPropertyOp29
 70
     1
102
RTVSPropertyOp30
 70
     1
102
RTVSPropertyOp31
 70
     1
102
RTVSPropertyOp32
 70
     1
102
RTVSPropertyOp33
 70
     1
102
RTVSPropertyOp34
 70
     1
102
RTVSPropertyOp35
 70
     1
102
RTVSPropertyOp36
 70
     1
102
RTVSPropertyOp37
 70
     1
102
RTVSPropertyOp38
 70
     1
102
RTVSPropertyOp39
 70
     1
102
RTVSPropertyOp40
 70
     1
102
RTVSPropertyOp41
 70
     1
102
RTVSPropertyOp42
 70
     1
102
RTVSPropertyOp43
 70
     1
102
RTVSPropertyOp44
 70
     1
102
RTVSPropertyOp45
 70
     1
102
RTVSPropertyOp46
 70
     1
102
RTVSPropertyOp47
 70
     1
102
RTVSPropertyOp48
 70
     1
102
RTVSPropertyOp49
 70
     1
102
RTVSPropertyOp50
 70
     1
102
RTVSPropertyOp51
 70
     0
102
RTVSPropertyOp52
 70
     0
102
RTVSPropertyOp53
 70
     1
102
RTVSPropertyOp54
 70
     1
102
RTVSPropertyOp55
 70
     1
102
RTVSPropertyOp56
 70
     1
102
RTVSPropertyOp57
 70
     1
102
RTVSPropertyOp58
 70
     1
102
RTVSPropertyOp59
 70
     1
102
RTVSPropertyOp60
 70
     1
102
RTVSPropertyOp61
 70
     1
102
RTVSPropertyOp62
 70
     1
  0
XRECORD
  5
4083
102
{ACAD_REACTORS
330
4082
102
}
330
4082
100
AcDbXrecord
280
     1
102
RTVSPost2010Prop28
280
     0
102
RTVSPost2010PropOp28
 70
     1
102
RTVSPost2010Prop29
280
     1
102
RTVSPost2010PropOp29
 70
     1
102
RTVSPost2010Prop30
280
     1
102
RTVSPost2010PropOp30
 70
     1
102
RTVSPost2010Prop31
280
     0
102
RTVSPost2010PropOp31
 70
     1
102
RTVSPost2010Prop32
280
     0
102
RTVSPost2010PropOp32
 70
     1
102
RTVSPost2010Prop33
280
     0
102
RTVSPost2010PropOp33
 70
     1
102
RTVSPost2010Prop34
280
     0
102
RTVSPost2010PropOp34
 70
     1
102
RTVSPost2010Prop35
280
     0
102
RTVSPost2010PropOp35
 70
     1
102
RTVSPost2010Prop36
280
     0
102
RTVSPost2010PropOp36
 70
     1
102
RTVSPost2010Prop37
 90
       50
102
RTVSPost2010PropOp37
 70
     1
102
RTVSPost2010Prop38
140
0.0
102
RTVSPost2010PropOp38
 70
     1
102
RTVSPost2010Prop39
140
1.0
102
RTVSPost2010PropOp39
 70
     1
102
RTVSPost2010Prop40
 90
        0
102
RTVSPost2010PropOp40
 70
     1
102
RTVSPost2010Prop41ColorIndex
 90
       18
102
RTVSPost2010Prop41ColorRGB
 90
        0
102
RTVSPost2010PropOp41
 70
     1
102
RTVSPost2010Prop42
 90
       50
102
RTVSPost2010PropOp42
 70
     1
102
RTVSPost2010Prop43
 90
        3
102
RTVSPost2010PropOp43
 70
     1
102
RTVSPost2010Prop44ColorIndex
 90
        5
102
RTVSPost2010Prop44ColorRGB
 90
      255
102
RTVSPost2010PropOp44
 70
     1
102
RTVSPost2010Prop45
280
     0
102
RTVSPost2010PropOp45
 70
     1
102
RTVSPost2010Prop46
 90
       50
102
RTVSPost2010PropOp46
 70
     1
102
RTVSPost2010Prop47
 90
       50
102
RTVSPost2010PropOp47
 70
     1
102
RTVSPost2010Prop48
 90
       50
102
RTVSPost2010PropOp48
 70
     1
102
RTVSPost2010Prop49
280
     0
102
RTVSPost2010PropOp49
 70
     1
102
RTVSPost2010Prop50
 90
       50
102
RTVSPost2010PropOp50
 70
     1
102
RTVSPost2010Prop51ColorIndex
 90
      256
102
RTVSPost2010Prop51ColorRGB
 90
-16777216
102
RTVSPost2010PropOp51
 70
     0
102
RTVSPost2010Prop52
140
1.0
102
RTVSPost2010PropOp52
 70
     0
102
RTVSPost2010Prop53
 90
        2
102
RTVSPost2010PropOp53
 70
     1
102
RTVSPost2010Prop54
  1
strokes_ogs.tif
102
RTVSPost2010PropOp54
 70
     1
102
RTVSPost2010Prop55
280
     0
102
RTVSPost2010PropOp55
 70
     1
102
RTVSPost2010Prop56
140
1.0
102
RTVSPost2010PropOp56
 70
     1
102
RTVSPost2010Prop57
140
1.0
102
RTVSPost2010PropOp57
 70
     1
102
RTVSPropertyOp0
 70
     1
102
RTVSPropertyOp1
 70
     1
102
RTVSPropertyOp2
 70
     1
102
RTVSPropertyOp3
 70
     1
102
RTVSPropertyOp4
 70
     1
102
RTVSPropertyOp5
 70
     1
102
RTVSPropertyOp6
 70
     1
102
RTVSPropertyOp7
 70
     1
102
RTVSPropertyOp8
 70
     1
102
RTVSPropertyOp9
 70
     1
102
RTVSPropertyOp10
 70
     1
102
RTVSPropertyOp11
 70
     1
102
RTVSPropertyOp12
 70
     1
102
RTVSPropertyOp13
 70
     1
102
RTVSPropertyOp14
 70
     1
102
RTVSPropertyOp15
 70
     1
102
RTVSPropertyOp16
 70
     1
102
RTVSPropertyOp17
 70
     1
102
RTVSPropertyOp18
 70
     1
102
RTVSPropertyOp19
 70
     1
102
RTVSPropertyOp20
 70
     1
102
RTVSPropertyOp21
 70
     1
102
RTVSPropertyOp22
 70
     1
102
RTVSPropertyOp23
 70
     1
102
RTVSPropertyOp24
 70
     1
102
RTVSPropertyOp25
 70
     1
102
RTVSPropertyOp26
 70
     1
102
RTVSPropertyOp27
 70
     1
102
RTVSPropertyOp28
 70
     1
102
RTVSPropertyOp29
 70
     1
102
RTVSPropertyOp30
 70
     1
102
RTVSPropertyOp31
 70
     1
102
RTVSPropertyOp32
 70
     1
102
RTVSPropertyOp33
 70
     1
102
RTVSPropertyOp34
 70
     1
102
RTVSPropertyOp35
 70
     1
102
RTVSPropertyOp36
 70
     1
102
RTVSPropertyOp37
 70
     1
102
RTVSPropertyOp38
 70
     1
102
RTVSPropertyOp39
 70
     1
102
RTVSPropertyOp40
 70
     1
102
RTVSPropertyOp41
 70
     1
102
RTVSPropertyOp42
 70
     1
102
RTVSPropertyOp43
 70
     1
102
RTVSPropertyOp44
 70
     1
102
RTVSPropertyOp45
 70
     1
102
RTVSPropertyOp46
 70
     1
102
RTVSPropertyOp47
 70
     1
102
RTVSPropertyOp48
 70
     1
102
RTVSPropertyOp49
 70
     1
102
RTVSPropertyOp50
 70
     1
102
RTVSPropertyOp51
 70
     0
102
RTVSPropertyOp52
 70
     0
102
RTVSPropertyOp53
 70
     1
102
RTVSPropertyOp54
 70
     1
102
RTVSPropertyOp55
 70
     1
102
RTVSPropertyOp56
 70
     1
102
RTVSPropertyOp57
 70
     1
102
RTVSPropertyOp58
 70
     1
102
RTVSPropertyOp59
 70
     1
102
RTVSPropertyOp60
 70
     1
102
RTVSPropertyOp61
 70
     1
102
RTVSPropertyOp62
 70
     1
  0
XRECORD
  5
4085
102
{ACAD_REACTORS
330
4084
102
}
330
4084
100
AcDbXrecord
280
     1
102
RTVSPost2010Prop28
280
     0
102
RTVSPost2010PropOp28
 70
     1
102
RTVSPost2010Prop29
280
     1
102
RTVSPost2010PropOp29
 70
     1
102
RTVSPost2010Prop30
280
     1
102
RTVSPost2010PropOp30
 70
     1
102
RTVSPost2010Prop31
280
     0
102
RTVSPost2010PropOp31
 70
     1
102
RTVSPost2010Prop32
280
     0
102
RTVSPost2010PropOp32
 70
     1
102
RTVSPost2010Prop33
280
     0
102
RTVSPost2010PropOp33
 70
     1
102
RTVSPost2010Prop34
280
     0
102
RTVSPost2010PropOp34
 70
     1
102
RTVSPost2010Prop35
280
     0
102
RTVSPost2010PropOp35
 70
     1
102
RTVSPost2010Prop36
280
     0
102
RTVSPost2010PropOp36
 70
     1
102
RTVSPost2010Prop37
 90
       50
102
RTVSPost2010PropOp37
 70
     1
102
RTVSPost2010Prop38
140
0.0
102
RTVSPost2010PropOp38
 70
     1
102
RTVSPost2010Prop39
140
1.0
102
RTVSPost2010PropOp39
 70
     1
102
RTVSPost2010Prop40
 90
        0
102
RTVSPost2010PropOp40
 70
     1
102
RTVSPost2010Prop41ColorIndex
 90
       18
102
RTVSPost2010Prop41ColorRGB
 90
        0
102
RTVSPost2010PropOp41
 70
     1
102
RTVSPost2010Prop42
 90
       50
102
RTVSPost2010PropOp42
 70
     1
102
RTVSPost2010Prop43
 90
        3
102
RTVSPost2010PropOp43
 70
     1
102
RTVSPost2010Prop44ColorIndex
 90
        5
102
RTVSPost2010Prop44ColorRGB
 90
      255
102
RTVSPost2010PropOp44
 70
     1
102
RTVSPost2010Prop45
280
     0
102
RTVSPost2010PropOp45
 70
     1
102
RTVSPost2010Prop46
 90
       50
102
RTVSPost2010PropOp46
 70
     1
102
RTVSPost2010Prop47
 90
       50
102
RTVSPost2010PropOp47
 70
     1
102
RTVSPost2010Prop48
 90
       50
102
RTVSPost2010PropOp48
 70
     1
102
RTVSPost2010Prop49
280
     0
102
RTVSPost2010PropOp49
 70
     1
102
RTVSPost2010Prop50
 90
       50
102
RTVSPost2010PropOp50
 70
     1
102
RTVSPost2010Prop51ColorIndex
 90
      256
102
RTVSPost2010Prop51ColorRGB
 90
-16777216
102
RTVSPost2010PropOp51
 70
     0
102
RTVSPost2010Prop52
140
1.0
102
RTVSPost2010PropOp52
 70
     0
102
RTVSPost2010Prop53
 90
        2
102
RTVSPost2010PropOp53
 70
     1
102
RTVSPost2010Prop54
  1
strokes_ogs.tif
102
RTVSPost2010PropOp54
 70
     1
102
RTVSPost2010Prop55
280
     0
102
RTVSPost2010PropOp55
 70
     1
102
RTVSPost2010Prop56
140
1.0
102
RTVSPost2010PropOp56
 70
     1
102
RTVSPost2010Prop57
140
1.0
102
RTVSPost2010PropOp57
 70
     1
102
RTVSPropertyOp0
 70
     1
102
RTVSPropertyOp1
 70
     1
102
RTVSPropertyOp2
 70
     1
102
RTVSPropertyOp3
 70
     1
102
RTVSPropertyOp4
 70
     1
102
RTVSPropertyOp5
 70
     1
102
RTVSPropertyOp6
 70
     1
102
RTVSPropertyOp7
 70
     1
102
RTVSPropertyOp8
 70
     1
102
RTVSPropertyOp9
 70
     1
102
RTVSPropertyOp10
 70
     1
102
RTVSPropertyOp11
 70
     1
102
RTVSPropertyOp12
 70
     1
102
RTVSPropertyOp13
 70
     1
102
RTVSPropertyOp14
 70
     1
102
RTVSPropertyOp15
 70
     1
102
RTVSPropertyOp16
 70
     1
102
RTVSPropertyOp17
 70
     1
102
RTVSPropertyOp18
 70
     1
102
RTVSPropertyOp19
 70
     1
102
RTVSPropertyOp20
 70
     1
102
RTVSPropertyOp21
 70
     1
102
RTVSPropertyOp22
 70
     1
102
RTVSPropertyOp23
 70
     1
102
RTVSPropertyOp24
 70
     1
102
RTVSPropertyOp25
 70
     1
102
RTVSPropertyOp26
 70
     1
102
RTVSPropertyOp27
 70
     1
102
RTVSPropertyOp28
 70
     1
102
RTVSPropertyOp29
 70
     1
102
RTVSPropertyOp30
 70
     1
102
RTVSPropertyOp31
 70
     1
102
RTVSPropertyOp32
 70
     1
102
RTVSPropertyOp33
 70
     1
102
RTVSPropertyOp34
 70
     1
102
RTVSPropertyOp35
 70
     1
102
RTVSPropertyOp36
 70
     1
102
RTVSPropertyOp37
 70
     1
102
RTVSPropertyOp38
 70
     1
102
RTVSPropertyOp39
 70
     1
102
RTVSPropertyOp40
 70
     1
102
RTVSPropertyOp41
 70
     1
102
RTVSPropertyOp42
 70
     1
102
RTVSPropertyOp43
 70
     1
102
RTVSPropertyOp44
 70
     1
102
RTVSPropertyOp45
 70
     1
102
RTVSPropertyOp46
 70
     1
102
RTVSPropertyOp47
 70
     1
102
RTVSPropertyOp48
 70
     1
102
RTVSPropertyOp49
 70
     1
102
RTVSPropertyOp50
 70
     1
102
RTVSPropertyOp51
 70
     0
102
RTVSPropertyOp52
 70
     0
102
RTVSPropertyOp53
 70
     1
102
RTVSPropertyOp54
 70
     1
102
RTVSPropertyOp55
 70
     1
102
RTVSPropertyOp56
 70
     1
102
RTVSPropertyOp57
 70
     1
102
RTVSPropertyOp58
 70
     1
102
RTVSPropertyOp59
 70
     1
102
RTVSPropertyOp60
 70
     1
102
RTVSPropertyOp61
 70
     1
102
RTVSPropertyOp62
 70
     1
  0
XRECORD
  5
4087
102
{ACAD_REACTORS
330
4086
102
}
330
4086
100
AcDbXrecord
280
     1
102
RTVSPost2010Prop28
280
     0
102
RTVSPost2010PropOp28
 70
     1
102
RTVSPost2010Prop29
280
     1
102
RTVSPost2010PropOp29
 70
     1
102
RTVSPost2010Prop30
280
     1
102
RTVSPost2010PropOp30
 70
     1
102
RTVSPost2010Prop31
280
     0
102
RTVSPost2010PropOp31
 70
     1
102
RTVSPost2010Prop32
280
     0
102
RTVSPost2010PropOp32
 70
     1
102
RTVSPost2010Prop33
280
     0
102
RTVSPost2010PropOp33
 70
     1
102
RTVSPost2010Prop34
280
     0
102
RTVSPost2010PropOp34
 70
     1
102
RTVSPost2010Prop35
280
     0
102
RTVSPost2010PropOp35
 70
     1
102
RTVSPost2010Prop36
280
     0
102
RTVSPost2010PropOp36
 70
     1
102
RTVSPost2010Prop37
 90
       50
102
RTVSPost2010PropOp37
 70
     1
102
RTVSPost2010Prop38
140
0.0
102
RTVSPost2010PropOp38
 70
     1
102
RTVSPost2010Prop39
140
1.0
102
RTVSPost2010PropOp39
 70
     1
102
RTVSPost2010Prop40
 90
        0
102
RTVSPost2010PropOp40
 70
     1
102
RTVSPost2010Prop41ColorIndex
 90
       18
102
RTVSPost2010Prop41ColorRGB
 90
        0
102
RTVSPost2010PropOp41
 70
     1
102
RTVSPost2010Prop42
 90
       50
102
RTVSPost2010PropOp42
 70
     1
102
RTVSPost2010Prop43
 90
        3
102
RTVSPost2010PropOp43
 70
     1
102
RTVSPost2010Prop44ColorIndex
 90
        5
102
RTVSPost2010Prop44ColorRGB
 90
      255
102
RTVSPost2010PropOp44
 70
     1
102
RTVSPost2010Prop45
280
     0
102
RTVSPost2010PropOp45
 70
     1
102
RTVSPost2010Prop46
 90
       50
102
RTVSPost2010PropOp46
 70
     1
102
RTVSPost2010Prop47
 90
       50
102
RTVSPost2010PropOp47
 70
     1
102
RTVSPost2010Prop48
 90
       50
102
RTVSPost2010PropOp48
 70
     1
102
RTVSPost2010Prop49
280
     0
102
RTVSPost2010PropOp49
 70
     1
102
RTVSPost2010Prop50
 90
       50
102
RTVSPost2010PropOp50
 70
     1
102
RTVSPost2010Prop51ColorIndex
 90
      256
102
RTVSPost2010Prop51ColorRGB
 90
-16777216
102
RTVSPost2010PropOp51
 70
     0
102
RTVSPost2010Prop52
140
1.0
102
RTVSPost2010PropOp52
 70
     0
102
RTVSPost2010Prop53
 90
        2
102
RTVSPost2010PropOp53
 70
     1
102
RTVSPost2010Prop54
  1
strokes_ogs.tif
102
RTVSPost2010PropOp54
 70
     1
102
RTVSPost2010Prop55
280
     0
102
RTVSPost2010PropOp55
 70
     1
102
RTVSPost2010Prop56
140
1.0
102
RTVSPost2010PropOp56
 70
     1
102
RTVSPost2010Prop57
140
1.0
102
RTVSPost2010PropOp57
 70
     1
102
RTVSPropertyOp0
 70
     1
102
RTVSPropertyOp1
 70
     1
102
RTVSPropertyOp2
 70
     1
102
RTVSPropertyOp3
 70
     1
102
RTVSPropertyOp4
 70
     1
102
RTVSPropertyOp5
 70
     1
102
RTVSPropertyOp6
 70
     1
102
RTVSPropertyOp7
 70
     1
102
RTVSPropertyOp8
 70
     1
102
RTVSPropertyOp9
 70
     1
102
RTVSPropertyOp10
 70
     1
102
RTVSPropertyOp11
 70
     1
102
RTVSPropertyOp12
 70
     1
102
RTVSPropertyOp13
 70
     1
102
RTVSPropertyOp14
 70
     1
102
RTVSPropertyOp15
 70
     1
102
RTVSPropertyOp16
 70
     1
102
RTVSPropertyOp17
 70
     1
102
RTVSPropertyOp18
 70
     1
102
RTVSPropertyOp19
 70
     1
102
RTVSPropertyOp20
 70
     1
102
RTVSPropertyOp21
 70
     1
102
RTVSPropertyOp22
 70
     1
102
RTVSPropertyOp23
 70
     1
102
RTVSPropertyOp24
 70
     1
102
RTVSPropertyOp25
 70
     1
102
RTVSPropertyOp26
 70
     1
102
RTVSPropertyOp27
 70
     1
102
RTVSPropertyOp28
 70
     1
102
RTVSPropertyOp29
 70
     1
102
RTVSPropertyOp30
 70
     1
102
RTVSPropertyOp31
 70
     1
102
RTVSPropertyOp32
 70
     1
102
RTVSPropertyOp33
 70
     1
102
RTVSPropertyOp34
 70
     1
102
RTVSPropertyOp35
 70
     1
102
RTVSPropertyOp36
 70
     1
102
RTVSPropertyOp37
 70
     1
102
RTVSPropertyOp38
 70
     1
102
RTVSPropertyOp39
 70
     1
102
RTVSPropertyOp40
 70
     1
102
RTVSPropertyOp41
 70
     1
102
RTVSPropertyOp42
 70
     1
102
RTVSPropertyOp43
 70
     1
102
RTVSPropertyOp44
 70
     1
102
RTVSPropertyOp45
 70
     1
102
RTVSPropertyOp46
 70
     1
102
RTVSPropertyOp47
 70
     1
102
RTVSPropertyOp48
 70
     1
102
RTVSPropertyOp49
 70
     1
102
RTVSPropertyOp50
 70
     1
102
RTVSPropertyOp51
 70
     0
102
RTVSPropertyOp52
 70
     0
102
RTVSPropertyOp53
 70
     1
102
RTVSPropertyOp54
 70
     1
102
RTVSPropertyOp55
 70
     1
102
RTVSPropertyOp56
 70
     1
102
RTVSPropertyOp57
 70
     1
102
RTVSPropertyOp58
 70
     1
102
RTVSPropertyOp59
 70
     1
102
RTVSPropertyOp60
 70
     1
102
RTVSPropertyOp61
 70
     1
102
RTVSPropertyOp62
 70
     1
  0
XRECORD
  5
4089
102
{ACAD_REACTORS
330
4088
102
}
330
4088
100
AcDbXrecord
280
     1
102
RTVSPost2010Prop28
280
     0
102
RTVSPost2010PropOp28
 70
     1
102
RTVSPost2010Prop29
280
     1
102
RTVSPost2010PropOp29
 70
     1
102
RTVSPost2010Prop30
280
     1
102
RTVSPost2010PropOp30
 70
     1
102
RTVSPost2010Prop31
280
     0
102
RTVSPost2010PropOp31
 70
     1
102
RTVSPost2010Prop32
280
     0
102
RTVSPost2010PropOp32
 70
     1
102
RTVSPost2010Prop33
280
     0
102
RTVSPost2010PropOp33
 70
     1
102
RTVSPost2010Prop34
280
     0
102
RTVSPost2010PropOp34
 70
     1
102
RTVSPost2010Prop35
280
     0
102
RTVSPost2010PropOp35
 70
     1
102
RTVSPost2010Prop36
280
     0
102
RTVSPost2010PropOp36
 70
     1
102
RTVSPost2010Prop37
 90
       50
102
RTVSPost2010PropOp37
 70
     1
102
RTVSPost2010Prop38
140
0.0
102
RTVSPost2010PropOp38
 70
     1
102
RTVSPost2010Prop39
140
1.0
102
RTVSPost2010PropOp39
 70
     1
102
RTVSPost2010Prop40
 90
        0
102
RTVSPost2010PropOp40
 70
     1
102
RTVSPost2010Prop41ColorIndex
 90
       18
102
RTVSPost2010Prop41ColorRGB
 90
        0
102
RTVSPost2010PropOp41
 70
     1
102
RTVSPost2010Prop42
 90
       50
102
RTVSPost2010PropOp42
 70
     1
102
RTVSPost2010Prop43
 90
        3
102
RTVSPost2010PropOp43
 70
     1
102
RTVSPost2010Prop44ColorIndex
 90
        5
102
RTVSPost2010Prop44ColorRGB
 90
      255
102
RTVSPost2010PropOp44
 70
     1
102
RTVSPost2010Prop45
280
     0
102
RTVSPost2010PropOp45
 70
     1
102
RTVSPost2010Prop46
 90
       50
102
RTVSPost2010PropOp46
 70
     1
102
RTVSPost2010Prop47
 90
       50
102
RTVSPost2010PropOp47
 70
     1
102
RTVSPost2010Prop48
 90
       50
102
RTVSPost2010PropOp48
 70
     1
102
RTVSPost2010Prop49
280
     0
102
RTVSPost2010PropOp49
 70
     1
102
RTVSPost2010Prop50
 90
       50
102
RTVSPost2010PropOp50
 70
     1
102
RTVSPost2010Prop51ColorIndex
 90
      256
102
RTVSPost2010Prop51ColorRGB
 90
-16777216
102
RTVSPost2010PropOp51
 70
     0
102
RTVSPost2010Prop52
140
1.0
102
RTVSPost2010PropOp52
 70
     0
102
RTVSPost2010Prop53
 90
        2
102
RTVSPost2010PropOp53
 70
     1
102
RTVSPost2010Prop54
  1
strokes_ogs.tif
102
RTVSPost2010PropOp54
 70
     1
102
RTVSPost2010Prop55
280
     0
102
RTVSPost2010PropOp55
 70
     1
102
RTVSPost2010Prop56
140
1.0
102
RTVSPost2010PropOp56
 70
     1
102
RTVSPost2010Prop57
140
1.0
102
RTVSPost2010PropOp57
 70
     1
102
RTVSPropertyOp0
 70
     1
102
RTVSPropertyOp1
 70
     1
102
RTVSPropertyOp2
 70
     1
102
RTVSPropertyOp3
 70
     1
102
RTVSPropertyOp4
 70
     1
102
RTVSPropertyOp5
 70
     1
102
RTVSPropertyOp6
 70
     1
102
RTVSPropertyOp7
 70
     1
102
RTVSPropertyOp8
 70
     1
102
RTVSPropertyOp9
 70
     1
102
RTVSPropertyOp10
 70
     1
102
RTVSPropertyOp11
 70
     1
102
RTVSPropertyOp12
 70
     1
102
RTVSPropertyOp13
 70
     1
102
RTVSPropertyOp14
 70
     1
102
RTVSPropertyOp15
 70
     1
102
RTVSPropertyOp16
 70
     1
102
RTVSPropertyOp17
 70
     1
102
RTVSPropertyOp18
 70
     1
102
RTVSPropertyOp19
 70
     1
102
RTVSPropertyOp20
 70
     1
102
RTVSPropertyOp21
 70
     1
102
RTVSPropertyOp22
 70
     1
102
RTVSPropertyOp23
 70
     1
102
RTVSPropertyOp24
 70
     1
102
RTVSPropertyOp25
 70
     1
102
RTVSPropertyOp26
 70
     1
102
RTVSPropertyOp27
 70
     1
102
RTVSPropertyOp28
 70
     1
102
RTVSPropertyOp29
 70
     1
102
RTVSPropertyOp30
 70
     1
102
RTVSPropertyOp31
 70
     1
102
RTVSPropertyOp32
 70
     1
102
RTVSPropertyOp33
 70
     1
102
RTVSPropertyOp34
 70
     1
102
RTVSPropertyOp35
 70
     1
102
RTVSPropertyOp36
 70
     1
102
RTVSPropertyOp37
 70
     1
102
RTVSPropertyOp38
 70
     1
102
RTVSPropertyOp39
 70
     1
102
RTVSPropertyOp40
 70
     1
102
RTVSPropertyOp41
 70
     1
102
RTVSPropertyOp42
 70
     1
102
RTVSPropertyOp43
 70
     1
102
RTVSPropertyOp44
 70
     1
102
RTVSPropertyOp45
 70
     1
102
RTVSPropertyOp46
 70
     1
102
RTVSPropertyOp47
 70
     1
102
RTVSPropertyOp48
 70
     1
102
RTVSPropertyOp49
 70
     1
102
RTVSPropertyOp50
 70
     1
102
RTVSPropertyOp51
 70
     0
102
RTVSPropertyOp52
 70
     0
102
RTVSPropertyOp53
 70
     1
102
RTVSPropertyOp54
 70
     1
102
RTVSPropertyOp55
 70
     1
102
RTVSPropertyOp56
 70
     1
102
RTVSPropertyOp57
 70
     1
102
RTVSPropertyOp58
 70
     1
102
RTVSPropertyOp59
 70
     1
102
RTVSPropertyOp60
 70
     1
102
RTVSPropertyOp61
 70
     1
102
RTVSPropertyOp62
 70
     1
  0
XRECORD
  5
4091
102
{ACAD_REACTORS
330
4090
102
}
330
4090
100
AcDbXrecord
280
     1
102
RTVSPost2010Prop28
280
     0
102
RTVSPost2010PropOp28
 70
     1
102
RTVSPost2010Prop29
280
     1
102
RTVSPost2010PropOp29
 70
     1
102
RTVSPost2010Prop30
280
     1
102
RTVSPost2010PropOp30
 70
     1
102
RTVSPost2010Prop31
280
     0
102
RTVSPost2010PropOp31
 70
     1
102
RTVSPost2010Prop32
280
     0
102
RTVSPost2010PropOp32
 70
     1
102
RTVSPost2010Prop33
280
     0
102
RTVSPost2010PropOp33
 70
     1
102
RTVSPost2010Prop34
280
     0
102
RTVSPost2010PropOp34
 70
     1
102
RTVSPost2010Prop35
280
     0
102
RTVSPost2010PropOp35
 70
     1
102
RTVSPost2010Prop36
280
     0
102
RTVSPost2010PropOp36
 70
     1
102
RTVSPost2010Prop37
 90
       50
102
RTVSPost2010PropOp37
 70
     1
102
RTVSPost2010Prop38
140
0.0
102
RTVSPost2010PropOp38
 70
     1
102
RTVSPost2010Prop39
140
1.0
102
RTVSPost2010PropOp39
 70
     1
102
RTVSPost2010Prop40
 90
        0
102
RTVSPost2010PropOp40
 70
     1
102
RTVSPost2010Prop41ColorIndex
 90
       18
102
RTVSPost2010Prop41ColorRGB
 90
        0
102
RTVSPost2010PropOp41
 70
     1
102
RTVSPost2010Prop42
 90
       50
102
RTVSPost2010PropOp42
 70
     1
102
RTVSPost2010Prop43
 90
        3
102
RTVSPost2010PropOp43
 70
     1
102
RTVSPost2010Prop44ColorIndex
 90
        5
102
RTVSPost2010Prop44ColorRGB
 90
      255
102
RTVSPost2010PropOp44
 70
     1
102
RTVSPost2010Prop45
280
     0
102
RTVSPost2010PropOp45
 70
     1
102
RTVSPost2010Prop46
 90
       50
102
RTVSPost2010PropOp46
 70
     1
102
RTVSPost2010Prop47
 90
       50
102
RTVSPost2010PropOp47
 70
     1
102
RTVSPost2010Prop48
 90
       50
102
RTVSPost2010PropOp48
 70
     1
102
RTVSPost2010Prop49
280
     0
102
RTVSPost2010PropOp49
 70
     1
102
RTVSPost2010Prop50
 90
       50
102
RTVSPost2010PropOp50
 70
     1
102
RTVSPost2010Prop51ColorIndex
 90
      256
102
RTVSPost2010Prop51ColorRGB
 90
-16777216
102
RTVSPost2010PropOp51
 70
     0
102
RTVSPost2010Prop52
140
1.0
102
RTVSPost2010PropOp52
 70
     0
102
RTVSPost2010Prop53
 90
        2
102
RTVSPost2010PropOp53
 70
     1
102
RTVSPost2010Prop54
  1
strokes_ogs.tif
102
RTVSPost2010PropOp54
 70
     1
102
RTVSPost2010Prop55
280
     0
102
RTVSPost2010PropOp55
 70
     1
102
RTVSPost2010Prop56
140
1.0
102
RTVSPost2010PropOp56
 70
     1
102
RTVSPost2010Prop57
140
1.0
102
RTVSPost2010PropOp57
 70
     1
102
RTVSPropertyOp0
 70
     1
102
RTVSPropertyOp1
 70
     1
102
RTVSPropertyOp2
 70
     1
102
RTVSPropertyOp3
 70
     1
102
RTVSPropertyOp4
 70
     1
102
RTVSPropertyOp5
 70
     1
102
RTVSPropertyOp6
 70
     1
102
RTVSPropertyOp7
 70
     1
102
RTVSPropertyOp8
 70
     1
102
RTVSPropertyOp9
 70
     1
102
RTVSPropertyOp10
 70
     1
102
RTVSPropertyOp11
 70
     1
102
RTVSPropertyOp12
 70
     1
102
RTVSPropertyOp13
 70
     1
102
RTVSPropertyOp14
 70
     1
102
RTVSPropertyOp15
 70
     1
102
RTVSPropertyOp16
 70
     1
102
RTVSPropertyOp17
 70
     1
102
RTVSPropertyOp18
 70
     1
102
RTVSPropertyOp19
 70
     1
102
RTVSPropertyOp20
 70
     1
102
RTVSPropertyOp21
 70
     1
102
RTVSPropertyOp22
 70
     1
102
RTVSPropertyOp23
 70
     1
102
RTVSPropertyOp24
 70
     1
102
RTVSPropertyOp25
 70
     1
102
RTVSPropertyOp26
 70
     1
102
RTVSPropertyOp27
 70
     1
102
RTVSPropertyOp28
 70
     1
102
RTVSPropertyOp29
 70
     1
102
RTVSPropertyOp30
 70
     1
102
RTVSPropertyOp31
 70
     1
102
RTVSPropertyOp32
 70
     1
102
RTVSPropertyOp33
 70
     1
102
RTVSPropertyOp34
 70
     1
102
RTVSPropertyOp35
 70
     1
102
RTVSPropertyOp36
 70
     1
102
RTVSPropertyOp37
 70
     1
102
RTVSPropertyOp38
 70
     1
102
RTVSPropertyOp39
 70
     1
102
RTVSPropertyOp40
 70
     1
102
RTVSPropertyOp41
 70
     1
102
RTVSPropertyOp42
 70
     1
102
RTVSPropertyOp43
 70
     1
102
RTVSPropertyOp44
 70
     1
102
RTVSPropertyOp45
 70
     1
102
RTVSPropertyOp46
 70
     1
102
RTVSPropertyOp47
 70
     1
102
RTVSPropertyOp48
 70
     1
102
RTVSPropertyOp49
 70
     1
102
RTVSPropertyOp50
 70
     1
102
RTVSPropertyOp51
 70
     0
102
RTVSPropertyOp52
 70
     0
102
RTVSPropertyOp53
 70
     1
102
RTVSPropertyOp54
 70
     1
102
RTVSPropertyOp55
 70
     1
102
RTVSPropertyOp56
 70
     1
102
RTVSPropertyOp57
 70
     1
102
RTVSPropertyOp58
 70
     1
102
RTVSPropertyOp59
 70
     1
102
RTVSPropertyOp60
 70
     1
102
RTVSPropertyOp61
 70
     1
102
RTVSPropertyOp62
 70
     1
  0
XRECORD
  5
40AD
102
{ACAD_REACTORS
330
40AC
102
}
330
40AC
100
AcDbXrecord
280
     1
102
RTVSPost2010Prop28
280
     0
102
RTVSPost2010PropOp28
 70
     1
102
RTVSPost2010Prop29
280
     1
102
RTVSPost2010PropOp29
 70
     1
102
RTVSPost2010Prop30
280
     1
102
RTVSPost2010PropOp30
 70
     1
102
RTVSPost2010Prop31
280
     0
102
RTVSPost2010PropOp31
 70
     1
102
RTVSPost2010Prop32
280
     0
102
RTVSPost2010PropOp32
 70
     1
102
RTVSPost2010Prop33
280
     0
102
RTVSPost2010PropOp33
 70
     1
102
RTVSPost2010Prop34
280
     0
102
RTVSPost2010PropOp34
 70
     1
102
RTVSPost2010Prop35
280
     0
102
RTVSPost2010PropOp35
 70
     1
102
RTVSPost2010Prop36
280
     0
102
RTVSPost2010PropOp36
 70
     1
102
RTVSPost2010Prop37
 90
       50
102
RTVSPost2010PropOp37
 70
     0
102
RTVSPost2010Prop38
140
0.0
102
RTVSPost2010PropOp38
 70
     0
102
RTVSPost2010Prop39
140
1.0
102
RTVSPost2010PropOp39
 70
     0
102
RTVSPost2010Prop40
 90
        0
102
RTVSPost2010PropOp40
 70
     0
102
RTVSPost2010Prop41ColorIndex
 90
       18
102
RTVSPost2010Prop41ColorRGB
 90
        0
102
RTVSPost2010PropOp41
 70
     0
102
RTVSPost2010Prop42
 90
       50
102
RTVSPost2010PropOp42
 70
     0
102
RTVSPost2010Prop43
 90
        3
102
RTVSPost2010PropOp43
 70
     0
102
RTVSPost2010Prop44ColorIndex
 90
        5
102
RTVSPost2010Prop44ColorRGB
 90
      255
102
RTVSPost2010PropOp44
 70
     0
102
RTVSPost2010Prop45
280
     0
102
RTVSPost2010PropOp45
 70
     1
102
RTVSPost2010Prop46
 90
       50
102
RTVSPost2010PropOp46
 70
     0
102
RTVSPost2010Prop47
 90
       50
102
RTVSPost2010PropOp47
 70
     0
102
RTVSPost2010Prop48
 90
       50
102
RTVSPost2010PropOp48
 70
     0
102
RTVSPost2010Prop49
280
     0
102
RTVSPost2010PropOp49
 70
     1
102
RTVSPost2010Prop50
 90
       50
102
RTVSPost2010PropOp50
 70
     0
102
RTVSPost2010Prop51ColorIndex
 90
      256
102
RTVSPost2010Prop51ColorRGB
 90
-16777216
102
RTVSPost2010PropOp51
 70
     0
102
RTVSPost2010Prop52
140
1.0
102
RTVSPost2010PropOp52
 70
     0
102
RTVSPost2010Prop53
 90
        2
102
RTVSPost2010PropOp53
 70
     0
102
RTVSPost2010Prop54
  1
strokes_ogs.tif
102
RTVSPost2010PropOp54
 70
     0
102
RTVSPost2010Prop55
280
     0
102
RTVSPost2010PropOp55
 70
     1
102
RTVSPost2010Prop56
140
1.0
102
RTVSPost2010PropOp56
 70
     0
102
RTVSPost2010Prop57
140
1.0
102
RTVSPost2010PropOp57
 70
     0
102
RTVSPropertyOp0
 70
     0
102
RTVSPropertyOp1
 70
     0
102
RTVSPropertyOp2
 70
     0
102
RTVSPropertyOp3
 70
     0
102
RTVSPropertyOp4
 70
     0
102
RTVSPropertyOp5
 70
     0
102
RTVSPropertyOp6
 70
     0
102
RTVSPropertyOp7
 70
     0
102
RTVSPropertyOp8
 70
     0
102
RTVSPropertyOp9
 70
     0
102
RTVSPropertyOp10
 70
     0
102
RTVSPropertyOp11
 70
     0
102
RTVSPropertyOp12
 70
     0
102
RTVSPropertyOp13
 70
     0
102
RTVSPropertyOp14
 70
     2
102
RTVSPropertyOp15
 70
     0
102
RTVSPropertyOp16
 70
     0
102
RTVSPropertyOp17
 70
     0
102
RTVSPropertyOp18
 70
     0
102
RTVSPropertyOp19
 70
     0
102
RTVSPropertyOp20
 70
     0
102
RTVSPropertyOp21
 70
     0
102
RTVSPropertyOp22
 70
     0
102
RTVSPropertyOp23
 70
     0
102
RTVSPropertyOp24
 70
     0
102
RTVSPropertyOp25
 70
     0
102
RTVSPropertyOp26
 70
     0
102
RTVSPropertyOp27
 70
     0
102
RTVSPropertyOp28
 70
     1
102
RTVSPropertyOp29
 70
     1
102
RTVSPropertyOp30
 70
     1
102
RTVSPropertyOp31
 70
     1
102
RTVSPropertyOp32
 70
     1
102
RTVSPropertyOp33
 70
     1
102
RTVSPropertyOp34
 70
     1
102
RTVSPropertyOp35
 70
     1
102
RTVSPropertyOp36
 70
     1
102
RTVSPropertyOp37
 70
     0
102
RTVSPropertyOp38
 70
     0
102
RTVSPropertyOp39
 70
     0
102
RTVSPropertyOp40
 70
     0
102
RTVSPropertyOp41
 70
     0
102
RTVSPropertyOp42
 70
     0
102
RTVSPropertyOp43
 70
     0
102
RTVSPropertyOp44
 70
     0
102
RTVSPropertyOp45
 70
     1
102
RTVSPropertyOp46
 70
     0
102
RTVSPropertyOp47
 70
     0
102
RTVSPropertyOp48
 70
     0
102
RTVSPropertyOp49
 70
     1
102
RTVSPropertyOp50
 70
     0
102
RTVSPropertyOp51
 70
     0
102
RTVSPropertyOp52
 70
     0
102
RTVSPropertyOp53
 70
     0
102
RTVSPropertyOp54
 70
     0
102
RTVSPropertyOp55
 70
     1
102
RTVSPropertyOp56
 70
     0
102
RTVSPropertyOp57
 70
     0
102
RTVSPropertyOp58
 70
     0
102
RTVSPropertyOp59
 70
     0
102
RTVSPropertyOp60
 70
     0
102
RTVSPropertyOp61
 70
     0
102
RTVSPropertyOp62
 70
     0
  0
XRECORD
  5
409D
102
{ACAD_REACTORS
330
409C
102
}
330
409C
100
AcDbXrecord
280
     1
102
RTVSPost2010Prop28
280
     0
102
RTVSPost2010PropOp28
 70
     1
102
RTVSPost2010Prop29
280
     1
102
RTVSPost2010PropOp29
 70
     1
102
RTVSPost2010Prop30
280
     1
102
RTVSPost2010PropOp30
 70
     1
102
RTVSPost2010Prop31
280
     0
102
RTVSPost2010PropOp31
 70
     1
102
RTVSPost2010Prop32
280
     0
102
RTVSPost2010PropOp32
 70
     1
102
RTVSPost2010Prop33
280
     0
102
RTVSPost2010PropOp33
 70
     1
102
RTVSPost2010Prop34
280
     0
102
RTVSPost2010PropOp34
 70
     1
102
RTVSPost2010Prop35
280
     0
102
RTVSPost2010PropOp35
 70
     1
102
RTVSPost2010Prop36
280
     0
102
RTVSPost2010PropOp36
 70
     1
102
RTVSPost2010Prop37
 90
       50
102
RTVSPost2010PropOp37
 70
     1
102
RTVSPost2010Prop38
140
0.0
102
RTVSPost2010PropOp38
 70
     1
102
RTVSPost2010Prop39
140
1.0
102
RTVSPost2010PropOp39
 70
     1
102
RTVSPost2010Prop40
 90
        0
102
RTVSPost2010PropOp40
 70
     1
102
RTVSPost2010Prop41ColorIndex
 90
       18
102
RTVSPost2010Prop41ColorRGB
 90
        0
102
RTVSPost2010PropOp41
 70
     1
102
RTVSPost2010Prop42
 90
       50
102
RTVSPost2010PropOp42
 70
     1
102
RTVSPost2010Prop43
 90
        3
102
RTVSPost2010PropOp43
 70
     1
102
RTVSPost2010Prop44ColorIndex
 90
        5
102
RTVSPost2010Prop44ColorRGB
 90
      255
102
RTVSPost2010PropOp44
 70
     1
102
RTVSPost2010Prop45
280
     0
102
RTVSPost2010PropOp45
 70
     1
102
RTVSPost2010Prop46
 90
       50
102
RTVSPost2010PropOp46
 70
     1
102
RTVSPost2010Prop47
 90
       50
102
RTVSPost2010PropOp47
 70
     1
102
RTVSPost2010Prop48
 90
       50
102
RTVSPost2010PropOp48
 70
     1
102
RTVSPost2010Prop49
280
     0
102
RTVSPost2010PropOp49
 70
     1
102
RTVSPost2010Prop50
 90
       50
102
RTVSPost2010PropOp50
 70
     1
102
RTVSPost2010Prop51ColorIndex
 90
      256
102
RTVSPost2010Prop51ColorRGB
 90
-16777216
102
RTVSPost2010PropOp51
 70
     0
102
RTVSPost2010Prop52
140
1.0
102
RTVSPost2010PropOp52
 70
     0
102
RTVSPost2010Prop53
 90
        2
102
RTVSPost2010PropOp53
 70
     1
102
RTVSPost2010Prop54
  1
strokes_ogs.tif
102
RTVSPost2010PropOp54
 70
     1
102
RTVSPost2010Prop55
280
     0
102
RTVSPost2010PropOp55
 70
     1
102
RTVSPost2010Prop56
140
1.0
102
RTVSPost2010PropOp56
 70
     1
102
RTVSPost2010Prop57
140
1.0
102
RTVSPost2010PropOp57
 70
     1
102
RTVSPropertyOp0
 70
     1
102
RTVSPropertyOp1
 70
     1
102
RTVSPropertyOp2
 70
     1
102
RTVSPropertyOp3
 70
     1
102
RTVSPropertyOp4
 70
     1
102
RTVSPropertyOp5
 70
     1
102
RTVSPropertyOp6
 70
     1
102
RTVSPropertyOp7
 70
     1
102
RTVSPropertyOp8
 70
     1
102
RTVSPropertyOp9
 70
     1
102
RTVSPropertyOp10
 70
     1
102
RTVSPropertyOp11
 70
     1
102
RTVSPropertyOp12
 70
     1
102
RTVSPropertyOp13
 70
     1
102
RTVSPropertyOp14
 70
     1
102
RTVSPropertyOp15
 70
     1
102
RTVSPropertyOp16
 70
     1
102
RTVSPropertyOp17
 70
     1
102
RTVSPropertyOp18
 70
     1
102
RTVSPropertyOp19
 70
     1
102
RTVSPropertyOp20
 70
     1
102
RTVSPropertyOp21
 70
     1
102
RTVSPropertyOp22
 70
     1
102
RTVSPropertyOp23
 70
     1
102
RTVSPropertyOp24
 70
     1
102
RTVSPropertyOp25
 70
     1
102
RTVSPropertyOp26
 70
     1
102
RTVSPropertyOp27
 70
     1
102
RTVSPropertyOp28
 70
     1
102
RTVSPropertyOp29
 70
     1
102
RTVSPropertyOp30
 70
     1
102
RTVSPropertyOp31
 70
     1
102
RTVSPropertyOp32
 70
     1
102
RTVSPropertyOp33
 70
     1
102
RTVSPropertyOp34
 70
     1
102
RTVSPropertyOp35
 70
     1
102
RTVSPropertyOp36
 70
     1
102
RTVSPropertyOp37
 70
     1
102
RTVSPropertyOp38
 70
     1
102
RTVSPropertyOp39
 70
     1
102
RTVSPropertyOp40
 70
     1
102
RTVSPropertyOp41
 70
     1
102
RTVSPropertyOp42
 70
     1
102
RTVSPropertyOp43
 70
     1
102
RTVSPropertyOp44
 70
     1
102
RTVSPropertyOp45
 70
     1
102
RTVSPropertyOp46
 70
     1
102
RTVSPropertyOp47
 70
     1
102
RTVSPropertyOp48
 70
     1
102
RTVSPropertyOp49
 70
     1
102
RTVSPropertyOp50
 70
     1
102
RTVSPropertyOp51
 70
     0
102
RTVSPropertyOp52
 70
     0
102
RTVSPropertyOp53
 70
     1
102
RTVSPropertyOp54
 70
     1
102
RTVSPropertyOp55
 70
     1
102
RTVSPropertyOp56
 70
     1
102
RTVSPropertyOp57
 70
     1
102
RTVSPropertyOp58
 70
     1
102
RTVSPropertyOp59
 70
     1
102
RTVSPropertyOp60
 70
     1
102
RTVSPropertyOp61
 70
     1
102
RTVSPropertyOp62
 70
     1
  0
XRECORD
  5
40AF
102
{ACAD_REACTORS
330
40AE
102
}
330
40AE
100
AcDbXrecord
280
     1
102
RTVSPost2010Prop28
280
     0
102
RTVSPost2010PropOp28
 70
     1
102
RTVSPost2010Prop29
280
     1
102
RTVSPost2010PropOp29
 70
     1
102
RTVSPost2010Prop30
280
     1
102
RTVSPost2010PropOp30
 70
     1
102
RTVSPost2010Prop31
280
     0
102
RTVSPost2010PropOp31
 70
     1
102
RTVSPost2010Prop32
280
     0
102
RTVSPost2010PropOp32
 70
     1
102
RTVSPost2010Prop33
280
     0
102
RTVSPost2010PropOp33
 70
     1
102
RTVSPost2010Prop34
280
     0
102
RTVSPost2010PropOp34
 70
     1
102
RTVSPost2010Prop35
280
     0
102
RTVSPost2010PropOp35
 70
     1
102
RTVSPost2010Prop36
280
     0
102
RTVSPost2010PropOp36
 70
     1
102
RTVSPost2010Prop37
 90
       50
102
RTVSPost2010PropOp37
 70
     0
102
RTVSPost2010Prop38
140
0.0
102
RTVSPost2010PropOp38
 70
     0
102
RTVSPost2010Prop39
140
1.0
102
RTVSPost2010PropOp39
 70
     0
102
RTVSPost2010Prop40
 90
        0
102
RTVSPost2010PropOp40
 70
     0
102
RTVSPost2010Prop41ColorIndex
 90
       18
102
RTVSPost2010Prop41ColorRGB
 90
        0
102
RTVSPost2010PropOp41
 70
     0
102
RTVSPost2010Prop42
 90
       50
102
RTVSPost2010PropOp42
 70
     0
102
RTVSPost2010Prop43
 90
        3
102
RTVSPost2010PropOp43
 70
     0
102
RTVSPost2010Prop44ColorIndex
 90
        5
102
RTVSPost2010Prop44ColorRGB
 90
      255
102
RTVSPost2010PropOp44
 70
     0
102
RTVSPost2010Prop45
280
     0
102
RTVSPost2010PropOp45
 70
     1
102
RTVSPost2010Prop46
 90
       50
102
RTVSPost2010PropOp46
 70
     0
102
RTVSPost2010Prop47
 90
       50
102
RTVSPost2010PropOp47
 70
     0
102
RTVSPost2010Prop48
 90
       50
102
RTVSPost2010PropOp48
 70
     0
102
RTVSPost2010Prop49
280
     0
102
RTVSPost2010PropOp49
 70
     1
102
RTVSPost2010Prop50
 90
       50
102
RTVSPost2010PropOp50
 70
     0
102
RTVSPost2010Prop51ColorIndex
 90
      256
102
RTVSPost2010Prop51ColorRGB
 90
-16777216
102
RTVSPost2010PropOp51
 70
     0
102
RTVSPost2010Prop52
140
1.0
102
RTVSPost2010PropOp52
 70
     0
102
RTVSPost2010Prop53
 90
        2
102
RTVSPost2010PropOp53
 70
     0
102
RTVSPost2010Prop54
  1
strokes_ogs.tif
102
RTVSPost2010PropOp54
 70
     0
102
RTVSPost2010Prop55
280
     0
102
RTVSPost2010PropOp55
 70
     1
102
RTVSPost2010Prop56
140
1.0
102
RTVSPost2010PropOp56
 70
     0
102
RTVSPost2010Prop57
140
1.0
102
RTVSPost2010PropOp57
 70
     0
102
RTVSPropertyOp0
 70
     0
102
RTVSPropertyOp1
 70
     0
102
RTVSPropertyOp2
 70
     0
102
RTVSPropertyOp3
 70
     0
102
RTVSPropertyOp4
 70
     0
102
RTVSPropertyOp5
 70
     0
102
RTVSPropertyOp6
 70
     0
102
RTVSPropertyOp7
 70
     0
102
RTVSPropertyOp8
 70
     0
102
RTVSPropertyOp9
 70
     0
102
RTVSPropertyOp10
 70
     0
102
RTVSPropertyOp11
 70
     0
102
RTVSPropertyOp12
 70
     0
102
RTVSPropertyOp13
 70
     0
102
RTVSPropertyOp14
 70
     2
102
RTVSPropertyOp15
 70
     0
102
RTVSPropertyOp16
 70
     0
102
RTVSPropertyOp17
 70
     0
102
RTVSPropertyOp18
 70
     0
102
RTVSPropertyOp19
 70
     0
102
RTVSPropertyOp20
 70
     0
102
RTVSPropertyOp21
 70
     0
102
RTVSPropertyOp22
 70
     0
102
RTVSPropertyOp23
 70
     0
102
RTVSPropertyOp24
 70
     0
102
RTVSPropertyOp25
 70
     0
102
RTVSPropertyOp26
 70
     0
102
RTVSPropertyOp27
 70
     0
102
RTVSPropertyOp28
 70
     1
102
RTVSPropertyOp29
 70
     1
102
RTVSPropertyOp30
 70
     1
102
RTVSPropertyOp31
 70
     1
102
RTVSPropertyOp32
 70
     1
102
RTVSPropertyOp33
 70
     1
102
RTVSPropertyOp34
 70
     1
102
RTVSPropertyOp35
 70
     1
102
RTVSPropertyOp36
 70
     1
102
RTVSPropertyOp37
 70
     0
102
RTVSPropertyOp38
 70
     0
102
RTVSPropertyOp39
 70
     0
102
RTVSPropertyOp40
 70
     0
102
RTVSPropertyOp41
 70
     0
102
RTVSPropertyOp42
 70
     0
102
RTVSPropertyOp43
 70
     0
102
RTVSPropertyOp44
 70
     0
102
RTVSPropertyOp45
 70
     1
102
RTVSPropertyOp46
 70
     0
102
RTVSPropertyOp47
 70
     0
102
RTVSPropertyOp48
 70
     0
102
RTVSPropertyOp49
 70
     1
102
RTVSPropertyOp50
 70
     0
102
RTVSPropertyOp51
 70
     0
102
RTVSPropertyOp52
 70
     0
102
RTVSPropertyOp53
 70
     0
102
RTVSPropertyOp54
 70
     0
102
RTVSPropertyOp55
 70
     1
102
RTVSPropertyOp56
 70
     0
102
RTVSPropertyOp57
 70
     0
102
RTVSPropertyOp58
 70
     0
102
RTVSPropertyOp59
 70
     0
102
RTVSPropertyOp60
 70
     0
102
RTVSPropertyOp61
 70
     0
102
RTVSPropertyOp62
 70
     0
  0
XRECORD
  5
4095
102
{ACAD_REACTORS
330
4094
102
}
330
4094
100
AcDbXrecord
280
     1
102
RTVSPost2010Prop28
280
     0
102
RTVSPost2010PropOp28
 70
     1
102
RTVSPost2010Prop29
280
     1
102
RTVSPost2010PropOp29
 70
     1
102
RTVSPost2010Prop30
280
     1
102
RTVSPost2010PropOp30
 70
     1
102
RTVSPost2010Prop31
280
     0
102
RTVSPost2010PropOp31
 70
     1
102
RTVSPost2010Prop32
280
     0
102
RTVSPost2010PropOp32
 70
     1
102
RTVSPost2010Prop33
280
     0
102
RTVSPost2010PropOp33
 70
     1
102
RTVSPost2010Prop34
280
     0
102
RTVSPost2010PropOp34
 70
     1
102
RTVSPost2010Prop35
280
     0
102
RTVSPost2010PropOp35
 70
     1
102
RTVSPost2010Prop36
280
     0
102
RTVSPost2010PropOp36
 70
     1
102
RTVSPost2010Prop37
 90
       50
102
RTVSPost2010PropOp37
 70
     1
102
RTVSPost2010Prop38
140
0.0
102
RTVSPost2010PropOp38
 70
     1
102
RTVSPost2010Prop39
140
1.0
102
RTVSPost2010PropOp39
 70
     1
102
RTVSPost2010Prop40
 90
        0
102
RTVSPost2010PropOp40
 70
     1
102
RTVSPost2010Prop41ColorIndex
 90
       18
102
RTVSPost2010Prop41ColorRGB
 90
        0
102
RTVSPost2010PropOp41
 70
     1
102
RTVSPost2010Prop42
 90
       50
102
RTVSPost2010PropOp42
 70
     1
102
RTVSPost2010Prop43
 90
        3
102
RTVSPost2010PropOp43
 70
     1
102
RTVSPost2010Prop44ColorIndex
 90
        5
102
RTVSPost2010Prop44ColorRGB
 90
      255
102
RTVSPost2010PropOp44
 70
     1
102
RTVSPost2010Prop45
280
     0
102
RTVSPost2010PropOp45
 70
     1
102
RTVSPost2010Prop46
 90
       50
102
RTVSPost2010PropOp46
 70
     1
102
RTVSPost2010Prop47
 90
       50
102
RTVSPost2010PropOp47
 70
     1
102
RTVSPost2010Prop48
 90
       50
102
RTVSPost2010PropOp48
 70
     1
102
RTVSPost2010Prop49
280
     0
102
RTVSPost2010PropOp49
 70
     1
102
RTVSPost2010Prop50
 90
       50
102
RTVSPost2010PropOp50
 70
     1
102
RTVSPost2010Prop51ColorIndex
 90
      256
102
RTVSPost2010Prop51ColorRGB
 90
-16777216
102
RTVSPost2010PropOp51
 70
     0
102
RTVSPost2010Prop52
140
1.0
102
RTVSPost2010PropOp52
 70
     0
102
RTVSPost2010Prop53
 90
        2
102
RTVSPost2010PropOp53
 70
     1
102
RTVSPost2010Prop54
  1
strokes_ogs.tif
102
RTVSPost2010PropOp54
 70
     1
102
RTVSPost2010Prop55
280
     0
102
RTVSPost2010PropOp55
 70
     1
102
RTVSPost2010Prop56
140
1.0
102
RTVSPost2010PropOp56
 70
     1
102
RTVSPost2010Prop57
140
1.0
102
RTVSPost2010PropOp57
 70
     1
102
RTVSPropertyOp0
 70
     1
102
RTVSPropertyOp1
 70
     1
102
RTVSPropertyOp2
 70
     1
102
RTVSPropertyOp3
 70
     1
102
RTVSPropertyOp4
 70
     1
102
RTVSPropertyOp5
 70
     1
102
RTVSPropertyOp6
 70
     1
102
RTVSPropertyOp7
 70
     1
102
RTVSPropertyOp8
 70
     1
102
RTVSPropertyOp9
 70
     1
102
RTVSPropertyOp10
 70
     1
102
RTVSPropertyOp11
 70
     1
102
RTVSPropertyOp12
 70
     1
102
RTVSPropertyOp13
 70
     1
102
RTVSPropertyOp14
 70
     1
102
RTVSPropertyOp15
 70
     1
102
RTVSPropertyOp16
 70
     1
102
RTVSPropertyOp17
 70
     1
102
RTVSPropertyOp18
 70
     1
102
RTVSPropertyOp19
 70
     1
102
RTVSPropertyOp20
 70
     1
102
RTVSPropertyOp21
 70
     1
102
RTVSPropertyOp22
 70
     1
102
RTVSPropertyOp23
 70
     1
102
RTVSPropertyOp24
 70
     1
102
RTVSPropertyOp25
 70
     1
102
RTVSPropertyOp26
 70
     1
102
RTVSPropertyOp27
 70
     1
102
RTVSPropertyOp28
 70
     1
102
RTVSPropertyOp29
 70
     1
102
RTVSPropertyOp30
 70
     1
102
RTVSPropertyOp31
 70
     1
102
RTVSPropertyOp32
 70
     1
102
RTVSPropertyOp33
 70
     1
102
RTVSPropertyOp34
 70
     1
102
RTVSPropertyOp35
 70
     1
102
RTVSPropertyOp36
 70
     1
102
RTVSPropertyOp37
 70
     1
102
RTVSPropertyOp38
 70
     1
102
RTVSPropertyOp39
 70
     1
102
RTVSPropertyOp40
 70
     1
102
RTVSPropertyOp41
 70
     1
102
RTVSPropertyOp42
 70
     1
102
RTVSPropertyOp43
 70
     1
102
RTVSPropertyOp44
 70
     1
102
RTVSPropertyOp45
 70
     1
102
RTVSPropertyOp46
 70
     1
102
RTVSPropertyOp47
 70
     1
102
RTVSPropertyOp48
 70
     1
102
RTVSPropertyOp49
 70
     1
102
RTVSPropertyOp50
 70
     1
102
RTVSPropertyOp51
 70
     0
102
RTVSPropertyOp52
 70
     0
102
RTVSPropertyOp53
 70
     1
102
RTVSPropertyOp54
 70
     1
102
RTVSPropertyOp55
 70
     1
102
RTVSPropertyOp56
 70
     1
102
RTVSPropertyOp57
 70
     1
102
RTVSPropertyOp58
 70
     1
102
RTVSPropertyOp59
 70
     1
102
RTVSPropertyOp60
 70
     1
102
RTVSPropertyOp61
 70
     1
102
RTVSPropertyOp62
 70
     1
  0
XRECORD
  5
40AB
102
{ACAD_REACTORS
330
40AA
102
}
330
40AA
100
AcDbXrecord
280
     1
102
RTVSPost2010Prop28
280
     0
102
RTVSPost2010PropOp28
 70
     1
102
RTVSPost2010Prop29
280
     1
102
RTVSPost2010PropOp29
 70
     1
102
RTVSPost2010Prop30
280
     1
102
RTVSPost2010PropOp30
 70
     1
102
RTVSPost2010Prop31
280
     0
102
RTVSPost2010PropOp31
 70
     1
102
RTVSPost2010Prop32
280
     0
102
RTVSPost2010PropOp32
 70
     1
102
RTVSPost2010Prop33
280
     0
102
RTVSPost2010PropOp33
 70
     1
102
RTVSPost2010Prop34
280
     0
102
RTVSPost2010PropOp34
 70
     1
102
RTVSPost2010Prop35
280
     0
102
RTVSPost2010PropOp35
 70
     1
102
RTVSPost2010Prop36
280
     0
102
RTVSPost2010PropOp36
 70
     1
102
RTVSPost2010Prop37
 90
       50
102
RTVSPost2010PropOp37
 70
     1
102
RTVSPost2010Prop38
140
0.0
102
RTVSPost2010PropOp38
 70
     1
102
RTVSPost2010Prop39
140
1.0
102
RTVSPost2010PropOp39
 70
     1
102
RTVSPost2010Prop40
 90
        0
102
RTVSPost2010PropOp40
 70
     1
102
RTVSPost2010Prop41ColorIndex
 90
       18
102
RTVSPost2010Prop41ColorRGB
 90
        0
102
RTVSPost2010PropOp41
 70
     1
102
RTVSPost2010Prop42
 90
       50
102
RTVSPost2010PropOp42
 70
     1
102
RTVSPost2010Prop43
 90
        3
102
RTVSPost2010PropOp43
 70
     1
102
RTVSPost2010Prop44ColorIndex
 90
        5
102
RTVSPost2010Prop44ColorRGB
 90
      255
102
RTVSPost2010PropOp44
 70
     1
102
RTVSPost2010Prop45
280
     0
102
RTVSPost2010PropOp45
 70
     1
102
RTVSPost2010Prop46
 90
       50
102
RTVSPost2010PropOp46
 70
     1
102
RTVSPost2010Prop47
 90
       50
102
RTVSPost2010PropOp47
 70
     1
102
RTVSPost2010Prop48
 90
       50
102
RTVSPost2010PropOp48
 70
     1
102
RTVSPost2010Prop49
280
     0
102
RTVSPost2010PropOp49
 70
     1
102
RTVSPost2010Prop50
 90
       50
102
RTVSPost2010PropOp50
 70
     1
102
RTVSPost2010Prop51ColorIndex
 90
      256
102
RTVSPost2010Prop51ColorRGB
 90
-16777216
102
RTVSPost2010PropOp51
 70
     0
102
RTVSPost2010Prop52
140
1.0
102
RTVSPost2010PropOp52
 70
     0
102
RTVSPost2010Prop53
 90
        2
102
RTVSPost2010PropOp53
 70
     1
102
RTVSPost2010Prop54
  1
strokes_ogs.tif
102
RTVSPost2010PropOp54
 70
     1
102
RTVSPost2010Prop55
280
     0
102
RTVSPost2010PropOp55
 70
     1
102
RTVSPost2010Prop56
140
1.0
102
RTVSPost2010PropOp56
 70
     1
102
RTVSPost2010Prop57
140
1.0
102
RTVSPost2010PropOp57
 70
     1
102
RTVSPropertyOp0
 70
     1
102
RTVSPropertyOp1
 70
     1
102
RTVSPropertyOp2
 70
     1
102
RTVSPropertyOp3
 70
     1
102
RTVSPropertyOp4
 70
     1
102
RTVSPropertyOp5
 70
     1
102
RTVSPropertyOp6
 70
     1
102
RTVSPropertyOp7
 70
     1
102
RTVSPropertyOp8
 70
     1
102
RTVSPropertyOp9
 70
     1
102
RTVSPropertyOp10
 70
     1
102
RTVSPropertyOp11
 70
     1
102
RTVSPropertyOp12
 70
     1
102
RTVSPropertyOp13
 70
     1
102
RTVSPropertyOp14
 70
     1
102
RTVSPropertyOp15
 70
     1
102
RTVSPropertyOp16
 70
     1
102
RTVSPropertyOp17
 70
     1
102
RTVSPropertyOp18
 70
     1
102
RTVSPropertyOp19
 70
     1
102
RTVSPropertyOp20
 70
     1
102
RTVSPropertyOp21
 70
     1
102
RTVSPropertyOp22
 70
     1
102
RTVSPropertyOp23
 70
     1
102
RTVSPropertyOp24
 70
     1
102
RTVSPropertyOp25
 70
     1
102
RTVSPropertyOp26
 70
     1
102
RTVSPropertyOp27
 70
     1
102
RTVSPropertyOp28
 70
     1
102
RTVSPropertyOp29
 70
     1
102
RTVSPropertyOp30
 70
     1
102
RTVSPropertyOp31
 70
     1
102
RTVSPropertyOp32
 70
     1
102
RTVSPropertyOp33
 70
     1
102
RTVSPropertyOp34
 70
     1
102
RTVSPropertyOp35
 70
     1
102
RTVSPropertyOp36
 70
     1
102
RTVSPropertyOp37
 70
     1
102
RTVSPropertyOp38
 70
     1
102
RTVSPropertyOp39
 70
     1
102
RTVSPropertyOp40
 70
     1
102
RTVSPropertyOp41
 70
     1
102
RTVSPropertyOp42
 70
     1
102
RTVSPropertyOp43
 70
     1
102
RTVSPropertyOp44
 70
     1
102
RTVSPropertyOp45
 70
     1
102
RTVSPropertyOp46
 70
     1
102
RTVSPropertyOp47
 70
     1
102
RTVSPropertyOp48
 70
     1
102
RTVSPropertyOp49
 70
     1
102
RTVSPropertyOp50
 70
     1
102
RTVSPropertyOp51
 70
     0
102
RTVSPropertyOp52
 70
     0
102
RTVSPropertyOp53
 70
     1
102
RTVSPropertyOp54
 70
     1
102
RTVSPropertyOp55
 70
     1
102
RTVSPropertyOp56
 70
     1
102
RTVSPropertyOp57
 70
     1
102
RTVSPropertyOp58
 70
     1
102
RTVSPropertyOp59
 70
     1
102
RTVSPropertyOp60
 70
     1
102
RTVSPropertyOp61
 70
     1
102
RTVSPropertyOp62
 70
     1
  0
XRECORD
  5
40A9
102
{ACAD_REACTORS
330
40A8
102
}
330
40A8
100
AcDbXrecord
280
     1
102
RTVSPost2010Prop28
280
     0
102
RTVSPost2010PropOp28
 70
     1
102
RTVSPost2010Prop29
280
     1
102
RTVSPost2010PropOp29
 70
     1
102
RTVSPost2010Prop30
280
     1
102
RTVSPost2010PropOp30
 70
     1
102
RTVSPost2010Prop31
280
     0
102
RTVSPost2010PropOp31
 70
     1
102
RTVSPost2010Prop32
280
     0
102
RTVSPost2010PropOp32
 70
     1
102
RTVSPost2010Prop33
280
     0
102
RTVSPost2010PropOp33
 70
     1
102
RTVSPost2010Prop34
280
     0
102
RTVSPost2010PropOp34
 70
     1
102
RTVSPost2010Prop35
280
     0
102
RTVSPost2010PropOp35
 70
     1
102
RTVSPost2010Prop36
280
     0
102
RTVSPost2010PropOp36
 70
     1
102
RTVSPost2010Prop37
 90
       50
102
RTVSPost2010PropOp37
 70
     1
102
RTVSPost2010Prop38
140
0.0
102
RTVSPost2010PropOp38
 70
     1
102
RTVSPost2010Prop39
140
1.0
102
RTVSPost2010PropOp39
 70
     1
102
RTVSPost2010Prop40
 90
        0
102
RTVSPost2010PropOp40
 70
     1
102
RTVSPost2010Prop41ColorIndex
 90
       18
102
RTVSPost2010Prop41ColorRGB
 90
        0
102
RTVSPost2010PropOp41
 70
     1
102
RTVSPost2010Prop42
 90
       50
102
RTVSPost2010PropOp42
 70
     1
102
RTVSPost2010Prop43
 90
        3
102
RTVSPost2010PropOp43
 70
     1
102
RTVSPost2010Prop44ColorIndex
 90
        5
102
RTVSPost2010Prop44ColorRGB
 90
      255
102
RTVSPost2010PropOp44
 70
     1
102
RTVSPost2010Prop45
280
     0
102
RTVSPost2010PropOp45
 70
     1
102
RTVSPost2010Prop46
 90
       50
102
RTVSPost2010PropOp46
 70
     1
102
RTVSPost2010Prop47
 90
       50
102
RTVSPost2010PropOp47
 70
     1
102
RTVSPost2010Prop48
 90
       50
102
RTVSPost2010PropOp48
 70
     1
102
RTVSPost2010Prop49
280
     0
102
RTVSPost2010PropOp49
 70
     1
102
RTVSPost2010Prop50
 90
       50
102
RTVSPost2010PropOp50
 70
     1
102
RTVSPost2010Prop51ColorIndex
 90
      256
102
RTVSPost2010Prop51ColorRGB
 90
-16777216
102
RTVSPost2010PropOp51
 70
     0
102
RTVSPost2010Prop52
140
1.0
102
RTVSPost2010PropOp52
 70
     0
102
RTVSPost2010Prop53
 90
        2
102
RTVSPost2010PropOp53
 70
     1
102
RTVSPost2010Prop54
  1
strokes_ogs.tif
102
RTVSPost2010PropOp54
 70
     1
102
RTVSPost2010Prop55
280
     0
102
RTVSPost2010PropOp55
 70
     1
102
RTVSPost2010Prop56
140
1.0
102
RTVSPost2010PropOp56
 70
     1
102
RTVSPost2010Prop57
140
1.0
102
RTVSPost2010PropOp57
 70
     1
102
RTVSPropertyOp0
 70
     1
102
RTVSPropertyOp1
 70
     1
102
RTVSPropertyOp2
 70
     1
102
RTVSPropertyOp3
 70
     1
102
RTVSPropertyOp4
 70
     1
102
RTVSPropertyOp5
 70
     1
102
RTVSPropertyOp6
 70
     1
102
RTVSPropertyOp7
 70
     1
102
RTVSPropertyOp8
 70
     1
102
RTVSPropertyOp9
 70
     1
102
RTVSPropertyOp10
 70
     1
102
RTVSPropertyOp11
 70
     1
102
RTVSPropertyOp12
 70
     1
102
RTVSPropertyOp13
 70
     1
102
RTVSPropertyOp14
 70
     1
102
RTVSPropertyOp15
 70
     1
102
RTVSPropertyOp16
 70
     1
102
RTVSPropertyOp17
 70
     1
102
RTVSPropertyOp18
 70
     1
102
RTVSPropertyOp19
 70
     1
102
RTVSPropertyOp20
 70
     1
102
RTVSPropertyOp21
 70
     1
102
RTVSPropertyOp22
 70
     1
102
RTVSPropertyOp23
 70
     1
102
RTVSPropertyOp24
 70
     1
102
RTVSPropertyOp25
 70
     1
102
RTVSPropertyOp26
 70
     1
102
RTVSPropertyOp27
 70
     1
102
RTVSPropertyOp28
 70
     1
102
RTVSPropertyOp29
 70
     1
102
RTVSPropertyOp30
 70
     1
102
RTVSPropertyOp31
 70
     1
102
RTVSPropertyOp32
 70
     1
102
RTVSPropertyOp33
 70
     1
102
RTVSPropertyOp34
 70
     1
102
RTVSPropertyOp35
 70
     1
102
RTVSPropertyOp36
 70
     1
102
RTVSPropertyOp37
 70
     1
102
RTVSPropertyOp38
 70
     1
102
RTVSPropertyOp39
 70
     1
102
RTVSPropertyOp40
 70
     1
102
RTVSPropertyOp41
 70
     1
102
RTVSPropertyOp42
 70
     1
102
RTVSPropertyOp43
 70
     1
102
RTVSPropertyOp44
 70
     1
102
RTVSPropertyOp45
 70
     1
102
RTVSPropertyOp46
 70
     1
102
RTVSPropertyOp47
 70
     1
102
RTVSPropertyOp48
 70
     1
102
RTVSPropertyOp49
 70
     1
102
RTVSPropertyOp50
 70
     1
102
RTVSPropertyOp51
 70
     0
102
RTVSPropertyOp52
 70
     0
102
RTVSPropertyOp53
 70
     1
102
RTVSPropertyOp54
 70
     1
102
RTVSPropertyOp55
 70
     1
102
RTVSPropertyOp56
 70
     1
102
RTVSPropertyOp57
 70
     1
102
RTVSPropertyOp58
 70
     1
102
RTVSPropertyOp59
 70
     1
102
RTVSPropertyOp60
 70
     1
102
RTVSPropertyOp61
 70
     1
102
RTVSPropertyOp62
 70
     1
  0
XRECORD
  5
40A3
102
{ACAD_REACTORS
330
40A2
102
}
330
40A2
100
AcDbXrecord
280
     1
102
RTVSPost2010Prop28
280
     0
102
RTVSPost2010PropOp28
 70
     1
102
RTVSPost2010Prop29
280
     1
102
RTVSPost2010PropOp29
 70
     1
102
RTVSPost2010Prop30
280
     1
102
RTVSPost2010PropOp30
 70
     1
102
RTVSPost2010Prop31
280
     0
102
RTVSPost2010PropOp31
 70
     1
102
RTVSPost2010Prop32
280
     0
102
RTVSPost2010PropOp32
 70
     1
102
RTVSPost2010Prop33
280
     0
102
RTVSPost2010PropOp33
 70
     1
102
RTVSPost2010Prop34
280
     0
102
RTVSPost2010PropOp34
 70
     1
102
RTVSPost2010Prop35
280
     0
102
RTVSPost2010PropOp35
 70
     1
102
RTVSPost2010Prop36
280
     0
102
RTVSPost2010PropOp36
 70
     1
102
RTVSPost2010Prop37
 90
       50
102
RTVSPost2010PropOp37
 70
     1
102
RTVSPost2010Prop38
140
0.0
102
RTVSPost2010PropOp38
 70
     1
102
RTVSPost2010Prop39
140
1.0
102
RTVSPost2010PropOp39
 70
     1
102
RTVSPost2010Prop40
 90
        0
102
RTVSPost2010PropOp40
 70
     1
102
RTVSPost2010Prop41ColorIndex
 90
       18
102
RTVSPost2010Prop41ColorRGB
 90
        0
102
RTVSPost2010PropOp41
 70
     1
102
RTVSPost2010Prop42
 90
       50
102
RTVSPost2010PropOp42
 70
     1
102
RTVSPost2010Prop43
 90
        3
102
RTVSPost2010PropOp43
 70
     1
102
RTVSPost2010Prop44ColorIndex
 90
        5
102
RTVSPost2010Prop44ColorRGB
 90
      255
102
RTVSPost2010PropOp44
 70
     1
102
RTVSPost2010Prop45
280
     0
102
RTVSPost2010PropOp45
 70
     1
102
RTVSPost2010Prop46
 90
       50
102
RTVSPost2010PropOp46
 70
     1
102
RTVSPost2010Prop47
 90
       50
102
RTVSPost2010PropOp47
 70
     1
102
RTVSPost2010Prop48
 90
       50
102
RTVSPost2010PropOp48
 70
     1
102
RTVSPost2010Prop49
280
     0
102
RTVSPost2010PropOp49
 70
     1
102
RTVSPost2010Prop50
 90
       50
102
RTVSPost2010PropOp50
 70
     1
102
RTVSPost2010Prop51ColorIndex
 90
      256
102
RTVSPost2010Prop51ColorRGB
 90
-16777216
102
RTVSPost2010PropOp51
 70
     0
102
RTVSPost2010Prop52
140
1.0
102
RTVSPost2010PropOp52
 70
     0
102
RTVSPost2010Prop53
 90
        2
102
RTVSPost2010PropOp53
 70
     1
102
RTVSPost2010Prop54
  1
strokes_ogs.tif
102
RTVSPost2010PropOp54
 70
     1
102
RTVSPost2010Prop55
280
     0
102
RTVSPost2010PropOp55
 70
     1
102
RTVSPost2010Prop56
140
1.0
102
RTVSPost2010PropOp56
 70
     1
102
RTVSPost2010Prop57
140
1.0
102
RTVSPost2010PropOp57
 70
     1
102
RTVSPropertyOp0
 70
     1
102
RTVSPropertyOp1
 70
     1
102
RTVSPropertyOp2
 70
     1
102
RTVSPropertyOp3
 70
     1
102
RTVSPropertyOp4
 70
     1
102
RTVSPropertyOp5
 70
     1
102
RTVSPropertyOp6
 70
     1
102
RTVSPropertyOp7
 70
     1
102
RTVSPropertyOp8
 70
     1
102
RTVSPropertyOp9
 70
     1
102
RTVSPropertyOp10
 70
     1
102
RTVSPropertyOp11
 70
     1
102
RTVSPropertyOp12
 70
     1
102
RTVSPropertyOp13
 70
     1
102
RTVSPropertyOp14
 70
     1
102
RTVSPropertyOp15
 70
     1
102
RTVSPropertyOp16
 70
     1
102
RTVSPropertyOp17
 70
     1
102
RTVSPropertyOp18
 70
     1
102
RTVSPropertyOp19
 70
     1
102
RTVSPropertyOp20
 70
     1
102
RTVSPropertyOp21
 70
     1
102
RTVSPropertyOp22
 70
     1
102
RTVSPropertyOp23
 70
     1
102
RTVSPropertyOp24
 70
     1
102
RTVSPropertyOp25
 70
     1
102
RTVSPropertyOp26
 70
     1
102
RTVSPropertyOp27
 70
     1
102
RTVSPropertyOp28
 70
     1
102
RTVSPropertyOp29
 70
     1
102
RTVSPropertyOp30
 70
     1
102
RTVSPropertyOp31
 70
     1
102
RTVSPropertyOp32
 70
     1
102
RTVSPropertyOp33
 70
     1
102
RTVSPropertyOp34
 70
     1
102
RTVSPropertyOp35
 70
     1
102
RTVSPropertyOp36
 70
     1
102
RTVSPropertyOp37
 70
     1
102
RTVSPropertyOp38
 70
     1
102
RTVSPropertyOp39
 70
     1
102
RTVSPropertyOp40
 70
     1
102
RTVSPropertyOp41
 70
     1
102
RTVSPropertyOp42
 70
     1
102
RTVSPropertyOp43
 70
     1
102
RTVSPropertyOp44
 70
     1
102
RTVSPropertyOp45
 70
     1
102
RTVSPropertyOp46
 70
     1
102
RTVSPropertyOp47
 70
     1
102
RTVSPropertyOp48
 70
     1
102
RTVSPropertyOp49
 70
     1
102
RTVSPropertyOp50
 70
     1
102
RTVSPropertyOp51
 70
     0
102
RTVSPropertyOp52
 70
     0
102
RTVSPropertyOp53
 70
     1
102
RTVSPropertyOp54
 70
     1
102
RTVSPropertyOp55
 70
     1
102
RTVSPropertyOp56
 70
     1
102
RTVSPropertyOp57
 70
     1
102
RTVSPropertyOp58
 70
     1
102
RTVSPropertyOp59
 70
     1
102
RTVSPropertyOp60
 70
     1
102
RTVSPropertyOp61
 70
     1
102
RTVSPropertyOp62
 70
     1
  0
XRECORD
  5
40A5
102
{ACAD_REACTORS
330
40A4
102
}
330
40A4
100
AcDbXrecord
280
     1
102
RTVSPost2010Prop28
280
     0
102
RTVSPost2010PropOp28
 70
     1
102
RTVSPost2010Prop29
280
     1
102
RTVSPost2010PropOp29
 70
     1
102
RTVSPost2010Prop30
280
     1
102
RTVSPost2010PropOp30
 70
     1
102
RTVSPost2010Prop31
280
     0
102
RTVSPost2010PropOp31
 70
     1
102
RTVSPost2010Prop32
280
     0
102
RTVSPost2010PropOp32
 70
     1
102
RTVSPost2010Prop33
280
     0
102
RTVSPost2010PropOp33
 70
     1
102
RTVSPost2010Prop34
280
     0
102
RTVSPost2010PropOp34
 70
     1
102
RTVSPost2010Prop35
280
     0
102
RTVSPost2010PropOp35
 70
     1
102
RTVSPost2010Prop36
280
     0
102
RTVSPost2010PropOp36
 70
     1
102
RTVSPost2010Prop37
 90
       50
102
RTVSPost2010PropOp37
 70
     1
102
RTVSPost2010Prop38
140
0.0
102
RTVSPost2010PropOp38
 70
     1
102
RTVSPost2010Prop39
140
1.0
102
RTVSPost2010PropOp39
 70
     1
102
RTVSPost2010Prop40
 90
        0
102
RTVSPost2010PropOp40
 70
     1
102
RTVSPost2010Prop41ColorIndex
 90
       18
102
RTVSPost2010Prop41ColorRGB
 90
        0
102
RTVSPost2010PropOp41
 70
     1
102
RTVSPost2010Prop42
 90
       50
102
RTVSPost2010PropOp42
 70
     1
102
RTVSPost2010Prop43
 90
        3
102
RTVSPost2010PropOp43
 70
     1
102
RTVSPost2010Prop44ColorIndex
 90
        5
102
RTVSPost2010Prop44ColorRGB
 90
      255
102
RTVSPost2010PropOp44
 70
     1
102
RTVSPost2010Prop45
280
     0
102
RTVSPost2010PropOp45
 70
     1
102
RTVSPost2010Prop46
 90
       50
102
RTVSPost2010PropOp46
 70
     1
102
RTVSPost2010Prop47
 90
       50
102
RTVSPost2010PropOp47
 70
     1
102
RTVSPost2010Prop48
 90
       50
102
RTVSPost2010PropOp48
 70
     1
102
RTVSPost2010Prop49
280
     0
102
RTVSPost2010PropOp49
 70
     1
102
RTVSPost2010Prop50
 90
       50
102
RTVSPost2010PropOp50
 70
     1
102
RTVSPost2010Prop51ColorIndex
 90
      256
102
RTVSPost2010Prop51ColorRGB
 90
-16777216
102
RTVSPost2010PropOp51
 70
     0
102
RTVSPost2010Prop52
140
1.0
102
RTVSPost2010PropOp52
 70
     0
102
RTVSPost2010Prop53
 90
        2
102
RTVSPost2010PropOp53
 70
     1
102
RTVSPost2010Prop54
  1
strokes_ogs.tif
102
RTVSPost2010PropOp54
 70
     1
102
RTVSPost2010Prop55
280
     0
102
RTVSPost2010PropOp55
 70
     1
102
RTVSPost2010Prop56
140
1.0
102
RTVSPost2010PropOp56
 70
     1
102
RTVSPost2010Prop57
140
1.0
102
RTVSPost2010PropOp57
 70
     1
102
RTVSPropertyOp0
 70
     1
102
RTVSPropertyOp1
 70
     1
102
RTVSPropertyOp2
 70
     1
102
RTVSPropertyOp3
 70
     1
102
RTVSPropertyOp4
 70
     1
102
RTVSPropertyOp5
 70
     1
102
RTVSPropertyOp6
 70
     1
102
RTVSPropertyOp7
 70
     1
102
RTVSPropertyOp8
 70
     1
102
RTVSPropertyOp9
 70
     1
102
RTVSPropertyOp10
 70
     1
102
RTVSPropertyOp11
 70
     1
102
RTVSPropertyOp12
 70
     1
102
RTVSPropertyOp13
 70
     1
102
RTVSPropertyOp14
 70
     1
102
RTVSPropertyOp15
 70
     1
102
RTVSPropertyOp16
 70
     1
102
RTVSPropertyOp17
 70
     1
102
RTVSPropertyOp18
 70
     1
102
RTVSPropertyOp19
 70
     1
102
RTVSPropertyOp20
 70
     1
102
RTVSPropertyOp21
 70
     1
102
RTVSPropertyOp22
 70
     1
102
RTVSPropertyOp23
 70
     1
102
RTVSPropertyOp24
 70
     1
102
RTVSPropertyOp25
 70
     1
102
RTVSPropertyOp26
 70
     1
102
RTVSPropertyOp27
 70
     1
102
RTVSPropertyOp28
 70
     1
102
RTVSPropertyOp29
 70
     1
102
RTVSPropertyOp30
 70
     1
102
RTVSPropertyOp31
 70
     1
102
RTVSPropertyOp32
 70
     1
102
RTVSPropertyOp33
 70
     1
102
RTVSPropertyOp34
 70
     1
102
RTVSPropertyOp35
 70
     1
102
RTVSPropertyOp36
 70
     1
102
RTVSPropertyOp37
 70
     1
102
RTVSPropertyOp38
 70
     1
102
RTVSPropertyOp39
 70
     1
102
RTVSPropertyOp40
 70
     1
102
RTVSPropertyOp41
 70
     1
102
RTVSPropertyOp42
 70
     1
102
RTVSPropertyOp43
 70
     1
102
RTVSPropertyOp44
 70
     1
102
RTVSPropertyOp45
 70
     1
102
RTVSPropertyOp46
 70
     1
102
RTVSPropertyOp47
 70
     1
102
RTVSPropertyOp48
 70
     1
102
RTVSPropertyOp49
 70
     1
102
RTVSPropertyOp50
 70
     1
102
RTVSPropertyOp51
 70
     0
102
RTVSPropertyOp52
 70
     0
102
RTVSPropertyOp53
 70
     1
102
RTVSPropertyOp54
 70
     1
102
RTVSPropertyOp55
 70
     1
102
RTVSPropertyOp56
 70
     1
102
RTVSPropertyOp57
 70
     1
102
RTVSPropertyOp58
 70
     1
102
RTVSPropertyOp59
 70
     1
102
RTVSPropertyOp60
 70
     1
102
RTVSPropertyOp61
 70
     1
102
RTVSPropertyOp62
 70
     1
  0
XRECORD
  5
409B
102
{ACAD_REACTORS
330
409A
102
}
330
409A
100
AcDbXrecord
280
     1
102
RTVSPost2010Prop28
280
     0
102
RTVSPost2010PropOp28
 70
     1
102
RTVSPost2010Prop29
280
     1
102
RTVSPost2010PropOp29
 70
     1
102
RTVSPost2010Prop30
280
     1
102
RTVSPost2010PropOp30
 70
     1
102
RTVSPost2010Prop31
280
     0
102
RTVSPost2010PropOp31
 70
     1
102
RTVSPost2010Prop32
280
     0
102
RTVSPost2010PropOp32
 70
     1
102
RTVSPost2010Prop33
280
     0
102
RTVSPost2010PropOp33
 70
     1
102
RTVSPost2010Prop34
280
     0
102
RTVSPost2010PropOp34
 70
     1
102
RTVSPost2010Prop35
280
     0
102
RTVSPost2010PropOp35
 70
     1
102
RTVSPost2010Prop36
280
     0
102
RTVSPost2010PropOp36
 70
     1
102
RTVSPost2010Prop37
 90
       50
102
RTVSPost2010PropOp37
 70
     1
102
RTVSPost2010Prop38
140
0.0
102
RTVSPost2010PropOp38
 70
     1
102
RTVSPost2010Prop39
140
1.0
102
RTVSPost2010PropOp39
 70
     1
102
RTVSPost2010Prop40
 90
        0
102
RTVSPost2010PropOp40
 70
     1
102
RTVSPost2010Prop41ColorIndex
 90
       18
102
RTVSPost2010Prop41ColorRGB
 90
        0
102
RTVSPost2010PropOp41
 70
     1
102
RTVSPost2010Prop42
 90
       50
102
RTVSPost2010PropOp42
 70
     1
102
RTVSPost2010Prop43
 90
        3
102
RTVSPost2010PropOp43
 70
     1
102
RTVSPost2010Prop44ColorIndex
 90
        5
102
RTVSPost2010Prop44ColorRGB
 90
      255
102
RTVSPost2010PropOp44
 70
     1
102
RTVSPost2010Prop45
280
     0
102
RTVSPost2010PropOp45
 70
     1
102
RTVSPost2010Prop46
 90
       50
102
RTVSPost2010PropOp46
 70
     1
102
RTVSPost2010Prop47
 90
       50
102
RTVSPost2010PropOp47
 70
     1
102
RTVSPost2010Prop48
 90
       50
102
RTVSPost2010PropOp48
 70
     1
102
RTVSPost2010Prop49
280
     0
102
RTVSPost2010PropOp49
 70
     1
102
RTVSPost2010Prop50
 90
       50
102
RTVSPost2010PropOp50
 70
     1
102
RTVSPost2010Prop51ColorIndex
 90
      256
102
RTVSPost2010Prop51ColorRGB
 90
-16777216
102
RTVSPost2010PropOp51
 70
     0
102
RTVSPost2010Prop52
140
1.0
102
RTVSPost2010PropOp52
 70
     0
102
RTVSPost2010Prop53
 90
        2
102
RTVSPost2010PropOp53
 70
     1
102
RTVSPost2010Prop54
  1
strokes_ogs.tif
102
RTVSPost2010PropOp54
 70
     1
102
RTVSPost2010Prop55
280
     0
102
RTVSPost2010PropOp55
 70
     1
102
RTVSPost2010Prop56
140
1.0
102
RTVSPost2010PropOp56
 70
     1
102
RTVSPost2010Prop57
140
1.0
102
RTVSPost2010PropOp57
 70
     1
102
RTVSPropertyOp0
 70
     1
102
RTVSPropertyOp1
 70
     1
102
RTVSPropertyOp2
 70
     1
102
RTVSPropertyOp3
 70
     1
102
RTVSPropertyOp4
 70
     1
102
RTVSPropertyOp5
 70
     1
102
RTVSPropertyOp6
 70
     1
102
RTVSPropertyOp7
 70
     1
102
RTVSPropertyOp8
 70
     1
102
RTVSPropertyOp9
 70
     1
102
RTVSPropertyOp10
 70
     1
102
RTVSPropertyOp11
 70
     1
102
RTVSPropertyOp12
 70
     1
102
RTVSPropertyOp13
 70
     1
102
RTVSPropertyOp14
 70
     1
102
RTVSPropertyOp15
 70
     1
102
RTVSPropertyOp16
 70
     1
102
RTVSPropertyOp17
 70
     1
102
RTVSPropertyOp18
 70
     1
102
RTVSPropertyOp19
 70
     1
102
RTVSPropertyOp20
 70
     1
102
RTVSPropertyOp21
 70
     1
102
RTVSPropertyOp22
 70
     1
102
RTVSPropertyOp23
 70
     1
102
RTVSPropertyOp24
 70
     1
102
RTVSPropertyOp25
 70
     1
102
RTVSPropertyOp26
 70
     1
102
RTVSPropertyOp27
 70
     1
102
RTVSPropertyOp28
 70
     1
102
RTVSPropertyOp29
 70
     1
102
RTVSPropertyOp30
 70
     1
102
RTVSPropertyOp31
 70
     1
102
RTVSPropertyOp32
 70
     1
102
RTVSPropertyOp33
 70
     1
102
RTVSPropertyOp34
 70
     1
102
RTVSPropertyOp35
 70
     1
102
RTVSPropertyOp36
 70
     1
102
RTVSPropertyOp37
 70
     1
102
RTVSPropertyOp38
 70
     1
102
RTVSPropertyOp39
 70
     1
102
RTVSPropertyOp40
 70
     1
102
RTVSPropertyOp41
 70
     1
102
RTVSPropertyOp42
 70
     1
102
RTVSPropertyOp43
 70
     1
102
RTVSPropertyOp44
 70
     1
102
RTVSPropertyOp45
 70
     1
102
RTVSPropertyOp46
 70
     1
102
RTVSPropertyOp47
 70
     1
102
RTVSPropertyOp48
 70
     1
102
RTVSPropertyOp49
 70
     1
102
RTVSPropertyOp50
 70
     1
102
RTVSPropertyOp51
 70
     0
102
RTVSPropertyOp52
 70
     0
102
RTVSPropertyOp53
 70
     1
102
RTVSPropertyOp54
 70
     1
102
RTVSPropertyOp55
 70
     1
102
RTVSPropertyOp56
 70
     1
102
RTVSPropertyOp57
 70
     1
102
RTVSPropertyOp58
 70
     1
102
RTVSPropertyOp59
 70
     1
102
RTVSPropertyOp60
 70
     1
102
RTVSPropertyOp61
 70
     1
102
RTVSPropertyOp62
 70
     1
  0
XRECORD
  5
408F
102
{ACAD_REACTORS
330
408E
102
}
330
408E
100
AcDbXrecord
280
     1
102
RTVSPost2010Prop28
280
     0
102
RTVSPost2010PropOp28
 70
     1
102
RTVSPost2010Prop29
280
     1
102
RTVSPost2010PropOp29
 70
     1
102
RTVSPost2010Prop30
280
     1
102
RTVSPost2010PropOp30
 70
     1
102
RTVSPost2010Prop31
280
     0
102
RTVSPost2010PropOp31
 70
     1
102
RTVSPost2010Prop32
280
     0
102
RTVSPost2010PropOp32
 70
     1
102
RTVSPost2010Prop33
280
     0
102
RTVSPost2010PropOp33
 70
     1
102
RTVSPost2010Prop34
280
     0
102
RTVSPost2010PropOp34
 70
     1
102
RTVSPost2010Prop35
280
     0
102
RTVSPost2010PropOp35
 70
     1
102
RTVSPost2010Prop36
280
     0
102
RTVSPost2010PropOp36
 70
     1
102
RTVSPost2010Prop37
 90
       50
102
RTVSPost2010PropOp37
 70
     1
102
RTVSPost2010Prop38
140
0.0
102
RTVSPost2010PropOp38
 70
     1
102
RTVSPost2010Prop39
140
1.0
102
RTVSPost2010PropOp39
 70
     1
102
RTVSPost2010Prop40
 90
        0
102
RTVSPost2010PropOp40
 70
     1
102
RTVSPost2010Prop41ColorIndex
 90
       18
102
RTVSPost2010Prop41ColorRGB
 90
        0
102
RTVSPost2010PropOp41
 70
     1
102
RTVSPost2010Prop42
 90
       50
102
RTVSPost2010PropOp42
 70
     1
102
RTVSPost2010Prop43
 90
        3
102
RTVSPost2010PropOp43
 70
     1
102
RTVSPost2010Prop44ColorIndex
 90
        5
102
RTVSPost2010Prop44ColorRGB
 90
      255
102
RTVSPost2010PropOp44
 70
     1
102
RTVSPost2010Prop45
280
     0
102
RTVSPost2010PropOp45
 70
     1
102
RTVSPost2010Prop46
 90
       50
102
RTVSPost2010PropOp46
 70
     1
102
RTVSPost2010Prop47
 90
       50
102
RTVSPost2010PropOp47
 70
     1
102
RTVSPost2010Prop48
 90
       50
102
RTVSPost2010PropOp48
 70
     1
102
RTVSPost2010Prop49
280
     0
102
RTVSPost2010PropOp49
 70
     1
102
RTVSPost2010Prop50
 90
       50
102
RTVSPost2010PropOp50
 70
     1
102
RTVSPost2010Prop51ColorIndex
 90
      256
102
RTVSPost2010Prop51ColorRGB
 90
-16777216
102
RTVSPost2010PropOp51
 70
     0
102
RTVSPost2010Prop52
140
1.0
102
RTVSPost2010PropOp52
 70
     0
102
RTVSPost2010Prop53
 90
        2
102
RTVSPost2010PropOp53
 70
     1
102
RTVSPost2010Prop54
  1
strokes_ogs.tif
102
RTVSPost2010PropOp54
 70
     1
102
RTVSPost2010Prop55
280
     0
102
RTVSPost2010PropOp55
 70
     1
102
RTVSPost2010Prop56
140
1.0
102
RTVSPost2010PropOp56
 70
     1
102
RTVSPost2010Prop57
140
1.0
102
RTVSPost2010PropOp57
 70
     1
102
RTVSPropertyOp0
 70
     1
102
RTVSPropertyOp1
 70
     1
102
RTVSPropertyOp2
 70
     1
102
RTVSPropertyOp3
 70
     1
102
RTVSPropertyOp4
 70
     1
102
RTVSPropertyOp5
 70
     1
102
RTVSPropertyOp6
 70
     1
102
RTVSPropertyOp7
 70
     1
102
RTVSPropertyOp8
 70
     1
102
RTVSPropertyOp9
 70
     1
102
RTVSPropertyOp10
 70
     1
102
RTVSPropertyOp11
 70
     1
102
RTVSPropertyOp12
 70
     1
102
RTVSPropertyOp13
 70
     1
102
RTVSPropertyOp14
 70
     1
102
RTVSPropertyOp15
 70
     1
102
RTVSPropertyOp16
 70
     1
102
RTVSPropertyOp17
 70
     1
102
RTVSPropertyOp18
 70
     1
102
RTVSPropertyOp19
 70
     1
102
RTVSPropertyOp20
 70
     1
102
RTVSPropertyOp21
 70
     1
102
RTVSPropertyOp22
 70
     1
102
RTVSPropertyOp23
 70
     1
102
RTVSPropertyOp24
 70
     1
102
RTVSPropertyOp25
 70
     1
102
RTVSPropertyOp26
 70
     1
102
RTVSPropertyOp27
 70
     1
102
RTVSPropertyOp28
 70
     1
102
RTVSPropertyOp29
 70
     1
102
RTVSPropertyOp30
 70
     1
102
RTVSPropertyOp31
 70
     1
102
RTVSPropertyOp32
 70
     1
102
RTVSPropertyOp33
 70
     1
102
RTVSPropertyOp34
 70
     1
102
RTVSPropertyOp35
 70
     1
102
RTVSPropertyOp36
 70
     1
102
RTVSPropertyOp37
 70
     1
102
RTVSPropertyOp38
 70
     1
102
RTVSPropertyOp39
 70
     1
102
RTVSPropertyOp40
 70
     1
102
RTVSPropertyOp41
 70
     1
102
RTVSPropertyOp42
 70
     1
102
RTVSPropertyOp43
 70
     1
102
RTVSPropertyOp44
 70
     1
102
RTVSPropertyOp45
 70
     1
102
RTVSPropertyOp46
 70
     1
102
RTVSPropertyOp47
 70
     1
102
RTVSPropertyOp48
 70
     1
102
RTVSPropertyOp49
 70
     1
102
RTVSPropertyOp50
 70
     1
102
RTVSPropertyOp51
 70
     0
102
RTVSPropertyOp52
 70
     0
102
RTVSPropertyOp53
 70
     1
102
RTVSPropertyOp54
 70
     1
102
RTVSPropertyOp55
 70
     1
102
RTVSPropertyOp56
 70
     1
102
RTVSPropertyOp57
 70
     1
102
RTVSPropertyOp58
 70
     1
102
RTVSPropertyOp59
 70
     1
102
RTVSPropertyOp60
 70
     1
102
RTVSPropertyOp61
 70
     1
102
RTVSPropertyOp62
 70
     1
  0
XRECORD
  5
40A7
102
{ACAD_REACTORS
330
40A6
102
}
330
40A6
100
AcDbXrecord
280
     1
102
RTVSPost2010Prop28
280
     0
102
RTVSPost2010PropOp28
 70
     1
102
RTVSPost2010Prop29
280
     1
102
RTVSPost2010PropOp29
 70
     1
102
RTVSPost2010Prop30
280
     1
102
RTVSPost2010PropOp30
 70
     1
102
RTVSPost2010Prop31
280
     0
102
RTVSPost2010PropOp31
 70
     1
102
RTVSPost2010Prop32
280
     0
102
RTVSPost2010PropOp32
 70
     1
102
RTVSPost2010Prop33
280
     0
102
RTVSPost2010PropOp33
 70
     1
102
RTVSPost2010Prop34
280
     0
102
RTVSPost2010PropOp34
 70
     1
102
RTVSPost2010Prop35
280
     0
102
RTVSPost2010PropOp35
 70
     1
102
RTVSPost2010Prop36
280
     0
102
RTVSPost2010PropOp36
 70
     1
102
RTVSPost2010Prop37
 90
       50
102
RTVSPost2010PropOp37
 70
     1
102
RTVSPost2010Prop38
140
0.0
102
RTVSPost2010PropOp38
 70
     1
102
RTVSPost2010Prop39
140
1.0
102
RTVSPost2010PropOp39
 70
     1
102
RTVSPost2010Prop40
 90
        0
102
RTVSPost2010PropOp40
 70
     1
102
RTVSPost2010Prop41ColorIndex
 90
       18
102
RTVSPost2010Prop41ColorRGB
 90
        0
102
RTVSPost2010PropOp41
 70
     1
102
RTVSPost2010Prop42
 90
       50
102
RTVSPost2010PropOp42
 70
     1
102
RTVSPost2010Prop43
 90
        3
102
RTVSPost2010PropOp43
 70
     1
102
RTVSPost2010Prop44ColorIndex
 90
        5
102
RTVSPost2010Prop44ColorRGB
 90
      255
102
RTVSPost2010PropOp44
 70
     1
102
RTVSPost2010Prop45
280
     0
102
RTVSPost2010PropOp45
 70
     1
102
RTVSPost2010Prop46
 90
       50
102
RTVSPost2010PropOp46
 70
     1
102
RTVSPost2010Prop47
 90
       50
102
RTVSPost2010PropOp47
 70
     1
102
RTVSPost2010Prop48
 90
       50
102
RTVSPost2010PropOp48
 70
     1
102
RTVSPost2010Prop49
280
     0
102
RTVSPost2010PropOp49
 70
     1
102
RTVSPost2010Prop50
 90
       50
102
RTVSPost2010PropOp50
 70
     1
102
RTVSPost2010Prop51ColorIndex
 90
      256
102
RTVSPost2010Prop51ColorRGB
 90
-16777216
102
RTVSPost2010PropOp51
 70
     0
102
RTVSPost2010Prop52
140
1.0
102
RTVSPost2010PropOp52
 70
     0
102
RTVSPost2010Prop53
 90
        2
102
RTVSPost2010PropOp53
 70
     1
102
RTVSPost2010Prop54
  1
strokes_ogs.tif
102
RTVSPost2010PropOp54
 70
     1
102
RTVSPost2010Prop55
280
     0
102
RTVSPost2010PropOp55
 70
     1
102
RTVSPost2010Prop56
140
1.0
102
RTVSPost2010PropOp56
 70
     1
102
RTVSPost2010Prop57
140
1.0
102
RTVSPost2010PropOp57
 70
     1
102
RTVSPropertyOp0
 70
     1
102
RTVSPropertyOp1
 70
     1
102
RTVSPropertyOp2
 70
     1
102
RTVSPropertyOp3
 70
     1
102
RTVSPropertyOp4
 70
     1
102
RTVSPropertyOp5
 70
     1
102
RTVSPropertyOp6
 70
     1
102
RTVSPropertyOp7
 70
     1
102
RTVSPropertyOp8
 70
     1
102
RTVSPropertyOp9
 70
     1
102
RTVSPropertyOp10
 70
     1
102
RTVSPropertyOp11
 70
     1
102
RTVSPropertyOp12
 70
     1
102
RTVSPropertyOp13
 70
     1
102
RTVSPropertyOp14
 70
     1
102
RTVSPropertyOp15
 70
     1
102
RTVSPropertyOp16
 70
     1
102
RTVSPropertyOp17
 70
     1
102
RTVSPropertyOp18
 70
     1
102
RTVSPropertyOp19
 70
     1
102
RTVSPropertyOp20
 70
     1
102
RTVSPropertyOp21
 70
     1
102
RTVSPropertyOp22
 70
     1
102
RTVSPropertyOp23
 70
     1
102
RTVSPropertyOp24
 70
     1
102
RTVSPropertyOp25
 70
     1
102
RTVSPropertyOp26
 70
     1
102
RTVSPropertyOp27
 70
     1
102
RTVSPropertyOp28
 70
     1
102
RTVSPropertyOp29
 70
     1
102
RTVSPropertyOp30
 70
     1
102
RTVSPropertyOp31
 70
     1
102
RTVSPropertyOp32
 70
     1
102
RTVSPropertyOp33
 70
     1
102
RTVSPropertyOp34
 70
     1
102
RTVSPropertyOp35
 70
     1
102
RTVSPropertyOp36
 70
     1
102
RTVSPropertyOp37
 70
     1
102
RTVSPropertyOp38
 70
     1
102
RTVSPropertyOp39
 70
     1
102
RTVSPropertyOp40
 70
     1
102
RTVSPropertyOp41
 70
     1
102
RTVSPropertyOp42
 70
     1
102
RTVSPropertyOp43
 70
     1
102
RTVSPropertyOp44
 70
     1
102
RTVSPropertyOp45
 70
     1
102
RTVSPropertyOp46
 70
     1
102
RTVSPropertyOp47
 70
     1
102
RTVSPropertyOp48
 70
     1
102
RTVSPropertyOp49
 70
     1
102
RTVSPropertyOp50
 70
     1
102
RTVSPropertyOp51
 70
     0
102
RTVSPropertyOp52
 70
     0
102
RTVSPropertyOp53
 70
     1
102
RTVSPropertyOp54
 70
     1
102
RTVSPropertyOp55
 70
     1
102
RTVSPropertyOp56
 70
     1
102
RTVSPropertyOp57
 70
     1
102
RTVSPropertyOp58
 70
     1
102
RTVSPropertyOp59
 70
     1
102
RTVSPropertyOp60
 70
     1
102
RTVSPropertyOp61
 70
     1
102
RTVSPropertyOp62
 70
     1
  0
ENDSEC
  0
EOF
